set,cohort_year,selected_media_objects,earliest_sample_date,latest_sample_date,summed_unique_btiha,summed_cumulative_unique_downloaders,downloaders_per_unique_btiha,summed_cumulative_unique_uploaders,uploaders_per_unique_btiha
aam,2017,12,2017-02-01,2017-12-18,440,13271398,30162.268182,5324004,12100.009091
aam,2018,14,2018-03-12,2019-01-10,1293,33117578,25612.976025,8836020,6833.735499
aam,2019,13,2019-01-14,2020-02-20,1498,63053353,42091.690921,12376690,8262.142857
aam,2020,8,2020-03-16,2021-03-04,1011,56113138,55502.609298,14758914,14598.332344
aam,2021,23,2021-02-03,2022-06-21,3866,294689925,76226.054061,82804539,21418.659855
aam,2022,23,2022-01-12,2023-04-21,4153,196316270,47270.953528,68067583,16389.979051
aam,2023,30,2023-03-09,2024-06-13,6433,441627977,68650.392818,53937729,8384.537385
aam,2024,27,2024-01-04,2025-05-23,6913,737197801,106639.346304,52198348,7550.751917
aam,2025,18,2025-01-02,2026-06-01,5351,694250899,129742.272286,33096715,6185.145767
aam,2026,29,2026-01-08,2026-10-02,8140,850569985,104492.627150,41441638,5091.110319
aam,all,197,2017-02-01,2026-10-02,39098,3380208324,86454.763006,372842180,9536.093406
