set,cohort_year,collection_key,collection_name,membership_evidence,sample_start_date,sample_end_date,sample_year_start,sample_year_end,sample_weeks,unique_btiha,cumulative_unique_downloaders,downloaders_per_unique_btiha,cumulative_unique_uploaders,uploaders_per_unique_btiha,source_repository,source_revision,weekly_source,cumulative_source
aam,2017,expanse-201,The Expanse,confirmed expanded AAPI; qualifying credits >= 2; USA production; citizenship filter disabled,2017-02-01,2017-02-19,2017,2017,3,27,175227,6489.888889,90705,3359.444444,alpha60-devops/alpha60-results-2017,a80b702633a86f58310c34f7aa67a196c381d7c8,data/json/expanse-201-week.json,data/json/expanse-201-cumulative.json
aam,2017,expanse-203,The Expanse,confirmed expanded AAPI; qualifying credits >= 2; USA production; citizenship filter disabled,2017-02-08,2017-02-23,2017,2017,3,25,218303,8732.120000,120460,4818.400000,alpha60-devops/alpha60-results-2017,a80b702633a86f58310c34f7aa67a196c381d7c8,data/json/expanse-203-week.json,data/json/expanse-203-cumulative.json
aam,2017,expanse-204,The Expanse,confirmed expanded AAPI; qualifying credits >= 2; USA production; citizenship filter disabled,2017-02-16,2017-02-19,2017,2017,1,19,134036,7054.526316,84830,4464.736842,alpha60-devops/alpha60-results-2017,a80b702633a86f58310c34f7aa67a196c381d7c8,data/json/expanse-204-week.json,data/json/expanse-204-cumulative.json
aam,2017,expanse-210,The Expanse,confirmed expanded AAPI; qualifying credits >= 2; USA production; citizenship filter disabled,2017-03-29,2017-04-19,2017,2017,4,24,274110,11421.250000,168235,7009.791667,alpha60-devops/alpha60-results-2017,a80b702633a86f58310c34f7aa67a196c381d7c8,data/json/expanse-210-week.json,data/json/expanse-210-cumulative.json
aam,2017,expanse-213,The Expanse,confirmed expanded AAPI; qualifying credits >= 2; USA production; citizenship filter disabled,2017-04-19,2017-05-11,2017,2017,4,30,264718,8823.933333,145782,4859.400000,alpha60-devops/alpha60-results-2017,a80b702633a86f58310c34f7aa67a196c381d7c8,data/json/expanse-213-week.json,data/json/expanse-213-cumulative.json
aam,2017,into-the-badlands-203,Into The Badlands,confirmed expanded AAPI; qualifying credits >= 2; USA production; citizenship filter disabled,2017-04-03,2017-04-23,2017,2017,3,24,254300,10595.833333,163064,6794.333333,alpha60-devops/alpha60-results-2017,a80b702633a86f58310c34f7aa67a196c381d7c8,data/json/into-the-badlands-203-week.json,data/json/into-the-badlands-203-cumulative.json
aam,2017,walking-dead-709,The Walking Dead,confirmed expanded AAPI; qualifying credits >= 2; USA production; citizenship filter disabled,2017-02-12,2017-03-12,2017,2017,5,28,1440531,51447.535714,764807,27314.535714,alpha60-devops/alpha60-results-2017,a80b702633a86f58310c34f7aa67a196c381d7c8,data/json/walking-dead-709-week.json,data/json/walking-dead-709-cumulative.json
aam,2017,walking-dead-710,The Walking Dead,confirmed expanded AAPI; qualifying credits >= 2; USA production; citizenship filter disabled,2017-02-19,2017-03-06,2017,2017,3,31,1168029,37678.354839,647702,20893.612903,alpha60-devops/alpha60-results-2017,a80b702633a86f58310c34f7aa67a196c381d7c8,data/json/walking-dead-710-week.json,data/json/walking-dead-710-cumulative.json
aam,2017,walking-dead-713,The Walking Dead,confirmed expanded AAPI; qualifying credits >= 2; USA production; citizenship filter disabled,2017-03-12,2017-03-26,2017,2017,3,33,983300,29796.969697,520547,15774.151515,alpha60-devops/alpha60-results-2017,a80b702633a86f58310c34f7aa67a196c381d7c8,data/json/walking-dead-713-week.json,data/json/walking-dead-713-cumulative.json
aam,2017,walking-dead-716,The Walking Dead,confirmed expanded AAPI; qualifying credits >= 2; USA production; citizenship filter disabled,2017-04-02,2017-04-23,2017,2017,4,30,1151995,38399.833333,580927,19364.233333,alpha60-devops/alpha60-results-2017,a80b702633a86f58310c34f7aa67a196c381d7c8,data/json/walking-dead-716-week.json,data/json/walking-dead-716-cumulative.json
aam,2017,walking-dead-801,The Walking Dead,confirmed expanded AAPI; qualifying credits >= 2; USA production; citizenship filter disabled,2017-10-23,2017-11-07,2017,2017,3,91,2825102,31045.076923,1075638,11820.197802,alpha60-devops/alpha60-results-2017,a80b702633a86f58310c34f7aa67a196c381d7c8,data/json/walking-dead-801-week.json,data/json/walking-dead-801-cumulative.json
aam,2017,walking-dead-807,The Walking Dead,confirmed expanded AAPI; qualifying credits >= 2; USA production; citizenship filter disabled,2017-12-04,2017-12-18,2017,2017,3,78,4381747,56176.243590,961307,12324.448718,alpha60-devops/alpha60-results-2017,a80b702633a86f58310c34f7aa67a196c381d7c8,data/json/walking-dead-807-week.json,data/json/walking-dead-807-cumulative.json
aam,2018,chilling-adventures-of-sabrina-01,The Chilling Adventures of Sabrina,confirmed expanded AAPI; qualifying credits >= 2; USA production; citizenship filter disabled,2018-10-26,2018-11-01,2018,2018,1,187,840805,4496.283422,363763,1945.256684,alpha60-devops/alpha60-results-2018,21b1d77fd7367f5ef6df7d4088632c0b837063a2,data/json/chilling-adventures-of-sabrina-01-week.json,data/json/chilling-adventures-of-sabrina-01-cumulative.json
aam,2018,expanse-301,The Expanse,confirmed expanded AAPI; qualifying credits >= 2; USA production; citizenship filter disabled,2018-04-12,2018-04-25,2018,2018,2,49,414577,8460.755102,197861,4037.979592,alpha60-devops/alpha60-results-2018,21b1d77fd7367f5ef6df7d4088632c0b837063a2,data/json/expanse-301-week.json,data/json/expanse-301-cumulative.json
aam,2018,expanse-313,The Expanse,confirmed expanded AAPI; qualifying credits >= 2; USA production; citizenship filter disabled,2018-06-28,2018-06-29,2018,2018,1,71,215560,3036.056338,64425,907.394366,alpha60-devops/alpha60-results-2018,21b1d77fd7367f5ef6df7d4088632c0b837063a2,data/json/expanse-313-week.json,data/json/expanse-313-cumulative.json
aam,2018,human-flow,Human Flow,confirmed expanded AAPI; qualifying credits >= 2; USA production; citizenship filter disabled,2018-04-09,2018-04-22,2018,2018,2,27,42926,1589.851852,17809,659.592593,alpha60-devops/alpha60-results-2018,21b1d77fd7367f5ef6df7d4088632c0b837063a2,data/json/human-flow-week.json,data/json/human-flow-cumulative.json
aam,2018,into-the-badlands-308,Into The Badlands,confirmed expanded AAPI; qualifying credits >= 2; USA production; citizenship filter disabled,2018-06-18,2018-06-25,2018,2018,2,53,332708,6277.509434,124354,2346.301887,alpha60-devops/alpha60-results-2018,21b1d77fd7367f5ef6df7d4088632c0b837063a2,data/json/into-the-badlands-308-week.json,data/json/into-the-badlands-308-cumulative.json
aam,2018,maniac-01,Maniac,confirmed expanded AAPI; qualifying credits >= 2; USA production; citizenship filter disabled,2018-09-21,2019-01-10,2018,2019,16,319,13410587,42039.457680,1479048,4636.514107,alpha60-devops/alpha60-results-2018,21b1d77fd7367f5ef6df7d4088632c0b837063a2,data/json/maniac-01-week.json,data/json/maniac-01-cumulative.json
aam,2018,walking-dead-811,The Walking Dead,confirmed expanded AAPI; qualifying credits >= 2; USA production; citizenship filter disabled,2018-03-12,2018-04-01,2018,2018,3,48,1674353,34882.354167,591695,12326.979167,alpha60-devops/alpha60-results-2018,21b1d77fd7367f5ef6df7d4088632c0b837063a2,data/json/walking-dead-811-week.json,data/json/walking-dead-811-cumulative.json
aam,2018,walking-dead-816,The Walking Dead,confirmed expanded AAPI; qualifying credits >= 2; USA production; citizenship filter disabled,2018-04-16,2018-05-01,2018,2018,3,68,1772519,26066.455882,730625,10744.485294,alpha60-devops/alpha60-results-2018,21b1d77fd7367f5ef6df7d4088632c0b837063a2,data/json/walking-dead-816-week.json,data/json/walking-dead-816-cumulative.json
aam,2018,walking-dead-908,The Walking Dead,confirmed expanded AAPI; qualifying credits >= 2; USA production; citizenship filter disabled,2018-11-26,2018-12-30,2018,2018,5,81,3006012,37111.259259,924847,11417.864198,alpha60-devops/alpha60-results-2018,21b1d77fd7367f5ef6df7d4088632c0b837063a2,data/json/walking-dead-908-week.json,data/json/walking-dead-908-cumulative.json
aam,2018,westworld-201,Westworld,confirmed expanded AAPI; qualifying credits >= 2; USA production; citizenship filter disabled,2018-04-23,2018-05-06,2018,2018,2,63,2313436,36721.206349,886145,14065.793651,alpha60-devops/alpha60-results-2018,21b1d77fd7367f5ef6df7d4088632c0b837063a2,data/json/westworld-201-week.json,data/json/westworld-201-cumulative.json
aam,2018,westworld-203,Westworld,confirmed expanded AAPI; qualifying credits >= 2; USA production; citizenship filter disabled,2018-05-07,2018-05-21,2018,2018,3,62,1953734,31511.838710,678984,10951.354839,alpha60-devops/alpha60-results-2018,21b1d77fd7367f5ef6df7d4088632c0b837063a2,data/json/westworld-203-week.json,data/json/westworld-203-cumulative.json
aam,2018,westworld-205,Westworld,confirmed expanded AAPI; qualifying credits >= 2; USA production; citizenship filter disabled,2018-05-21,2018-06-04,2018,2018,3,58,1816200,31313.793103,708263,12211.431034,alpha60-devops/alpha60-results-2018,21b1d77fd7367f5ef6df7d4088632c0b837063a2,data/json/westworld-205-week.json,data/json/westworld-205-cumulative.json
aam,2018,westworld-207,Westworld,confirmed expanded AAPI; qualifying credits >= 2; USA production; citizenship filter disabled,2018-06-04,2018-06-17,2018,2018,2,81,1948018,24049.604938,664226,8200.320988,alpha60-devops/alpha60-results-2018,21b1d77fd7367f5ef6df7d4088632c0b837063a2,data/json/westworld-207-week.json,data/json/westworld-207-cumulative.json
aam,2018,westworld-210,Westworld,confirmed expanded AAPI; qualifying credits >= 2; USA production; citizenship filter disabled,2018-06-25,2018-08-01,2018,2018,6,126,3376143,26794.785714,1403975,11142.658730,alpha60-devops/alpha60-results-2018,21b1d77fd7367f5ef6df7d4088632c0b837063a2,data/json/westworld-210-week.json,data/json/westworld-210-cumulative.json
aam,2019,expanse-04,The Expanse,confirmed expanded AAPI; qualifying credits >= 2; USA production; citizenship filter disabled,2019-12-13,2020-02-20,2019,2020,10,228,13855319,60768.942982,2005149,8794.513158,alpha60-devops/alpha60-results-2019,350a8fa8dd688b8853aff54af46cdc7da2af003b,data/json/expanse-04-week.json,data/json/expanse-04-cumulative.json
aam,2019,killing-eve-201,Killing Eve,confirmed expanded AAPI; qualifying credits >= 2; USA production; citizenship filter disabled,2019-04-08,2019-05-12,2019,2019,5,63,1670616,26517.714286,262414,4165.301587,alpha60-devops/alpha60-results-2019,350a8fa8dd688b8853aff54af46cdc7da2af003b,data/json/killing-eve-201-week.json,data/json/killing-eve-201-cumulative.json
aam,2019,killing-eve-208,Killing Eve,confirmed expanded AAPI; qualifying credits >= 2; USA production; citizenship filter disabled,2019-05-27,2019-07-21,2019,2019,8,85,1560509,18358.929412,593418,6981.388235,alpha60-devops/alpha60-results-2019,350a8fa8dd688b8853aff54af46cdc7da2af003b,data/json/killing-eve-208-week.json,data/json/killing-eve-208-cumulative.json
aam,2019,oa-02,The OA,confirmed expanded AAPI; qualifying credits >= 2; USA production; citizenship filter disabled,2019-03-22,2019-05-19,2019,2019,9,226,9407615,41626.615044,772979,3420.261062,alpha60-devops/alpha60-results-2019,350a8fa8dd688b8853aff54af46cdc7da2af003b,data/json/oa-02-week.json,data/json/oa-02-cumulative.json
aam,2019,she-ra-04,She-Ra Princess of Power,confirmed expanded AAPI; qualifying credits >= 2; USA production; citizenship filter disabled,2019-11-05,2019-12-16,2019,2019,6,23,129084,5612.347826,20007,869.869565,alpha60-devops/alpha60-results-2019,350a8fa8dd688b8853aff54af46cdc7da2af003b,data/json/she-ra-04-week.json,data/json/she-ra-04-cumulative.json
aam,2019,succession-210,Succession,confirmed expanded AAPI; qualifying credits >= 2; USA production; citizenship filter disabled,2019-10-14,2019-11-17,2019,2019,5,55,468871,8524.927273,202071,3674.018182,alpha60-devops/alpha60-results-2019,350a8fa8dd688b8853aff54af46cdc7da2af003b,data/json/succession-210-week.json,data/json/succession-210-cumulative.json
aam,2019,true-detective-301,True Detective,confirmed expanded AAPI; qualifying credits >= 2; USA production; citizenship filter disabled,2019-01-14,2019-02-10,2019,2019,4,107,1996584,18659.663551,980376,9162.392523,alpha60-devops/alpha60-results-2019,350a8fa8dd688b8853aff54af46cdc7da2af003b,data/json/true-detective-301-week.json,data/json/true-detective-301-cumulative.json
aam,2019,true-detective-308,True Detective,confirmed expanded AAPI; qualifying credits >= 2; USA production; citizenship filter disabled,2019-02-25,2019-04-14,2019,2019,7,107,9569267,89432.401869,1700689,15894.289720,alpha60-devops/alpha60-results-2019,350a8fa8dd688b8853aff54af46cdc7da2af003b,data/json/true-detective-308-week.json,data/json/true-detective-308-cumulative.json
aam,2019,umbrella-academy-01,The Umbrella Academy,confirmed expanded AAPI; qualifying credits >= 2; USA production; citizenship filter disabled,2019-02-15,2019-04-11,2019,2019,8,225,4882803,21701.346667,2421806,10763.582222,alpha60-devops/alpha60-results-2019,350a8fa8dd688b8853aff54af46cdc7da2af003b,data/json/umbrella-academy-01-week.json,data/json/umbrella-academy-01-cumulative.json
aam,2019,walking-dead-1008,The Walking Dead,confirmed expanded AAPI; qualifying credits >= 2; USA production; citizenship filter disabled,2019-11-25,2020-01-12,2019,2020,7,76,2438021,32079.223684,845108,11119.842105,alpha60-devops/alpha60-results-2019,350a8fa8dd688b8853aff54af46cdc7da2af003b,data/json/walking-dead-1008-week.json,data/json/walking-dead-1008-cumulative.json
aam,2019,walking-dead-916,The Walking Dead,confirmed expanded AAPI; qualifying credits >= 2; USA production; citizenship filter disabled,2019-04-01,2019-05-19,2019,2019,7,115,9581526,83317.617391,1616060,14052.695652,alpha60-devops/alpha60-results-2019,350a8fa8dd688b8853aff54af46cdc7da2af003b,data/json/walking-dead-916-week.json,data/json/walking-dead-916-cumulative.json
aam,2019,wu-assassins-01,Wu Assassins,confirmed expanded AAPI; qualifying credits >= 2; USA production; citizenship filter disabled,2019-08-08,2019-10-16,2019,2019,10,152,7356988,48401.236842,908046,5973.986842,alpha60-devops/alpha60-results-2019,350a8fa8dd688b8853aff54af46cdc7da2af003b,data/json/wu-assassins-01-week.json,data/json/wu-assassins-01-cumulative.json
aam,2019,yellowstone-210,Yellowstone,confirmed expanded AAPI; qualifying credits >= 2; USA production; citizenship filter disabled,2019-08-29,2019-08-31,2019,2019,1,36,136150,3781.944444,48567,1349.083333,alpha60-devops/alpha60-results-2019,350a8fa8dd688b8853aff54af46cdc7da2af003b,data/json/yellowstone-210-week.json,data/json/yellowstone-210-cumulative.json
aam,2020,devs-108,Devs,confirmed expanded AAPI; qualifying credits >= 2; USA production; citizenship filter disabled,2020-04-16,2020-06-24,2020,2020,10,45,1727966,38399.244444,377336,8385.244444,alpha60-devops/alpha60-results-2020,8045ba9fc6f91e4af4ca0b3cee43a183656e116a,data/json/devs-108-week.json,data/json/devs-108-cumulative.json
aam,2020,expanse-501,The Expanse,confirmed expanded AAPI; qualifying credits >= 2; USA production; citizenship filter disabled,2020-12-16,2021-02-14,2020,2021,9,187,3002579,16056.572193,1221491,6532.037433,alpha60-devops/alpha60-results-2020,8045ba9fc6f91e4af4ca0b3cee43a183656e116a,data/json/expanse-501-week.json,data/json/expanse-501-cumulative.json
aam,2020,japan-sinks,Japan Sinks,confirmed expanded AAPI; qualifying credits >= 2; USA production; citizenship filter disabled,2020-07-09,2020-09-23,2020,2020,11,138,911142,6602.478261,180638,1308.971014,alpha60-devops/alpha60-results-2020,8045ba9fc6f91e4af4ca0b3cee43a183656e116a,data/json/japan-sinks-week.json,data/json/japan-sinks-cumulative.json
aam,2020,lego-star-wars-holiday-special-2020,Lego Star Wars Holiday Special 2020,confirmed expanded AAPI; qualifying credits >= 2; USA production; citizenship filter disabled,2020-11-17,2020-12-28,2020,2020,6,37,1577927,42646.675676,219646,5936.378378,alpha60-devops/alpha60-results-2020,8045ba9fc6f91e4af4ca0b3cee43a183656e116a,data/json/lego-star-wars-holiday-special-2020-week.json,data/json/lego-star-wars-holiday-special-2020-cumulative.json
aam,2020,mulan,Mulan 2020,confirmed expanded AAPI; qualifying credits >= 2; USA production; citizenship filter disabled,2020-09-04,2021-03-04,2020,2021,26,223,32167636,144249.488789,8273601,37101.349776,alpha60-devops/alpha60-results-2020,8045ba9fc6f91e4af4ca0b3cee43a183656e116a,data/json/mulan-week.json,data/json/mulan-cumulative.json
aam,2020,umbrella-academy-02,The Umbrella Academy,confirmed expanded AAPI; qualifying credits >= 2; USA production; citizenship filter disabled,2020-07-31,2020-10-08,2020,2020,10,186,4669867,25106.811828,1091320,5867.311828,alpha60-devops/alpha60-results-2020,8045ba9fc6f91e4af4ca0b3cee43a183656e116a,data/json/umbrella-academy-02-week.json,data/json/umbrella-academy-02-cumulative.json
aam,2020,westworld-301,Westworld,confirmed expanded AAPI; qualifying credits >= 2; USA production; citizenship filter disabled,2020-03-16,2020-05-10,2020,2020,8,73,6013159,82372.041096,1613591,22103.986301,alpha60-devops/alpha60-results-2020,8045ba9fc6f91e4af4ca0b3cee43a183656e116a,data/json/westworld-301-week.json,data/json/westworld-301-cumulative.json
aam,2020,westworld-308,Westworld,confirmed expanded AAPI; qualifying credits >= 2; USA production; citizenship filter disabled,2020-05-04,2020-07-12,2020,2020,10,122,6042862,49531.655738,1781291,14600.745902,alpha60-devops/alpha60-results-2020,8045ba9fc6f91e4af4ca0b3cee43a183656e116a,data/json/westworld-308-week.json,data/json/westworld-308-cumulative.json
aam,2021,army-of-the-dead,Army of the Dead,confirmed expanded AAPI; qualifying credits >= 2; USA production; citizenship filter disabled,2021-05-21,2021-09-02,2021,2021,15,150,12574250,83828.333333,2422809,16152.060000,alpha60-devops/alpha60-results-2021,95af5fee975b04b25bad7f03aa5e1d571a939437,data/json/army-of-the-dead-week.json,data/json/army-of-the-dead-cumulative.json
aam,2021,blade-runner-black-lotus-101,Blade Runner Black Lotus,confirmed expanded AAPI; qualifying credits >= 2; USA production; citizenship filter disabled,2021-11-14,2022-01-22,2021,2022,10,84,1158416,13790.666667,198430,2362.261905,alpha60-devops/alpha60-results-2021,95af5fee975b04b25bad7f03aa5e1d571a939437,data/json/blade-runner-black-lotus-101-week.json,data/json/blade-runner-black-lotus-101-cumulative.json
aam,2021,dune-2021,Dune 2021: Part One,confirmed expanded AAPI; qualifying credits >= 2; USA production; citizenship filter disabled,2021-10-18,2022-04-17,2021,2022,26,320,37014799,115671.246875,13493438,42166.993750,alpha60-devops/alpha60-results-2021,95af5fee975b04b25bad7f03aa5e1d571a939437,data/json/dune-2021-week.json,data/json/dune-2021-cumulative.json
aam,2021,expanse-510,The Expanse,confirmed expanded AAPI; qualifying credits >= 2; USA production; citizenship filter disabled,2021-02-03,2021-04-13,2021,2021,10,89,4341884,48785.213483,489039,5494.820225,alpha60-devops/alpha60-results-2021,95af5fee975b04b25bad7f03aa5e1d571a939437,data/json/expanse-510-week.json,data/json/expanse-510-cumulative.json
aam,2021,expanse-601,The Expanse,confirmed expanded AAPI; qualifying credits >= 2; USA production; citizenship filter disabled,2021-12-10,2022-02-24,2021,2022,11,126,2641223,20962.087302,705950,5602.777778,alpha60-devops/alpha60-results-2021,95af5fee975b04b25bad7f03aa5e1d571a939437,data/json/expanse-601-week.json,data/json/expanse-601-cumulative.json
aam,2021,for-all-mankind-201,For All Mankind,confirmed expanded AAPI; qualifying credits >= 2; USA production; citizenship filter disabled,2021-02-19,2021-04-29,2021,2021,10,64,1628488,25445.125000,170870,2669.843750,alpha60-devops/alpha60-results-2021,95af5fee975b04b25bad7f03aa5e1d571a939437,data/json/for-all-mankind-201-week.json,data/json/for-all-mankind-201-cumulative.json
aam,2021,for-all-mankind-210,For All Mankind,confirmed expanded AAPI; qualifying credits >= 2; USA production; citizenship filter disabled,2021-04-23,2021-07-08,2021,2021,11,81,2858585,35291.172840,209848,2590.716049,alpha60-devops/alpha60-results-2021,95af5fee975b04b25bad7f03aa5e1d571a939437,data/json/for-all-mankind-210-week.json,data/json/for-all-mankind-210-cumulative.json
aam,2021,invincible-101,Invincible,confirmed expanded AAPI; qualifying credits >= 2; USA production; citizenship filter disabled,2021-03-26,2021-06-03,2021,2021,10,97,3626709,37388.752577,710231,7321.969072,alpha60-devops/alpha60-results-2021,95af5fee975b04b25bad7f03aa5e1d571a939437,data/json/invincible-101-week.json,data/json/invincible-101-cumulative.json
aam,2021,kung-fu-101,Kung Fu 2021,confirmed expanded AAPI; qualifying credits >= 2; USA production; citizenship filter disabled,2021-04-08,2021-06-23,2021,2021,11,58,3362945,57981.810345,232960,4016.551724,alpha60-devops/alpha60-results-2021,95af5fee975b04b25bad7f03aa5e1d571a939437,data/json/kung-fu-101-week.json,data/json/kung-fu-101-cumulative.json
aam,2021,kung-fu-113,Kung Fu 2021,confirmed expanded AAPI; qualifying credits >= 2; USA production; citizenship filter disabled,2021-07-22,2021-09-29,2021,2021,10,61,2655019,43524.901639,103067,1689.622951,alpha60-devops/alpha60-results-2021,95af5fee975b04b25bad7f03aa5e1d571a939437,data/json/kung-fu-113-week.json,data/json/kung-fu-113-cumulative.json
aam,2021,loki-101,Loki,confirmed expanded AAPI; qualifying credits >= 2; USA production; citizenship filter disabled,2021-06-09,2021-08-17,2021,2021,10,217,18764868,86474.046083,3618306,16674.221198,alpha60-devops/alpha60-results-2021,95af5fee975b04b25bad7f03aa5e1d571a939437,data/json/loki-101-week.json,data/json/loki-101-cumulative.json
aam,2021,loki-106,Loki,confirmed expanded AAPI; qualifying credits >= 2; USA production; citizenship filter disabled,2021-07-14,2021-11-09,2021,2021,17,265,21073464,79522.505660,3935746,14851.871698,alpha60-devops/alpha60-results-2021,95af5fee975b04b25bad7f03aa5e1d571a939437,data/json/loki-106-week.json,data/json/loki-106-cumulative.json
aam,2021,matrix-resurrections,The Matrix Resurrections (2021),confirmed expanded AAPI; qualifying credits >= 2; USA production; citizenship filter disabled,2021-12-22,2022-06-21,2021,2022,26,430,39978567,92973.411628,13720515,31908.174419,alpha60-devops/alpha60-results-2021,95af5fee975b04b25bad7f03aa5e1d571a939437,data/json/matrix-resurrections-week.json,data/json/matrix-resurrections-cumulative.json
aam,2021,no-time-to-die,No Time To Die,confirmed expanded AAPI; qualifying credits >= 2; USA production; citizenship filter disabled,2021-11-09,2022-02-28,2021,2022,16,265,27075288,102170.898113,9330963,35211.181132,alpha60-devops/alpha60-results-2021,95af5fee975b04b25bad7f03aa5e1d571a939437,data/json/no-time-to-die-week.json,data/json/no-time-to-die-cumulative.json
aam,2021,prisoners-of-the-ghostland,Prisoners of the Ghostland,confirmed expanded AAPI; qualifying credits >= 2; USA production; citizenship filter disabled,2021-09-15,2021-11-23,2021,2021,10,127,3507154,27615.385827,1036788,8163.685039,alpha60-devops/alpha60-results-2021,95af5fee975b04b25bad7f03aa5e1d571a939437,data/json/prisoners-of-the-ghostland-week.json,data/json/prisoners-of-the-ghostland-cumulative.json
aam,2021,raya-and-the-last-dragon,Raya & The Last Dragon,confirmed expanded AAPI; qualifying credits >= 2; USA production; citizenship filter disabled,2021-03-05,2021-09-02,2021,2021,26,175,33080233,189029.902857,9458488,54048.502857,alpha60-devops/alpha60-results-2021,95af5fee975b04b25bad7f03aa5e1d571a939437,data/json/raya-and-the-last-dragon-week.json,data/json/raya-and-the-last-dragon-cumulative.json
aam,2021,reservation-dogs-101,Reservation Dogs,confirmed expanded AAPI; qualifying credits >= 2; USA production; citizenship filter disabled,2021-08-09,2021-10-17,2021,2021,10,75,2816791,37557.213333,263490,3513.200000,alpha60-devops/alpha60-results-2021,95af5fee975b04b25bad7f03aa5e1d571a939437,data/json/reservation-dogs-101-week.json,data/json/reservation-dogs-101-cumulative.json
aam,2021,shadow-and-bone-01,Shadow & Bone,confirmed expanded AAPI; qualifying credits >= 2; USA production; citizenship filter disabled,2021-04-23,2021-08-05,2021,2021,15,193,12593017,65248.792746,2222434,11515.202073,alpha60-devops/alpha60-results-2021,95af5fee975b04b25bad7f03aa5e1d571a939437,data/json/shadow-and-bone-01-week.json,data/json/shadow-and-bone-01-cumulative.json
aam,2021,shang-chi-and-the-legend-of-the-ten-rings,Shang Chi and the Legend of the Ten Rings,confirmed expanded AAPI; qualifying credits >= 2; USA production; citizenship filter disabled,2021-11-10,2022-05-11,2021,2022,27,355,39205604,110438.321127,14054755,39590.859155,alpha60-devops/alpha60-results-2021,95af5fee975b04b25bad7f03aa5e1d571a939437,data/json/shang-chi-and-the-legend-of-the-ten-rings-week.json,data/json/shang-chi-and-the-legend-of-the-ten-rings-cumulative.json
aam,2021,snowpiercer-209,Snowpiercer,confirmed expanded AAPI; qualifying credits >= 2; USA production; citizenship filter disabled,2021-03-30,2021-06-07,2021,2021,10,154,4339904,28181.194805,386085,2507.045455,alpha60-devops/alpha60-results-2021,95af5fee975b04b25bad7f03aa5e1d571a939437,data/json/snowpiercer-209-week.json,data/json/snowpiercer-209-cumulative.json
aam,2021,succession-301,Succession,confirmed expanded AAPI; qualifying credits >= 2; USA production; citizenship filter disabled,2021-10-18,2021-12-26,2021,2021,10,60,1503480,25058.000000,407917,6798.616667,alpha60-devops/alpha60-results-2021,95af5fee975b04b25bad7f03aa5e1d571a939437,data/json/succession-301-week.json,data/json/succession-301-cumulative.json
aam,2021,trese-01,Trese,confirmed expanded AAPI; qualifying credits >= 2; USA production; citizenship filter disabled,2021-06-11,2021-08-19,2021,2021,10,122,4405810,36113.196721,217550,1783.196721,alpha60-devops/alpha60-results-2021,95af5fee975b04b25bad7f03aa5e1d571a939437,data/json/trese-01-week.json,data/json/trese-01-cumulative.json
aam,2021,witcher-02,Witcher,confirmed expanded AAPI; qualifying credits >= 2; USA production; citizenship filter disabled,2021-12-16,2022-04-06,2021,2022,16,298,14483427,48602.104027,5414860,18170.671141,alpha60-devops/alpha60-results-2021,95af5fee975b04b25bad7f03aa5e1d571a939437,data/json/witcher-02-week.json,data/json/witcher-02-cumulative.json
aam,2022,book-of-boba-fett-107,The Book of Boba Fett,confirmed expanded AAPI; qualifying credits >= 2; USA production; citizenship filter disabled,2022-02-09,2022-04-26,2022,2022,11,242,7161242,29591.909091,2618109,10818.632231,alpha60-devops/alpha60-results-2022,56d118e937e9845c9fdf079af416f1436ff677ad,data/json/book-of-boba-fett-107-week.json,data/json/book-of-boba-fett-107-cumulative.json
aam,2022,bridgerton-02,Bridgerton,confirmed expanded AAPI; qualifying credits >= 2; USA production; citizenship filter disabled,2022-03-25,2022-07-07,2022,2022,15,243,4779679,19669.460905,1273524,5240.839506,alpha60-devops/alpha60-results-2022,56d118e937e9845c9fdf079af416f1436ff677ad,data/json/bridgerton-02-week.json,data/json/bridgerton-02-cumulative.json
aam,2022,eternals,The Eternals,confirmed expanded AAPI; qualifying credits >= 2; USA production; citizenship filter disabled,2022-01-12,2022-04-26,2022,2022,15,411,28239006,68708.043796,10309620,25084.233577,alpha60-devops/alpha60-results-2022,56d118e937e9845c9fdf079af416f1436ff677ad,data/json/eternals-week.json,data/json/eternals-cumulative.json
aam,2022,everything-everywhere-all-at-once,Everything Everywhere All At Once,confirmed expanded AAPI; qualifying credits >= 2; USA production; citizenship filter disabled,2022-05-19,2022-08-31,2022,2022,15,212,13226698,62390.084906,4850127,22877.957547,alpha60-devops/alpha60-results-2022,56d118e937e9845c9fdf079af416f1436ff677ad,data/json/everything-everywhere-all-at-once-week.json,data/json/everything-everywhere-all-at-once-cumulative.json
aam,2022,expanse-606,The Expanse,confirmed expanded AAPI; qualifying credits >= 2; USA production; citizenship filter disabled,2022-01-14,2022-03-24,2022,2022,10,114,2020634,17724.859649,572703,5023.710526,alpha60-devops/alpha60-results-2022,56d118e937e9845c9fdf079af416f1436ff677ad,data/json/expanse-606-week.json,data/json/expanse-606-cumulative.json
aam,2022,fistful-of-vengeance,Fistful of Vengeance,confirmed expanded AAPI; qualifying credits >= 2; USA production; citizenship filter disabled,2022-02-17,2022-04-27,2022,2022,10,109,3940368,36150.165138,1268791,11640.284404,alpha60-devops/alpha60-results-2022,56d118e937e9845c9fdf079af416f1436ff677ad,data/json/fistful-of-vengeance-week.json,data/json/fistful-of-vengeance-cumulative.json
aam,2022,for-all-mankind-301,For All Mankind,confirmed expanded AAPI; qualifying credits >= 2; USA production; citizenship filter disabled,2022-06-10,2022-08-18,2022,2022,10,67,1015549,15157.447761,237805,3549.328358,alpha60-devops/alpha60-results-2022,56d118e937e9845c9fdf079af416f1436ff677ad,data/json/for-all-mankind-301-week.json,data/json/for-all-mankind-301-cumulative.json
aam,2022,glass-onion,Knives Out: Glass Onion,confirmed expanded AAPI; qualifying credits >= 2; USA production; citizenship filter disabled,2022-12-23,2023-03-23,2022,2023,13,220,9611276,43687.618182,3356709,15257.768182,alpha60-devops/alpha60-results-2022,56d118e937e9845c9fdf079af416f1436ff677ad,data/json/glass-onion-week.json,data/json/glass-onion-cumulative.json
aam,2022,gray-man,The Gray Man,confirmed expanded AAPI; qualifying credits >= 2; USA production; citizenship filter disabled,2022-07-22,2022-11-03,2022,2022,15,223,10930875,49017.376682,3870011,17354.309417,alpha60-devops/alpha60-results-2022,56d118e937e9845c9fdf079af416f1436ff677ad,data/json/gray-man-week.json,data/json/gray-man-cumulative.json
aam,2022,house-of-the-dragon-101,House of the Dragon,confirmed expanded AAPI; qualifying credits >= 2; USA production; citizenship filter disabled,2022-08-21,2023-02-25,2022,2023,27,252,18427506,73125.023810,6521852,25880.365079,alpha60-devops/alpha60-results-2022,56d118e937e9845c9fdf079af416f1436ff677ad,data/json/house-of-the-dragon-101-week.json,data/json/house-of-the-dragon-101-cumulative.json
aam,2022,house-of-the-dragon-103,House of the Dragon,confirmed expanded AAPI; qualifying credits >= 2; USA production; citizenship filter disabled,2022-09-05,2022-12-25,2022,2022,16,222,12640928,56941.117117,4537297,20438.274775,alpha60-devops/alpha60-results-2022,56d118e937e9845c9fdf079af416f1436ff677ad,data/json/house-of-the-dragon-103-week.json,data/json/house-of-the-dragon-103-cumulative.json
aam,2022,house-of-the-dragon-110,House of the Dragon,confirmed expanded AAPI; qualifying credits >= 2; USA production; citizenship filter disabled,2022-10-22,2023-04-21,2022,2023,26,218,14316316,65671.174312,4703301,21574.775229,alpha60-devops/alpha60-results-2022,56d118e937e9845c9fdf079af416f1436ff677ad,data/json/house-of-the-dragon-110-week.json,data/json/house-of-the-dragon-110-cumulative.json
aam,2022,old-man-107,The Old Man,confirmed expanded AAPI; qualifying credits >= 2; USA production; citizenship filter disabled,2022-07-23,2022-09-30,2022,2022,10,123,2133498,17345.512195,577678,4696.569106,alpha60-devops/alpha60-results-2022,56d118e937e9845c9fdf079af416f1436ff677ad,data/json/old-man-107-week.json,data/json/old-man-107-cumulative.json
aam,2022,pantheon-108,Pantheon,confirmed expanded AAPI; qualifying credits >= 2; USA production; citizenship filter disabled,2022-10-13,2022-12-20,2022,2022,10,56,573180,10235.357143,66051,1179.482143,alpha60-devops/alpha60-results-2022,56d118e937e9845c9fdf079af416f1436ff677ad,data/json/pantheon-108-week.json,data/json/pantheon-108-cumulative.json
aam,2022,reservation-dogs-201,Reservation Dogs,confirmed expanded AAPI; qualifying credits >= 2; USA production; citizenship filter disabled,2022-08-03,2022-10-11,2022,2022,10,86,994921,11568.848837,136803,1590.732558,alpha60-devops/alpha60-results-2022,56d118e937e9845c9fdf079af416f1436ff677ad,data/json/reservation-dogs-201-week.json,data/json/reservation-dogs-201-cumulative.json
aam,2022,spider-man-no-way-home,Spider Man No Way Home,confirmed expanded AAPI; qualifying credits >= 2; USA production; citizenship filter disabled,2022-03-11,2022-09-08,2022,2022,26,484,40321275,83308.419421,14239456,29420.363636,alpha60-devops/alpha60-results-2022,56d118e937e9845c9fdf079af416f1436ff677ad,data/json/spider-man-no-way-home-week.json,data/json/spider-man-no-way-home-cumulative.json
aam,2022,station-eleven-110,Station Eleven,confirmed expanded AAPI; qualifying credits >= 2; USA production; citizenship filter disabled,2022-01-13,2022-01-16,2022,2022,1,42,64901,1545.261905,20601,490.500000,alpha60-devops/alpha60-results-2022,56d118e937e9845c9fdf079af416f1436ff677ad,data/json/station-eleven-110-week.json,data/json/station-eleven-110-cumulative.json
aam,2022,tokyo-vice-01,Tokyo Vice,confirmed expanded AAPI; qualifying credits >= 2; USA production; citizenship filter disabled,2022-04-07,2022-07-20,2022,2022,15,226,4056583,17949.482301,1108367,4904.278761,alpha60-devops/alpha60-results-2022,56d118e937e9845c9fdf079af416f1436ff677ad,data/json/tokyo-vice-01-week.json,data/json/tokyo-vice-01-cumulative.json
aam,2022,turning-red,Turning Red,confirmed expanded AAPI; qualifying credits >= 2; USA production; citizenship filter disabled,2022-03-11,2022-06-23,2022,2022,15,162,13279797,81974.055556,5318333,32829.216049,alpha60-devops/alpha60-results-2022,56d118e937e9845c9fdf079af416f1436ff677ad,data/json/turning-red-week.json,data/json/turning-red-cumulative.json
aam,2022,walking-dead-1124,The Walking Dead,confirmed expanded AAPI; qualifying credits >= 2; USA production; citizenship filter disabled,2022-11-21,2023-01-29,2022,2023,10,140,3041057,21721.835714,875859,6256.135714,alpha60-devops/alpha60-results-2022,56d118e937e9845c9fdf079af416f1436ff677ad,data/json/walking-dead-1124-week.json,data/json/walking-dead-1124-cumulative.json
aam,2022,westworld-401,Westworld,confirmed expanded AAPI; qualifying credits >= 2; USA production; citizenship filter disabled,2022-06-27,2022-09-04,2022,2022,10,102,2360747,23144.578431,637509,6250.088235,alpha60-devops/alpha60-results-2022,56d118e937e9845c9fdf079af416f1436ff677ad,data/json/westworld-401-week.json,data/json/westworld-401-cumulative.json
aam,2022,westworld-408,Westworld,confirmed expanded AAPI; qualifying credits >= 2; USA production; citizenship filter disabled,2022-08-15,2022-10-23,2022,2022,10,154,2947533,19139.824675,889616,5776.727273,alpha60-devops/alpha60-results-2022,56d118e937e9845c9fdf079af416f1436ff677ad,data/json/westworld-408-week.json,data/json/westworld-408-cumulative.json
aam,2022,yellowstone-505,Yellowstone,confirmed expanded AAPI; qualifying credits >= 2; USA production; citizenship filter disabled,2022-12-05,2022-12-08,2022,2022,1,45,232701,5171.133333,77461,1721.355556,alpha60-devops/alpha60-results-2022,56d118e937e9845c9fdf079af416f1436ff677ad,data/json/yellowstone-505-week.json,data/json/yellowstone-505-cumulative.json
aam,2023,ahsoka-101,Ahsoka,confirmed expanded AAPI; qualifying credits >= 2; USA production; citizenship filter disabled,2023-08-23,2024-02-20,2023,2024,26,312,24346849,78034.772436,2989274,9581.006410,alpha60-devops/alpha60-results-2023,188eac9b11645cc48caa174c7785c554bf972402,data/json/ahsoka-101-week.json,data/json/ahsoka-101-cumulative.json
aam,2023,ahsoka-108,Ahsoka,confirmed expanded AAPI; qualifying credits >= 2; USA production; citizenship filter disabled,2023-10-04,2024-04-02,2023,2024,26,252,26053245,103385.892857,1875191,7441.234127,alpha60-devops/alpha60-results-2023,188eac9b11645cc48caa174c7785c554bf972402,data/json/ahsoka-108-week.json,data/json/ahsoka-108-cumulative.json
aam,2023,american-born-chinese-01,American Born Chinese,confirmed expanded AAPI; qualifying credits >= 2; USA production; citizenship filter disabled,2023-05-24,2023-09-05,2023,2023,15,194,2603253,13418.829897,385009,1984.582474,alpha60-devops/alpha60-results-2023,188eac9b11645cc48caa174c7785c554bf972402,data/json/american-born-chinese-01-week.json,data/json/american-born-chinese-01-cumulative.json
aam,2023,and-just-like-that-201,And Just Like That...,confirmed expanded AAPI; qualifying credits >= 2; USA production; citizenship filter disabled,2023-06-22,2023-10-11,2023,2023,16,142,2807970,19774.436620,365713,2575.443662,alpha60-devops/alpha60-results-2023,188eac9b11645cc48caa174c7785c554bf972402,data/json/and-just-like-that-201-week.json,data/json/and-just-like-that-201-cumulative.json
aam,2023,and-just-like-that-211,And Just Like That...,confirmed expanded AAPI; qualifying credits >= 2; USA production; citizenship filter disabled,2023-08-24,2023-11-01,2023,2023,10,85,1580071,18589.070588,191075,2247.941176,alpha60-devops/alpha60-results-2023,188eac9b11645cc48caa174c7785c554bf972402,data/json/and-just-like-that-211-week.json,data/json/and-just-like-that-211-cumulative.json
aam,2023,beacon-23-101,Beacon 23,confirmed expanded AAPI; qualifying credits >= 2; USA production; citizenship filter disabled,2023-11-12,2024-02-24,2023,2024,15,146,7405170,50720.342466,468748,3210.602740,alpha60-devops/alpha60-results-2023,188eac9b11645cc48caa174c7785c554bf972402,data/json/beacon-23-101-week.json,data/json/beacon-23-101-cumulative.json
aam,2023,beacon-23-108,Beacon 23,confirmed expanded AAPI; qualifying credits >= 2; USA production; citizenship filter disabled,2023-12-17,2024-03-30,2023,2024,15,139,8270243,59498.151079,259565,1867.374101,alpha60-devops/alpha60-results-2023,188eac9b11645cc48caa174c7785c554bf972402,data/json/beacon-23-108-week.json,data/json/beacon-23-108-cumulative.json
aam,2023,blue-eye-samurai-01,Blue Eye Samurai,confirmed expanded AAPI; qualifying credits >= 2; USA production; citizenship filter disabled,2023-11-04,2024-01-12,2023,2024,10,132,4800356,36366.333333,793179,6008.931818,alpha60-devops/alpha60-results-2023,188eac9b11645cc48caa174c7785c554bf972402,data/json/blue-eye-samurai-01-week.json,data/json/blue-eye-samurai-01-cumulative.json
aam,2023,citadel-101,Citadel,confirmed expanded AAPI; qualifying credits >= 2; USA production; citizenship filter disabled,2023-04-28,2023-06-22,2023,2023,8,211,3574992,16943.090047,937351,4442.421801,alpha60-devops/alpha60-results-2023,188eac9b11645cc48caa174c7785c554bf972402,data/json/citadel-101-week.json,data/json/citadel-101-cumulative.json
aam,2023,citadel-106,Citadel,confirmed expanded AAPI; qualifying credits >= 2; USA production; citizenship filter disabled,2023-05-26,2023-08-11,2023,2023,12,225,3366004,14960.017778,577859,2568.262222,alpha60-devops/alpha60-results-2023,188eac9b11645cc48caa174c7785c554bf972402,data/json/citadel-106-week.json,data/json/citadel-106-cumulative.json
aam,2023,fargo-501,Fargo,confirmed expanded AAPI; qualifying credits >= 2; USA production; citizenship filter disabled,2023-11-22,2024-03-05,2023,2024,15,174,11076786,63659.689655,1055488,6066.022989,alpha60-devops/alpha60-results-2023,188eac9b11645cc48caa174c7785c554bf972402,data/json/fargo-501-week.json,data/json/fargo-501-cumulative.json
aam,2023,for-all-mankind-401,For All Mankind,confirmed expanded AAPI; qualifying credits >= 2; USA production; citizenship filter disabled,2023-11-10,2024-05-09,2023,2024,26,164,15487931,94438.603659,648058,3951.573171,alpha60-devops/alpha60-results-2023,188eac9b11645cc48caa174c7785c554bf972402,data/json/for-all-mankind-401-week.json,data/json/for-all-mankind-401-cumulative.json
aam,2023,gen-v-101,Gen V,confirmed expanded AAPI; qualifying credits >= 2; USA production; citizenship filter disabled,2023-09-29,2024-03-28,2023,2024,26,282,27868031,98822.804965,2800003,9929.088652,alpha60-devops/alpha60-results-2023,188eac9b11645cc48caa174c7785c554bf972402,data/json/gen-v-101-week.json,data/json/gen-v-101-cumulative.json
aam,2023,gen-v-108,Gen V,confirmed expanded AAPI; qualifying credits >= 2; USA production; citizenship filter disabled,2023-11-03,2024-05-02,2023,2024,26,192,22728090,118375.468750,1639267,8537.848958,alpha60-devops/alpha60-results-2023,188eac9b11645cc48caa174c7785c554bf972402,data/json/gen-v-108-week.json,data/json/gen-v-108-cumulative.json
aam,2023,guardians-of-the-galaxy-3,Guardians of the Galaxy Vol. 3,confirmed expanded AAPI; qualifying credits >= 2; USA production; citizenship filter disabled,2023-07-07,2024-01-04,2023,2024,26,580,47885149,82560.601724,11409965,19672.353448,alpha60-devops/alpha60-results-2023,188eac9b11645cc48caa174c7785c554bf972402,data/json/guardians-of-the-galaxy-3-week.json,data/json/guardians-of-the-galaxy-3-cumulative.json
aam,2023,invincible-201,Invincible,confirmed expanded AAPI; qualifying credits >= 2; USA production; citizenship filter disabled,2023-11-04,2024-01-12,2023,2024,10,102,5725638,56133.705882,1135003,11127.480392,alpha60-devops/alpha60-results-2023,188eac9b11645cc48caa174c7785c554bf972402,data/json/invincible-201-week.json,data/json/invincible-201-cumulative.json
aam,2023,loki-201,Loki,confirmed expanded AAPI; qualifying credits >= 2; USA production; citizenship filter disabled,2023-10-06,2024-04-04,2023,2024,26,234,25447610,108750.470085,2296670,9814.829060,alpha60-devops/alpha60-results-2023,188eac9b11645cc48caa174c7785c554bf972402,data/json/loki-201-week.json,data/json/loki-201-cumulative.json
aam,2023,loki-206,Loki,confirmed expanded AAPI; qualifying credits >= 2; USA production; citizenship filter disabled,2023-11-10,2024-05-09,2023,2024,26,241,28164089,116863.439834,2265486,9400.356846,alpha60-devops/alpha60-results-2023,188eac9b11645cc48caa174c7785c554bf972402,data/json/loki-206-week.json,data/json/loki-206-cumulative.json
aam,2023,monarch-legacy-of-monsters-101,Monarch: Legacy of Monsters,confirmed expanded AAPI; qualifying credits >= 2; USA production; citizenship filter disabled,2023-11-17,2024-05-17,2023,2024,27,215,24273351,112899.306977,2248722,10459.172093,alpha60-devops/alpha60-results-2023,188eac9b11645cc48caa174c7785c554bf972402,data/json/monarch-legacy-of-monsters-101-week.json,data/json/monarch-legacy-of-monsters-101-cumulative.json
aam,2023,murder-at-the-end-of-the-world-101,A Murder at the End of the World,confirmed expanded AAPI; qualifying credits >= 2; USA production; citizenship filter disabled,2023-11-14,2024-03-04,2023,2024,16,97,6864486,70767.896907,637313,6570.237113,alpha60-devops/alpha60-results-2023,188eac9b11645cc48caa174c7785c554bf972402,data/json/murder-at-the-end-of-the-world-101-week.json,data/json/murder-at-the-end-of-the-world-101-cumulative.json
aam,2023,murder-at-the-end-of-the-world-107,A Murder at the End of the World,confirmed expanded AAPI; qualifying credits >= 2; USA production; citizenship filter disabled,2023-12-19,2024-04-08,2023,2024,16,99,6067921,61292.131313,241644,2440.848485,alpha60-devops/alpha60-results-2023,188eac9b11645cc48caa174c7785c554bf972402,data/json/murder-at-the-end-of-the-world-107-week.json,data/json/murder-at-the-end-of-the-world-107-cumulative.json
aam,2023,reacher-201,Reacher,confirmed expanded AAPI; qualifying credits >= 2; USA production; citizenship filter disabled,2023-12-15,2024-06-13,2023,2024,26,242,31020114,128182.289256,3334784,13780.099174,alpha60-devops/alpha60-results-2023,188eac9b11645cc48caa174c7785c554bf972402,data/json/reacher-201-week.json,data/json/reacher-201-cumulative.json
aam,2023,reservation-dogs-301,Reservation Dogs,confirmed expanded AAPI; qualifying credits >= 2; USA production; citizenship filter disabled,2023-08-02,2023-11-14,2023,2023,15,93,2537308,27282.881720,168977,1816.956989,alpha60-devops/alpha60-results-2023,188eac9b11645cc48caa174c7785c554bf972402,data/json/reservation-dogs-301-week.json,data/json/reservation-dogs-301-cumulative.json
aam,2023,reservation-dogs-310,Reservation Dogs,confirmed expanded AAPI; qualifying credits >= 2; USA production; citizenship filter disabled,2023-09-28,2023-12-13,2023,2023,11,107,3017979,28205.411215,131164,1225.831776,alpha60-devops/alpha60-results-2023,188eac9b11645cc48caa174c7785c554bf972402,data/json/reservation-dogs-310-week.json,data/json/reservation-dogs-310-cumulative.json
aam,2023,spider-man-across-the-spider-verse,Spider Man Across The Spider Verse,confirmed expanded AAPI; qualifying credits >= 2; USA production; citizenship filter disabled,2023-08-07,2024-02-05,2023,2024,27,366,37342322,102028.202186,7116425,19443.784153,alpha60-devops/alpha60-results-2023,188eac9b11645cc48caa174c7785c554bf972402,data/json/spider-man-across-the-spider-verse-week.json,data/json/spider-man-across-the-spider-verse-cumulative.json
aam,2023,twisted-metal-01,Twisted Metal,confirmed expanded AAPI; qualifying credits >= 2; USA production; citizenship filter disabled,2023-07-27,2023-11-08,2023,2023,15,381,7534633,19775.939633,1196268,3139.811024,alpha60-devops/alpha60-results-2023,188eac9b11645cc48caa174c7785c554bf972402,data/json/twisted-metal-01-week.json,data/json/twisted-metal-01-cumulative.json
aam,2023,warrior-310,Warrior,confirmed expanded AAPI; qualifying credits >= 2; USA production; citizenship filter disabled,2023-08-18,2023-10-26,2023,2023,10,119,2072856,17418.957983,282842,2376.823529,alpha60-devops/alpha60-results-2023,188eac9b11645cc48caa174c7785c554bf972402,data/json/warrior-310-week.json,data/json/warrior-310-cumulative.json
aam,2023,witcher-03.1,Witcher,confirmed expanded AAPI; qualifying credits >= 2; USA production; citizenship filter disabled,2023-06-29,2023-12-27,2023,2023,26,455,27459892,60351.410989,3449436,7581.178022,alpha60-devops/alpha60-results-2023,188eac9b11645cc48caa174c7785c554bf972402,data/json/witcher-03.1-week.json,data/json/witcher-03.1-cumulative.json
aam,2023,witcher-03.2,Witcher,confirmed expanded AAPI; qualifying credits >= 2; USA production; citizenship filter disabled,2023-07-27,2024-01-24,2023,2024,26,326,22617389,69378.493865,2681940,8226.809816,alpha60-devops/alpha60-results-2023,188eac9b11645cc48caa174c7785c554bf972402,data/json/witcher-03.2-week.json,data/json/witcher-03.2-cumulative.json
aam,2023,you-04.2,You,confirmed expanded AAPI; qualifying credits >= 2; USA production; citizenship filter disabled,2023-03-09,2023-05-17,2023,2023,10,126,1628249,12922.611111,355310,2819.920635,alpha60-devops/alpha60-results-2023,188eac9b11645cc48caa174c7785c554bf972402,data/json/you-04.2-week.json,data/json/you-04.2-cumulative.json
aam,2024,3-body-problem-01,3 Body Problem,confirmed expanded AAPI; qualifying credits >= 2; USA production; citizenship filter disabled,2024-03-21,2024-09-24,2024,2024,27,363,45929120,126526.501377,3096992,8531.658402,alpha60-devops/alpha60-results-2024,92a3c99741588412cbc26644d1e3879b1d97740f,data/json/3-body-problem-01-week.json,data/json/3-body-problem-01-cumulative.json
aam,2024,arcane-02.1,Arcane,confirmed expanded AAPI; qualifying credits >= 2; USA production; citizenship filter disabled,2024-11-09,2025-05-09,2024,2025,26,289,42209243,146052.743945,2934975,10155.622837,alpha60-devops/alpha60-results-2024,92a3c99741588412cbc26644d1e3879b1d97740f,data/json/arcane-02.1-week.json,data/json/arcane-02.1-cumulative.json
aam,2024,arcane-02.2,Arcane,confirmed expanded AAPI; qualifying credits >= 2; USA production; citizenship filter disabled,2024-11-16,2025-05-16,2024,2025,26,302,44256982,146546.298013,2311459,7653.837748,alpha60-devops/alpha60-results-2024,92a3c99741588412cbc26644d1e3879b1d97740f,data/json/arcane-02.2-week.json,data/json/arcane-02.2-cumulative.json
aam,2024,arcane-02.3,Arcane,confirmed expanded AAPI; qualifying credits >= 2; USA production; citizenship filter disabled,2024-11-23,2025-05-23,2024,2025,26,380,59203425,155798.486842,3681556,9688.305263,alpha60-devops/alpha60-results-2024,92a3c99741588412cbc26644d1e3879b1d97740f,data/json/arcane-02.3-week.json,data/json/arcane-02.3-cumulative.json
aam,2024,avatar-the-last-airbender-2024-01,Avatar: The Last Airbender,confirmed expanded AAPI; qualifying credits >= 2; USA production; citizenship filter disabled,2024-02-24,2024-08-23,2024,2024,26,427,48634377,113897.838407,2579662,6041.362998,alpha60-devops/alpha60-results-2024,92a3c99741588412cbc26644d1e3879b1d97740f,data/json/avatar-the-last-airbender-2024-01-week.json,data/json/avatar-the-last-airbender-2024-01-cumulative.json
aam,2024,brothers-sun-01,The Brothers Sun,confirmed expanded AAPI; qualifying credits >= 2; USA production; citizenship filter disabled,2024-01-04,2024-04-24,2024,2024,16,185,10829859,58539.778378,368576,1992.302703,alpha60-devops/alpha60-results-2024,92a3c99741588412cbc26644d1e3879b1d97740f,data/json/brothers-sun-01-week.json,data/json/brothers-sun-01-cumulative.json
aam,2024,fargo-510,Fargo,confirmed expanded AAPI; qualifying credits >= 2; USA production; citizenship filter disabled,2024-01-17,2024-03-26,2024,2024,10,132,6243667,47300.507576,524741,3975.310606,alpha60-devops/alpha60-results-2024,92a3c99741588412cbc26644d1e3879b1d97740f,data/json/fargo-510-week.json,data/json/fargo-510-cumulative.json
aam,2024,for-all-mankind-410,For All Mankind,confirmed expanded AAPI; qualifying credits >= 2; USA production; citizenship filter disabled,2024-01-12,2024-04-25,2024,2024,15,117,7393807,63194.931624,263517,2252.282051,alpha60-devops/alpha60-results-2024,92a3c99741588412cbc26644d1e3879b1d97740f,data/json/for-all-mankind-410-week.json,data/json/for-all-mankind-410-cumulative.json
aam,2024,godzilla-x-kong-the-new-empire,Godzilla x Kong: The New Empire,confirmed expanded AAPI; qualifying credits >= 2; USA production; citizenship filter disabled,2024-05-14,2024-11-11,2024,2024,26,442,63771936,144280.398190,6996596,15829.402715,alpha60-devops/alpha60-results-2024,92a3c99741588412cbc26644d1e3879b1d97740f,data/json/godzilla-x-kong-the-new-empire-week.json,data/json/godzilla-x-kong-the-new-empire-cumulative.json
aam,2024,hit-monkey-02,Hit Monkey,confirmed expanded AAPI; qualifying credits >= 2; USA production; citizenship filter disabled,2024-07-16,2024-10-28,2024,2024,15,102,4174493,40926.401961,187122,1834.529412,alpha60-devops/alpha60-results-2024,92a3c99741588412cbc26644d1e3879b1d97740f,data/json/hit-monkey-02-week.json,data/json/hit-monkey-02-cumulative.json
aam,2024,house-of-the-dragon-201,House of the Dragon,confirmed expanded AAPI; qualifying credits >= 2; USA production; citizenship filter disabled,2024-06-17,2024-12-15,2024,2024,26,264,36864793,139639.367424,4596998,17412.871212,alpha60-devops/alpha60-results-2024,92a3c99741588412cbc26644d1e3879b1d97740f,data/json/house-of-the-dragon-201-week.json,data/json/house-of-the-dragon-201-cumulative.json
aam,2024,house-of-the-dragon-207,House of the Dragon,confirmed expanded AAPI; qualifying credits >= 2; USA production; citizenship filter disabled,2024-07-29,2025-01-26,2024,2025,26,421,55797559,132535.769596,5367540,12749.501188,alpha60-devops/alpha60-results-2024,92a3c99741588412cbc26644d1e3879b1d97740f,data/json/house-of-the-dragon-207-week.json,data/json/house-of-the-dragon-207-cumulative.json
aam,2024,interior-chinatown-01,Interior Chinatown,confirmed expanded AAPI; qualifying credits >= 2; USA production; citizenship filter disabled,2024-11-19,2025-05-19,2024,2025,26,502,53705913,106983.890438,870579,1734.221116,alpha60-devops/alpha60-results-2024,92a3c99741588412cbc26644d1e3879b1d97740f,data/json/interior-chinatown-01-week.json,data/json/interior-chinatown-01-cumulative.json
aam,2024,laid-01,Laid,confirmed expanded AAPI; qualifying credits >= 2; USA production; citizenship filter disabled,2024-12-19,2025-04-09,2024,2025,16,255,16397835,64305.235294,267814,1050.250980,alpha60-devops/alpha60-results-2024,92a3c99741588412cbc26644d1e3879b1d97740f,data/json/laid-01-week.json,data/json/laid-01-cumulative.json
aam,2024,masters-of-the-air-101,Masters of the Air,confirmed expanded AAPI; qualifying credits >= 2; USA production; citizenship filter disabled,2024-01-26,2024-07-25,2024,2024,26,169,22688196,134249.680473,1578599,9340.822485,alpha60-devops/alpha60-results-2024,92a3c99741588412cbc26644d1e3879b1d97740f,data/json/masters-of-the-air-101-week.json,data/json/masters-of-the-air-101-cumulative.json
aam,2024,masters-of-the-air-108,Masters of the Air,confirmed expanded AAPI; qualifying credits >= 2; USA production; citizenship filter disabled,2024-03-08,2024-07-04,2024,2024,17,233,20903103,89712.888412,1521845,6531.523605,alpha60-devops/alpha60-results-2024,92a3c99741588412cbc26644d1e3879b1d97740f,data/json/masters-of-the-air-108-week.json,data/json/masters-of-the-air-108-cumulative.json
aam,2024,monarch-legacy-of-monsters-110,Monarch: Legacy of Monsters,confirmed expanded AAPI; qualifying credits >= 2; USA production; citizenship filter disabled,2024-01-12,2024-06-06,2024,2024,21,186,16558316,89023.204301,639709,3439.295699,alpha60-devops/alpha60-results-2024,92a3c99741588412cbc26644d1e3879b1d97740f,data/json/monarch-legacy-of-monsters-110-week.json,data/json/monarch-legacy-of-monsters-110-cumulative.json
aam,2024,mr-and-mrs-smith-2024-01,Mr. & Mrs. Smith,confirmed expanded AAPI; qualifying credits >= 2; USA production; citizenship filter disabled,2024-02-02,2024-05-30,2024,2024,17,274,18179890,66349.963504,1050324,3833.299270,alpha60-devops/alpha60-results-2024,92a3c99741588412cbc26644d1e3879b1d97740f,data/json/mr-and-mrs-smith-2024-01-week.json,data/json/mr-and-mrs-smith-2024-01-cumulative.json
aam,2024,old-man-201,The Old Man,confirmed expanded AAPI; qualifying credits >= 2; USA production; citizenship filter disabled,2024-09-14,2024-12-27,2024,2024,14,164,8215099,50092.067073,532418,3246.451220,alpha60-devops/alpha60-results-2024,92a3c99741588412cbc26644d1e3879b1d97740f,data/json/old-man-201-week.json,data/json/old-man-201-cumulative.json
aam,2024,reacher-208,Reacher,confirmed expanded AAPI; qualifying credits >= 2; USA production; citizenship filter disabled,2024-01-19,2024-05-02,2024,2024,15,187,13222673,70709.481283,1184777,6335.705882,alpha60-devops/alpha60-results-2024,92a3c99741588412cbc26644d1e3879b1d97740f,data/json/reacher-208-week.json,data/json/reacher-208-cumulative.json
aam,2024,shogun-2024-101,Shogun 2024,confirmed expanded AAPI; qualifying credits >= 2; USA production; citizenship filter disabled,2024-02-28,2024-06-11,2024,2024,15,297,25442671,85665.558923,4014885,13518.131313,alpha60-devops/alpha60-results-2024,92a3c99741588412cbc26644d1e3879b1d97740f,data/json/shogun-2024-101-week.json,data/json/shogun-2024-101-cumulative.json
aam,2024,shogun-2024-110,Shogun 2024,confirmed expanded AAPI; qualifying credits >= 2; USA production; citizenship filter disabled,2024-04-23,2024-08-06,2024,2024,16,217,20073912,92506.506912,2748814,12667.345622,alpha60-devops/alpha60-results-2024,92a3c99741588412cbc26644d1e3879b1d97740f,data/json/shogun-2024-110-week.json,data/json/shogun-2024-110-cumulative.json
aam,2024,silo-201,Silo,confirmed expanded AAPI; qualifying credits >= 2; USA production; citizenship filter disabled,2024-11-15,2025-05-15,2024,2025,26,281,46319561,164838.295374,3253934,11579.836299,alpha60-devops/alpha60-results-2024,92a3c99741588412cbc26644d1e3879b1d97740f,data/json/silo-201-week.json,data/json/silo-201-cumulative.json
aam,2024,snowpiercer-401,Snowpiercer,confirmed expanded AAPI; qualifying credits >= 2; USA production; citizenship filter disabled,2024-07-20,2024-11-01,2024,2024,15,141,9751213,69157.539007,497747,3530.120567,alpha60-devops/alpha60-results-2024,92a3c99741588412cbc26644d1e3879b1d97740f,data/json/snowpiercer-401-week.json,data/json/snowpiercer-401-cumulative.json
aam,2024,sugar-107,Sugar,confirmed expanded AAPI; qualifying credits >= 2; USA production; citizenship filter disabled,2024-05-10,2024-08-22,2024,2024,15,192,14156765,73733.151042,556552,2898.708333,alpha60-devops/alpha60-results-2024,92a3c99741588412cbc26644d1e3879b1d97740f,data/json/sugar-107-week.json,data/json/sugar-107-cumulative.json
aam,2024,tokyo-vice-201,Tokyo Vice,confirmed expanded AAPI; qualifying credits >= 2; USA production; citizenship filter disabled,2024-02-08,2024-05-30,2024,2024,17,204,13257207,64986.308824,237544,1164.431373,alpha60-devops/alpha60-results-2024,92a3c99741588412cbc26644d1e3879b1d97740f,data/json/tokyo-vice-201-week.json,data/json/tokyo-vice-201-cumulative.json
aam,2024,tokyo-vice-209,Tokyo Vice,confirmed expanded AAPI; qualifying credits >= 2; USA production; citizenship filter disabled,2024-03-29,2024-07-11,2024,2024,15,187,13016186,69605.272727,333073,1781.139037,alpha60-devops/alpha60-results-2024,92a3c99741588412cbc26644d1e3879b1d97740f,data/json/tokyo-vice-209-week.json,data/json/tokyo-vice-209-cumulative.json
aam,2025,ballard-01,Ballard,confirmed expanded AAPI; qualifying credits >= 2; USA production; citizenship filter disabled,2025-07-10,2026-01-07,2025,2026,26,439,55065224,125433.312073,1830190,4168.997722,alpha60-devops/alpha60-results-2025,3f07b93850efbd8bd77d9bdf020ec04401bf4ac5,data/json/ballard-01-week.json,data/json/ballard-01-cumulative.json
aam,2025,chief-of-war-101,Chief of War,confirmed expanded AAPI; qualifying credits >= 2; USA production; citizenship filter disabled,2025-08-01,2026-01-29,2025,2026,26,327,42451885,129822.278287,1822435,5573.195719,alpha60-devops/alpha60-results-2025,3f07b93850efbd8bd77d9bdf020ec04401bf4ac5,data/json/chief-of-war-101-week.json,data/json/chief-of-war-101-cumulative.json
aam,2025,chief-of-war-107,Chief of War,confirmed expanded AAPI; qualifying credits >= 2; USA production; citizenship filter disabled,2025-09-05,2025-12-18,2025,2025,15,302,28870949,95599.168874,1074291,3557.254967,alpha60-devops/alpha60-results-2025,3f07b93850efbd8bd77d9bdf020ec04401bf4ac5,data/json/chief-of-war-107-week.json,data/json/chief-of-war-107-cumulative.json
aam,2025,gen-v-201,Gen V,confirmed expanded AAPI; qualifying credits >= 2; USA production; citizenship filter disabled,2025-09-17,2026-03-17,2025,2026,26,324,59186685,182674.953704,1734260,5352.654321,alpha60-devops/alpha60-results-2025,3f07b93850efbd8bd77d9bdf020ec04401bf4ac5,data/json/gen-v-201-week.json,data/json/gen-v-201-cumulative.json
aam,2025,gen-v-206,Gen V,confirmed expanded AAPI; qualifying credits >= 2; USA production; citizenship filter disabled,2025-10-08,2026-04-14,2025,2026,27,300,48429140,161430.466667,1242842,4142.806667,alpha60-devops/alpha60-results-2025,3f07b93850efbd8bd77d9bdf020ec04401bf4ac5,data/json/gen-v-206-week.json,data/json/gen-v-206-cumulative.json
aam,2025,invincible-301,Invincible,confirmed expanded AAPI; qualifying credits >= 2; USA production; citizenship filter disabled,2025-02-06,2025-05-21,2025,2025,15,214,17149288,80136.859813,1675435,7829.135514,alpha60-devops/alpha60-results-2025,3f07b93850efbd8bd77d9bdf020ec04401bf4ac5,data/json/invincible-301-week.json,data/json/invincible-301-cumulative.json
aam,2025,lazarus-101,Lazarus,confirmed expanded AAPI; qualifying credits >= 2; USA production; citizenship filter disabled,2025-04-07,2025-10-05,2025,2025,26,295,30540877,103528.396610,1210003,4101.705085,alpha60-devops/alpha60-results-2025,3f07b93850efbd8bd77d9bdf020ec04401bf4ac5,data/json/lazarus-101-week.json,data/json/lazarus-101-cumulative.json
aam,2025,lazarus-108,Lazarus,confirmed expanded AAPI; qualifying credits >= 2; USA production; citizenship filter disabled,2025-05-25,2025-08-02,2025,2025,10,100,4128545,41285.450000,203998,2039.980000,alpha60-devops/alpha60-results-2025,3f07b93850efbd8bd77d9bdf020ec04401bf4ac5,data/json/lazarus-108-week.json,data/json/lazarus-108-cumulative.json
aam,2025,lazarus-111,Lazarus,confirmed expanded AAPI; qualifying credits >= 2; USA production; citizenship filter disabled,2025-06-16,2025-10-06,2025,2025,17,255,18099073,70976.756863,411288,1612.894118,alpha60-devops/alpha60-results-2025,3f07b93850efbd8bd77d9bdf020ec04401bf4ac5,data/json/lazarus-111-week.json,data/json/lazarus-111-cumulative.json
aam,2025,moana-2,Moana 2,confirmed expanded AAPI; qualifying credits >= 2; USA production; citizenship filter disabled,2025-01-28,2025-07-28,2025,2025,26,401,65364819,163004.536160,5463199,13623.937656,alpha60-devops/alpha60-results-2025,3f07b93850efbd8bd77d9bdf020ec04401bf4ac5,data/json/moana-2-week.json,data/json/moana-2-cumulative.json
aam,2025,night-agent-02,Night Agent,confirmed expanded AAPI; qualifying credits >= 2; USA production; citizenship filter disabled,2025-01-23,2025-07-23,2025,2025,25,480,46292480,96442.666667,2746307,5721.472917,alpha60-devops/alpha60-results-2025,3f07b93850efbd8bd77d9bdf020ec04401bf4ac5,data/json/night-agent-02-week.json,data/json/night-agent-02-cumulative.json
aam,2025,reacher-301,Reacher,confirmed expanded AAPI; qualifying credits >= 2; USA production; citizenship filter disabled,2025-02-20,2025-08-20,2025,2025,26,358,46311394,129361.435754,2207472,6166.122905,alpha60-devops/alpha60-results-2025,3f07b93850efbd8bd77d9bdf020ec04401bf4ac5,data/json/reacher-301-week.json,data/json/reacher-301-cumulative.json
aam,2025,reacher-307,Reacher,confirmed expanded AAPI; qualifying credits >= 2; USA production; citizenship filter disabled,2025-03-20,2025-07-02,2025,2025,15,295,21044507,71337.311864,1383079,4688.403390,alpha60-devops/alpha60-results-2025,3f07b93850efbd8bd77d9bdf020ec04401bf4ac5,data/json/reacher-307-week.json,data/json/reacher-307-cumulative.json
aam,2025,summer-i-turned-pretty-311,Summer I turned pretty,confirmed expanded AAPI; qualifying credits >= 2; USA production; citizenship filter disabled,2025-09-18,2026-03-18,2025,2026,26,117,22529802,192562.410256,391418,3345.452991,alpha60-devops/alpha60-results-2025,3f07b93850efbd8bd77d9bdf020ec04401bf4ac5,data/json/summer-i-turned-pretty-311-week.json,data/json/summer-i-turned-pretty-311-cumulative.json
aam,2025,tron-ares,Tron Ares,confirmed expanded AAPI; qualifying credits >= 2; USA production; citizenship filter disabled,2025-12-02,2026-06-01,2025,2026,26,296,59279149,200267.395270,2271710,7674.695946,alpha60-devops/alpha60-results-2025,3f07b93850efbd8bd77d9bdf020ec04401bf4ac5,data/json/tron-ares-week.json,data/json/tron-ares-cumulative.json
aam,2025,wicked-2024,Wicked Part 1,confirmed expanded AAPI; qualifying credits >= 2; USA production; citizenship filter disabled,2025-01-02,2025-07-02,2025,2025,26,299,52822031,176662.311037,4325622,14466.963211,alpha60-devops/alpha60-results-2025,3f07b93850efbd8bd77d9bdf020ec04401bf4ac5,data/json/wicked-2024-week.json,data/json/wicked-2024-cumulative.json
aam,2025,wicked-for-good-2025,Wicked: For Good,confirmed expanded AAPI; qualifying credits >= 2; USA production; citizenship filter disabled,2025-12-30,2026-04-13,2025,2026,15,164,20088819,122492.798780,831765,5071.737805,alpha60-devops/alpha60-results-2025,3f07b93850efbd8bd77d9bdf020ec04401bf4ac5,data/json/wicked-for-good-2025-week.json,data/json/wicked-for-good-2025-cumulative.json
aam,2025,witcher-04,Witcher,confirmed expanded AAPI; qualifying credits >= 2; USA production; citizenship filter disabled,2025-10-30,2026-04-29,2025,2026,26,385,56596232,147003.200000,2271401,5899.742857,alpha60-devops/alpha60-results-2025,3f07b93850efbd8bd77d9bdf020ec04401bf4ac5,data/json/witcher-04-week.json,data/json/witcher-04-cumulative.json
aam,2026,avatar-the-last-airbender-2024-02,Avatar: The Last Airbender,confirmed expanded AAPI; qualifying credits >= 2; USA production; citizenship filter disabled,2026-06-25,2026-09-04,2026,2026,11,498,22436102,45052.413655,1361488,2733.911647,alpha60-devops/alpha60-results-2026,1829a056d827cdf54c716a681e8d3a16a0944e7c,data/json/avatar-the-last-airbender-2024-02-week.json,data/json/avatar-the-last-airbender-2024-02-cumulative.json
aam,2026,beef-02,Beef,confirmed expanded AAPI; qualifying credits >= 2; USA production; citizenship filter disabled,2026-04-17,2026-07-30,2026,2026,15,306,23870763,78009.029412,636165,2078.970588,alpha60-devops/alpha60-results-2026,1829a056d827cdf54c716a681e8d3a16a0944e7c,data/json/beef-02-week.json,data/json/beef-02-cumulative.json
aam,2026,bluff,The Bluff,confirmed expanded AAPI; qualifying credits >= 2; USA production; citizenship filter disabled,2026-02-26,2026-06-10,2026,2026,15,180,25644436,142469.088889,1714671,9525.950000,alpha60-devops/alpha60-results-2026,1829a056d827cdf54c716a681e8d3a16a0944e7c,data/json/bluff-week.json,data/json/bluff-cumulative.json
aam,2026,bridgerton-04.1,Bridgerton,confirmed expanded AAPI; qualifying credits >= 2; USA production; citizenship filter disabled,2026-01-29,2026-08-02,2026,2026,27,320,47941884,149818.387500,1728567,5401.771875,alpha60-devops/alpha60-results-2026,1829a056d827cdf54c716a681e8d3a16a0944e7c,data/json/bridgerton-04.1-week.json,data/json/bridgerton-04.1-cumulative.json
aam,2026,bridgerton-04.2,Bridgerton,confirmed expanded AAPI; qualifying credits >= 2; USA production; citizenship filter disabled,2026-02-26,2026-09-02,2026,2026,27,330,56923560,172495.636364,1741706,5277.896970,alpha60-devops/alpha60-results-2026,1829a056d827cdf54c716a681e8d3a16a0944e7c,data/json/bridgerton-04.2-week.json,data/json/bridgerton-04.2-cumulative.json
aam,2026,brothers-01,Brothers,confirmed expanded AAPI; qualifying credits >= 2; USA production; citizenship filter disabled,2026-09-24,2026-10-01,2026,2026,2,180,508983,2827.683333,29058,161.433333,alpha60-devops/alpha60-results-2026,1829a056d827cdf54c716a681e8d3a16a0944e7c,data/json/brothers-01-week.json,data/json/brothers-01-cumulative.json
aam,2026,coyote-vs-acme,Coyote vs. Acme,confirmed expanded AAPI; qualifying credits >= 2; USA production; citizenship filter disabled,2026-08-31,2026-09-28,2026,2026,5,71,2445785,34447.676056,378993,5337.929577,alpha60-devops/alpha60-results-2026,1829a056d827cdf54c716a681e8d3a16a0944e7c,data/json/coyote-vs-acme-week.json,data/json/coyote-vs-acme-cumulative.json
aam,2026,crew-girl-01,Crew Girl,confirmed expanded AAPI; qualifying credits >= 2; USA production; citizenship filter disabled,2026-09-10,2026-09-23,2026,2026,2,195,1254080,6431.179487,75727,388.343590,alpha60-devops/alpha60-results-2026,1829a056d827cdf54c716a681e8d3a16a0944e7c,data/json/crew-girl-01-week.json,data/json/crew-girl-01-cumulative.json
aam,2026,dang-01,DANG!,confirmed expanded AAPI; qualifying credits >= 2; USA production; citizenship filter disabled,2026-09-09,2026-09-29,2026,2026,3,174,1405771,8079.143678,37963,218.178161,alpha60-devops/alpha60-results-2026,1829a056d827cdf54c716a681e8d3a16a0944e7c,data/json/dang-01-week.json,data/json/dang-01-cumulative.json
aam,2026,for-all-mankind-501,For All Mankind,confirmed expanded AAPI; qualifying credits >= 2; USA production; citizenship filter disabled,2026-03-27,2026-08-27,2026,2026,22,195,20163025,103400.128205,637642,3269.958974,alpha60-devops/alpha60-results-2026,1829a056d827cdf54c716a681e8d3a16a0944e7c,data/json/for-all-mankind-501-week.json,data/json/for-all-mankind-501-cumulative.json
aam,2026,goat-2026,GOAT,confirmed expanded AAPI; qualifying credits >= 2; USA production; citizenship filter disabled,2026-03-26,2026-07-08,2026,2026,15,206,24950307,121117.995146,1633472,7929.475728,alpha60-devops/alpha60-results-2026,1829a056d827cdf54c716a681e8d3a16a0944e7c,data/json/goat-2026-week.json,data/json/goat-2026-cumulative.json
aam,2026,his-and-hers-2026-01,His And Hers,confirmed expanded AAPI; qualifying credits >= 2; USA production; citizenship filter disabled,2026-01-08,2026-07-08,2026,2026,26,266,48107652,180855.834586,1097249,4124.996241,alpha60-devops/alpha60-results-2026,1829a056d827cdf54c716a681e8d3a16a0944e7c,data/json/his-and-hers-2026-01-week.json,data/json/his-and-hers-2026-01-cumulative.json
aam,2026,house-of-the-dragon-301,House of the Dragon,confirmed expanded AAPI; qualifying credits >= 2; USA production; citizenship filter disabled,2026-06-22,2026-09-06,2026,2026,11,432,35710004,82662.046296,4274798,9895.365741,alpha60-devops/alpha60-results-2026,1829a056d827cdf54c716a681e8d3a16a0944e7c,data/json/house-of-the-dragon-301-week.json,data/json/house-of-the-dragon-301-cumulative.json
aam,2026,house-of-the-dragon-308,House of the Dragon,confirmed expanded AAPI; qualifying credits >= 2; USA production; citizenship filter disabled,2026-08-10,2026-09-10,2026,2026,5,182,5623007,30895.642857,950324,5221.560440,alpha60-devops/alpha60-results-2026,1829a056d827cdf54c716a681e8d3a16a0944e7c,data/json/house-of-the-dragon-308-week.json,data/json/house-of-the-dragon-308-cumulative.json
aam,2026,invincible-401,Invincible,confirmed expanded AAPI; qualifying credits >= 2; USA production; citizenship filter disabled,2026-03-18,2026-06-30,2026,2026,15,205,21534524,105046.458537,1704456,8314.419512,alpha60-devops/alpha60-results-2026,1829a056d827cdf54c716a681e8d3a16a0944e7c,data/json/invincible-401-week.json,data/json/invincible-401-cumulative.json
aam,2026,legend-of-aang-the-last-airbender,The Legend of Aang: The Last Airbender,confirmed expanded AAPI; qualifying credits >= 2; USA production; citizenship filter disabled,2026-04-16,2026-04-18,2026,2026,1,16,53642,3352.625000,8976,561.000000,alpha60-devops/alpha60-results-2026,1829a056d827cdf54c716a681e8d3a16a0944e7c,data/json/legend-of-aang-the-last-airbender-week.json,data/json/legend-of-aang-the-last-airbender-cumulative.json
aam,2026,lego-star-wars-the-mandalorian-2026,LEGO Star Wars: The Mandalorian,confirmed expanded AAPI; qualifying credits >= 2; USA production; citizenship filter disabled,2026-09-03,2026-10-02,2026,2026,5,54,1265425,23433.796296,41913,776.166667,alpha60-devops/alpha60-results-2026,1829a056d827cdf54c716a681e8d3a16a0944e7c,data/json/lego-star-wars-the-mandalorian-2026-week.json,data/json/lego-star-wars-the-mandalorian-2026-cumulative.json
aam,2026,monarch-legacy-of-monsters-201,Monarch: Legacy of Monsters,confirmed expanded AAPI; qualifying credits >= 2; USA production; citizenship filter disabled,2026-02-27,2026-09-10,2026,2026,28,358,60615952,169318.301676,2253875,6295.740223,alpha60-devops/alpha60-results-2026,1829a056d827cdf54c716a681e8d3a16a0944e7c,data/json/monarch-legacy-of-monsters-201-week.json,data/json/monarch-legacy-of-monsters-201-cumulative.json
aam,2026,monarch-legacy-of-monsters-208,Monarch: Legacy of Monsters,confirmed expanded AAPI; qualifying credits >= 2; USA production; citizenship filter disabled,2026-04-17,2026-09-10,2026,2026,21,421,52332870,124306.104513,1651846,3923.624703,alpha60-devops/alpha60-results-2026,1829a056d827cdf54c716a681e8d3a16a0944e7c,data/json/monarch-legacy-of-monsters-208-week.json,data/json/monarch-legacy-of-monsters-208-cumulative.json
aam,2026,night-agent-03,Night Agent,confirmed expanded AAPI; qualifying credits >= 2; USA production; citizenship filter disabled,2026-02-19,2026-08-26,2026,2026,26,484,70390744,145435.421488,2173373,4490.440083,alpha60-devops/alpha60-results-2026,1829a056d827cdf54c716a681e8d3a16a0944e7c,data/json/night-agent-03-week.json,data/json/night-agent-03-cumulative.json
aam,2026,one-piece-2023-02,One Piece 2023,confirmed expanded AAPI; qualifying credits >= 2; USA production; citizenship filter disabled,2026-03-10,2026-09-07,2026,2026,26,389,70866149,182175.190231,2975601,7649.359897,alpha60-devops/alpha60-results-2026,1829a056d827cdf54c716a681e8d3a16a0944e7c,data/json/one-piece-2023-02-week.json,data/json/one-piece-2023-02-cumulative.json
aam,2026,pitt-201,The Pitt,confirmed expanded AAPI; qualifying credits >= 2; USA production; citizenship filter disabled,2026-01-09,2026-07-09,2026,2026,26,392,65279495,166529.323980,2555203,6518.375000,alpha60-devops/alpha60-results-2026,1829a056d827cdf54c716a681e8d3a16a0944e7c,data/json/pitt-201-week.json,data/json/pitt-201-cumulative.json
aam,2026,pitt-213,The Pitt,confirmed expanded AAPI; qualifying credits >= 2; USA production; citizenship filter disabled,2026-04-03,2026-09-11,2026,2026,24,400,56539244,141348.110000,2816257,7040.642500,alpha60-devops/alpha60-results-2026,1829a056d827cdf54c716a681e8d3a16a0944e7c,data/json/pitt-213-week.json,data/json/pitt-213-cumulative.json
aam,2026,reacher-401,Reacher,confirmed expanded AAPI; qualifying credits >= 2; USA production; citizenship filter disabled,2026-08-14,2026-09-17,2026,2026,5,197,3191326,16199.624365,341295,1732.461929,alpha60-devops/alpha60-results-2026,1829a056d827cdf54c716a681e8d3a16a0944e7c,data/json/reacher-401-week.json,data/json/reacher-401-cumulative.json
aam,2026,season-2026-01,The Season,confirmed expanded AAPI; qualifying credits >= 2; USA production; citizenship filter disabled,2026-06-17,2026-09-29,2026,2026,15,161,11268502,69990.695652,105813,657.223602,alpha60-devops/alpha60-results-2026,1829a056d827cdf54c716a681e8d3a16a0944e7c,data/json/season-2026-01-week.json,data/json/season-2026-01-cumulative.json
aam,2026,silo-301,Silo,confirmed expanded AAPI; qualifying credits >= 2; USA production; citizenship filter disabled,2026-07-03,2026-08-27,2026,2026,8,236,14320095,60678.368644,1706729,7231.902542,alpha60-devops/alpha60-results-2026,1829a056d827cdf54c716a681e8d3a16a0944e7c,data/json/silo-301-week.json,data/json/silo-301-cumulative.json
aam,2026,spider-noir-01,Spider-Noir,confirmed expanded AAPI; qualifying credits >= 2; USA production; citizenship filter disabled,2026-05-27,2026-09-08,2026,2026,15,867,85681131,98824.833910,5377417,6202.326413,alpha60-devops/alpha60-results-2026,1829a056d827cdf54c716a681e8d3a16a0944e7c,data/json/spider-noir-01-week.json,data/json/spider-noir-01-cumulative.json
aam,2026,sugar-201,Sugar,confirmed expanded AAPI; qualifying credits >= 2; USA production; citizenship filter disabled,2026-06-19,2026-09-10,2026,2026,12,217,15199183,70042.317972,517422,2384.433180,alpha60-devops/alpha60-results-2026,1829a056d827cdf54c716a681e8d3a16a0944e7c,data/json/sugar-201-week.json,data/json/sugar-201-cumulative.json
aam,2026,toy-story-5,Toy Story 5,confirmed expanded AAPI; qualifying credits >= 2; USA production; citizenship filter disabled,2026-08-19,2026-09-08,2026,2026,3,208,5046344,24261.269231,913639,4392.495192,alpha60-devops/alpha60-results-2026,1829a056d827cdf54c716a681e8d3a16a0944e7c,data/json/toy-story-5-week.json,data/json/toy-story-5-cumulative.json
