key,mode,index,available,dates,eligible,boundary_flag,audit_gap
godzilla-minus-one,weeks,1,True,2024-05-02-to-2024-05-08-partial,False,True,False
godzilla-minus-one,weeks,2,True,2024-05-09-to-2024-05-15-partial,False,True,False
godzilla-minus-one,weeks,3,True,2024-05-16-to-2024-05-22,True,False,False
godzilla-minus-one,weeks,4,True,2024-05-23-to-2024-05-29-partial,False,True,False
godzilla-minus-one,weeks,5,True,2024-05-30-to-2024-06-05-partial,False,True,False
godzilla-minus-one,weeks,6,True,2024-06-06-to-2024-06-12,True,False,False
godzilla-minus-one,weeks,7,True,2024-06-13-to-2024-06-19,True,False,False
godzilla-minus-one,weeks,8,True,2024-06-20-to-2024-06-26,True,False,False
godzilla-minus-one,weeks,9,True,2024-06-27-to-2024-07-03,True,False,False
godzilla-minus-one,weeks,10,True,2024-07-04-to-2024-07-10,False,False,True
godzilla-minus-one,weeks,11,True,2024-07-11-to-2024-07-17-partial,False,True,True
godzilla-minus-one,weeks,12,True,2024-07-18-to-2024-07-24,True,False,False
godzilla-minus-one,weeks,13,True,2024-07-25-to-2024-07-31,True,False,False
godzilla-minus-one,weeks,14,True,2024-08-01-to-2024-08-07,True,False,False
godzilla-minus-one,weeks,15,True,2024-08-08-to-2024-08-14,True,False,False
godzilla-minus-one,weeks,16,True,2024-08-15-to-2024-08-21,True,False,False
godzilla-minus-one,weeks,17,True,2024-08-22-to-2024-08-28,True,False,False
godzilla-minus-one,weeks,18,True,2024-08-29-to-2024-09-04,True,False,False
godzilla-minus-one,weeks,19,True,2024-09-05-to-2024-09-11,True,False,False
godzilla-minus-one,weeks,20,True,2024-09-12-to-2024-09-18,True,False,False
godzilla-minus-one,weeks,21,True,2024-09-19-to-2024-09-25,True,False,False
godzilla-minus-one,weeks,22,True,2024-09-26-to-2024-10-02,True,False,False
godzilla-minus-one,weeks,23,True,2024-10-03-to-2024-10-09,True,False,False
godzilla-minus-one,weeks,24,True,2024-10-10-to-2024-10-16,True,False,False
godzilla-minus-one,weeks,25,True,2024-10-17-to-2024-10-23,True,False,False
godzilla-minus-one,weeks,26,True,2024-10-24-to-2024-10-30,True,False,False
godzilla-minus-one,days,1,False,,False,,
godzilla-minus-one,days,2,False,,False,,
godzilla-minus-one,days,3,False,,False,,
godzilla-minus-one,days,4,False,,False,,
godzilla-minus-one,days,5,False,,False,,
godzilla-minus-one,days,6,False,,False,,
godzilla-minus-one,days,7,False,,False,,
godzilla-minus-one,days,8,False,,False,,
godzilla-minus-one,days,9,False,,False,,
godzilla-minus-one,days,10,False,,False,,
godzilla-minus-one,days,11,False,,False,,
godzilla-minus-one,days,12,False,,False,,
godzilla-minus-one,days,13,False,,False,,
godzilla-minus-one,days,14,False,,False,,
godzilla-minus-one,days,15,False,,False,,
godzilla-minus-one,days,16,False,,False,,
godzilla-minus-one,days,17,False,,False,,
godzilla-minus-one,days,18,False,,False,,
godzilla-minus-one,days,19,False,,False,,
godzilla-minus-one,days,20,False,,False,,
godzilla-minus-one,days,21,False,,False,,
godzilla-minus-one,days,22,False,,False,,
godzilla-minus-one,days,23,False,,False,,
godzilla-minus-one,days,24,False,,False,,
godzilla-minus-one,days,25,False,,False,,
godzilla-minus-one,days,26,False,,False,,
godzilla-minus-one,days,27,False,,False,,
godzilla-minus-one,days,28,False,,False,,
godzilla-minus-one,days,29,False,,False,,
godzilla-minus-one,days,30,False,,False,,
godzilla-minus-one,days,31,False,,False,,
godzilla-minus-one,days,32,False,,False,,
godzilla-minus-one,days,33,False,,False,,
godzilla-minus-one,days,34,False,,False,,
godzilla-minus-one,days,35,False,,False,,
godzilla-minus-one,days,36,False,,False,,
godzilla-minus-one,days,37,False,,False,,
godzilla-minus-one,days,38,False,,False,,
godzilla-minus-one,days,39,False,,False,,
godzilla-minus-one,days,40,False,,False,,
godzilla-minus-one,days,41,False,,False,,
godzilla-minus-one,days,42,False,,False,,
godzilla-minus-one,days,43,False,,False,,
godzilla-minus-one,days,44,False,,False,,
godzilla-minus-one,days,45,False,,False,,
godzilla-minus-one,days,46,False,,False,,
godzilla-minus-one,days,47,False,,False,,
godzilla-minus-one,days,48,False,,False,,
godzilla-minus-one,days,49,False,,False,,
godzilla-minus-one,days,50,False,,False,,
godzilla-minus-one,days,51,False,,False,,
godzilla-minus-one,days,52,False,,False,,
godzilla-minus-one,days,53,False,,False,,
godzilla-minus-one,days,54,False,,False,,
godzilla-minus-one,days,55,False,,False,,
godzilla-minus-one,days,56,False,,False,,
godzilla-minus-one,days,57,False,,False,,
godzilla-minus-one,days,58,False,,False,,
godzilla-minus-one,days,59,False,,False,,
godzilla-minus-one,days,60,False,,False,,
godzilla-minus-one,days,61,False,,False,,
godzilla-minus-one,days,62,False,,False,,
godzilla-minus-one,days,63,False,,False,,
godzilla-minus-one,days,64,False,,False,,
godzilla-minus-one,days,65,False,,False,,
godzilla-minus-one,days,66,False,,False,,
godzilla-minus-one,days,67,False,,False,,
godzilla-minus-one,days,68,False,,False,,
godzilla-minus-one,days,69,False,,False,,
godzilla-minus-one,days,70,False,,False,,
godzilla-minus-one,days,71,False,,False,,
godzilla-minus-one,days,72,False,,False,,
godzilla-minus-one,days,73,False,,False,,
godzilla-minus-one,days,74,False,,False,,
godzilla-minus-one,days,75,False,,False,,
godzilla-minus-one,days,76,False,,False,,
godzilla-minus-one,days,77,False,,False,,
godzilla-minus-one,days,78,False,,False,,
godzilla-minus-one,days,79,False,,False,,
godzilla-minus-one,days,80,False,,False,,
godzilla-minus-one,days,81,False,,False,,
godzilla-minus-one,days,82,False,,False,,
godzilla-minus-one,days,83,False,,False,,
godzilla-minus-one,days,84,False,,False,,
godzilla-minus-one,days,85,False,,False,,
godzilla-minus-one,days,86,False,,False,,
godzilla-minus-one,days,87,False,,False,,
godzilla-minus-one,days,88,False,,False,,
godzilla-minus-one,days,89,False,,False,,
godzilla-minus-one,days,90,False,,False,,
godzilla-minus-one,days,91,False,,False,,
godzilla-minus-one,days,92,False,,False,,
godzilla-minus-one,days,93,False,,False,,
godzilla-minus-one,days,94,False,,False,,
godzilla-minus-one,days,95,False,,False,,
godzilla-minus-one,days,96,False,,False,,
godzilla-minus-one,days,97,False,,False,,
godzilla-minus-one,days,98,False,,False,,
godzilla-minus-one,days,99,False,,False,,
godzilla-minus-one,days,100,False,,False,,
godzilla-minus-one,days,101,False,,False,,
godzilla-minus-one,days,102,False,,False,,
godzilla-minus-one,days,103,False,,False,,
godzilla-minus-one,days,104,False,,False,,
godzilla-minus-one,days,105,False,,False,,
godzilla-x-kong-the-new-empire,weeks,1,True,2024-05-14-to-2024-05-20,True,False,False
godzilla-x-kong-the-new-empire,weeks,2,True,2024-05-21-to-2024-05-27,True,False,False
godzilla-x-kong-the-new-empire,weeks,3,True,2024-05-28-to-2024-06-03,True,False,False
godzilla-x-kong-the-new-empire,weeks,4,True,2024-06-04-to-2024-06-10,True,False,False
godzilla-x-kong-the-new-empire,weeks,5,True,2024-06-11-to-2024-06-17,True,False,False
godzilla-x-kong-the-new-empire,weeks,6,True,2024-06-18-to-2024-06-24,True,False,False
godzilla-x-kong-the-new-empire,weeks,7,True,2024-06-25-to-2024-07-01,True,False,False
godzilla-x-kong-the-new-empire,weeks,8,True,2024-07-02-to-2024-07-08,True,False,False
godzilla-x-kong-the-new-empire,weeks,9,True,2024-07-09-to-2024-07-15,True,False,False
godzilla-x-kong-the-new-empire,weeks,10,True,2024-07-16-to-2024-07-22-partial,False,True,False
godzilla-x-kong-the-new-empire,weeks,11,True,2024-07-23-to-2024-07-29,True,False,False
godzilla-x-kong-the-new-empire,weeks,12,True,2024-07-30-to-2024-08-05,True,False,False
godzilla-x-kong-the-new-empire,weeks,13,True,2024-08-06-to-2024-08-12,True,False,False
godzilla-x-kong-the-new-empire,weeks,14,True,2024-08-13-to-2024-08-19,True,False,False
godzilla-x-kong-the-new-empire,weeks,15,True,2024-08-20-to-2024-08-26,True,False,False
godzilla-x-kong-the-new-empire,weeks,16,True,2024-08-27-to-2024-09-02,True,False,False
godzilla-x-kong-the-new-empire,weeks,17,True,2024-09-03-to-2024-09-09,True,False,False
godzilla-x-kong-the-new-empire,weeks,18,True,2024-09-10-to-2024-09-16,True,False,False
godzilla-x-kong-the-new-empire,weeks,19,True,2024-09-17-to-2024-09-23,True,False,False
godzilla-x-kong-the-new-empire,weeks,20,True,2024-09-24-to-2024-09-30,True,False,False
godzilla-x-kong-the-new-empire,weeks,21,True,2024-10-01-to-2024-10-07,True,False,False
godzilla-x-kong-the-new-empire,weeks,22,True,2024-10-08-to-2024-10-14,True,False,False
godzilla-x-kong-the-new-empire,weeks,23,True,2024-10-15-to-2024-10-21,True,False,False
godzilla-x-kong-the-new-empire,weeks,24,True,2024-10-22-to-2024-10-28,True,False,False
godzilla-x-kong-the-new-empire,weeks,25,True,2024-10-29-to-2024-11-04,True,False,False
godzilla-x-kong-the-new-empire,weeks,26,True,2024-11-05-to-2024-11-11,True,False,False
godzilla-x-kong-the-new-empire,days,1,False,,False,,
godzilla-x-kong-the-new-empire,days,2,False,,False,,
godzilla-x-kong-the-new-empire,days,3,False,,False,,
godzilla-x-kong-the-new-empire,days,4,False,,False,,
godzilla-x-kong-the-new-empire,days,5,False,,False,,
godzilla-x-kong-the-new-empire,days,6,False,,False,,
godzilla-x-kong-the-new-empire,days,7,False,,False,,
godzilla-x-kong-the-new-empire,days,8,False,,False,,
godzilla-x-kong-the-new-empire,days,9,False,,False,,
godzilla-x-kong-the-new-empire,days,10,False,,False,,
godzilla-x-kong-the-new-empire,days,11,False,,False,,
godzilla-x-kong-the-new-empire,days,12,False,,False,,
godzilla-x-kong-the-new-empire,days,13,False,,False,,
godzilla-x-kong-the-new-empire,days,14,False,,False,,
godzilla-x-kong-the-new-empire,days,15,False,,False,,
godzilla-x-kong-the-new-empire,days,16,False,,False,,
godzilla-x-kong-the-new-empire,days,17,False,,False,,
godzilla-x-kong-the-new-empire,days,18,False,,False,,
godzilla-x-kong-the-new-empire,days,19,False,,False,,
godzilla-x-kong-the-new-empire,days,20,False,,False,,
godzilla-x-kong-the-new-empire,days,21,False,,False,,
godzilla-x-kong-the-new-empire,days,22,False,,False,,
godzilla-x-kong-the-new-empire,days,23,False,,False,,
godzilla-x-kong-the-new-empire,days,24,False,,False,,
godzilla-x-kong-the-new-empire,days,25,False,,False,,
godzilla-x-kong-the-new-empire,days,26,False,,False,,
godzilla-x-kong-the-new-empire,days,27,False,,False,,
godzilla-x-kong-the-new-empire,days,28,False,,False,,
godzilla-x-kong-the-new-empire,days,29,False,,False,,
godzilla-x-kong-the-new-empire,days,30,False,,False,,
godzilla-x-kong-the-new-empire,days,31,False,,False,,
godzilla-x-kong-the-new-empire,days,32,False,,False,,
godzilla-x-kong-the-new-empire,days,33,False,,False,,
godzilla-x-kong-the-new-empire,days,34,False,,False,,
godzilla-x-kong-the-new-empire,days,35,False,,False,,
godzilla-x-kong-the-new-empire,days,36,False,,False,,
godzilla-x-kong-the-new-empire,days,37,False,,False,,
godzilla-x-kong-the-new-empire,days,38,False,,False,,
godzilla-x-kong-the-new-empire,days,39,False,,False,,
godzilla-x-kong-the-new-empire,days,40,False,,False,,
godzilla-x-kong-the-new-empire,days,41,False,,False,,
godzilla-x-kong-the-new-empire,days,42,False,,False,,
godzilla-x-kong-the-new-empire,days,43,False,,False,,
godzilla-x-kong-the-new-empire,days,44,False,,False,,
godzilla-x-kong-the-new-empire,days,45,False,,False,,
godzilla-x-kong-the-new-empire,days,46,False,,False,,
godzilla-x-kong-the-new-empire,days,47,False,,False,,
godzilla-x-kong-the-new-empire,days,48,False,,False,,
godzilla-x-kong-the-new-empire,days,49,False,,False,,
godzilla-x-kong-the-new-empire,days,50,False,,False,,
godzilla-x-kong-the-new-empire,days,51,False,,False,,
godzilla-x-kong-the-new-empire,days,52,False,,False,,
godzilla-x-kong-the-new-empire,days,53,False,,False,,
godzilla-x-kong-the-new-empire,days,54,False,,False,,
godzilla-x-kong-the-new-empire,days,55,False,,False,,
godzilla-x-kong-the-new-empire,days,56,False,,False,,
godzilla-x-kong-the-new-empire,days,57,False,,False,,
godzilla-x-kong-the-new-empire,days,58,False,,False,,
godzilla-x-kong-the-new-empire,days,59,False,,False,,
godzilla-x-kong-the-new-empire,days,60,False,,False,,
godzilla-x-kong-the-new-empire,days,61,False,,False,,
godzilla-x-kong-the-new-empire,days,62,False,,False,,
godzilla-x-kong-the-new-empire,days,63,False,,False,,
godzilla-x-kong-the-new-empire,days,64,False,,False,,
godzilla-x-kong-the-new-empire,days,65,False,,False,,
godzilla-x-kong-the-new-empire,days,66,False,,False,,
godzilla-x-kong-the-new-empire,days,67,False,,False,,
godzilla-x-kong-the-new-empire,days,68,False,,False,,
godzilla-x-kong-the-new-empire,days,69,False,,False,,
godzilla-x-kong-the-new-empire,days,70,False,,False,,
godzilla-x-kong-the-new-empire,days,71,False,,False,,
godzilla-x-kong-the-new-empire,days,72,False,,False,,
godzilla-x-kong-the-new-empire,days,73,False,,False,,
godzilla-x-kong-the-new-empire,days,74,False,,False,,
godzilla-x-kong-the-new-empire,days,75,False,,False,,
godzilla-x-kong-the-new-empire,days,76,False,,False,,
godzilla-x-kong-the-new-empire,days,77,False,,False,,
godzilla-x-kong-the-new-empire,days,78,False,,False,,
godzilla-x-kong-the-new-empire,days,79,False,,False,,
godzilla-x-kong-the-new-empire,days,80,False,,False,,
godzilla-x-kong-the-new-empire,days,81,False,,False,,
godzilla-x-kong-the-new-empire,days,82,False,,False,,
godzilla-x-kong-the-new-empire,days,83,False,,False,,
godzilla-x-kong-the-new-empire,days,84,False,,False,,
godzilla-x-kong-the-new-empire,days,85,False,,False,,
godzilla-x-kong-the-new-empire,days,86,False,,False,,
godzilla-x-kong-the-new-empire,days,87,False,,False,,
godzilla-x-kong-the-new-empire,days,88,False,,False,,
godzilla-x-kong-the-new-empire,days,89,False,,False,,
godzilla-x-kong-the-new-empire,days,90,False,,False,,
godzilla-x-kong-the-new-empire,days,91,False,,False,,
godzilla-x-kong-the-new-empire,days,92,False,,False,,
godzilla-x-kong-the-new-empire,days,93,False,,False,,
godzilla-x-kong-the-new-empire,days,94,False,,False,,
godzilla-x-kong-the-new-empire,days,95,False,,False,,
godzilla-x-kong-the-new-empire,days,96,False,,False,,
godzilla-x-kong-the-new-empire,days,97,False,,False,,
godzilla-x-kong-the-new-empire,days,98,False,,False,,
godzilla-x-kong-the-new-empire,days,99,False,,False,,
godzilla-x-kong-the-new-empire,days,100,False,,False,,
godzilla-x-kong-the-new-empire,days,101,False,,False,,
godzilla-x-kong-the-new-empire,days,102,False,,False,,
godzilla-x-kong-the-new-empire,days,103,False,,False,,
godzilla-x-kong-the-new-empire,days,104,False,,False,,
godzilla-x-kong-the-new-empire,days,105,False,,False,,
godzilla-vs-kong,weeks,1,True,2021-03-31-to-2021-04-06-partial,False,True,False
godzilla-vs-kong,weeks,2,True,2021-04-07-to-2021-04-13,True,False,False
godzilla-vs-kong,weeks,3,True,2021-04-14-to-2021-04-20,True,False,False
godzilla-vs-kong,weeks,4,True,2021-04-21-to-2021-04-27,True,False,False
godzilla-vs-kong,weeks,5,True,2021-04-28-to-2021-05-04,True,False,False
godzilla-vs-kong,weeks,6,True,2021-05-05-to-2021-05-11,True,False,False
godzilla-vs-kong,weeks,7,True,2021-05-12-to-2021-05-18,True,False,False
godzilla-vs-kong,weeks,8,True,2021-05-19-to-2021-05-25,True,False,False
godzilla-vs-kong,weeks,9,True,2021-05-26-to-2021-06-01,True,False,False
godzilla-vs-kong,weeks,10,True,2021-06-02-to-2021-06-08,True,False,False
godzilla-vs-kong,weeks,11,True,2021-06-09-to-2021-06-15,True,False,False
godzilla-vs-kong,weeks,12,True,2021-06-16-to-2021-06-22,True,False,False
godzilla-vs-kong,weeks,13,True,2021-06-23-to-2021-06-29,True,False,False
godzilla-vs-kong,weeks,14,True,2021-06-30-to-2021-07-06,True,False,False
godzilla-vs-kong,weeks,15,True,2021-07-07-to-2021-07-13,True,False,False
godzilla-vs-kong,weeks,16,True,2021-07-14-to-2021-07-20,True,False,False
godzilla-vs-kong,weeks,17,True,2021-07-21-to-2021-07-27-partial,False,True,True
godzilla-vs-kong,weeks,18,True,2021-07-28-to-2021-08-03,True,False,False
godzilla-vs-kong,weeks,19,True,2021-08-04-to-2021-08-10,True,False,False
godzilla-vs-kong,weeks,20,True,2021-08-11-to-2021-08-17,True,False,False
godzilla-vs-kong,weeks,21,True,2021-08-18-to-2021-08-24,True,False,False
godzilla-vs-kong,weeks,22,True,2021-08-25-to-2021-08-31,True,False,False
godzilla-vs-kong,weeks,23,True,2021-09-01-to-2021-09-07,True,False,False
godzilla-vs-kong,weeks,24,True,2021-09-08-to-2021-09-14,True,False,False
godzilla-vs-kong,weeks,25,True,2021-09-15-to-2021-09-21,True,False,False
godzilla-vs-kong,weeks,26,True,2021-09-22-to-2021-09-28,True,False,False
godzilla-vs-kong,days,1,True,2021-03-31,False,True,False
godzilla-vs-kong,days,2,True,2021-04-01,True,False,False
godzilla-vs-kong,days,3,True,2021-04-02,True,False,False
godzilla-vs-kong,days,4,True,2021-04-03,True,False,False
godzilla-vs-kong,days,5,True,2021-04-04,True,False,False
godzilla-vs-kong,days,6,True,2021-04-05,True,False,False
godzilla-vs-kong,days,7,True,2021-04-06,True,False,False
godzilla-vs-kong,days,8,True,2021-04-07,True,False,False
godzilla-vs-kong,days,9,True,2021-04-08,True,False,False
godzilla-vs-kong,days,10,True,2021-04-09,True,False,False
godzilla-vs-kong,days,11,True,2021-04-10,True,False,False
godzilla-vs-kong,days,12,True,2021-04-11,True,False,False
godzilla-vs-kong,days,13,True,2021-04-12,True,False,False
godzilla-vs-kong,days,14,True,2021-04-13,True,False,False
godzilla-vs-kong,days,15,True,2021-04-14,True,False,False
godzilla-vs-kong,days,16,True,2021-04-15,True,False,False
godzilla-vs-kong,days,17,True,2021-04-16,True,False,False
godzilla-vs-kong,days,18,True,2021-04-17,True,False,False
godzilla-vs-kong,days,19,True,2021-04-18,True,False,False
godzilla-vs-kong,days,20,True,2021-04-19,True,False,False
godzilla-vs-kong,days,21,True,2021-04-20,True,False,False
godzilla-vs-kong,days,22,True,2021-04-21,True,False,False
godzilla-vs-kong,days,23,True,2021-04-22,True,False,False
godzilla-vs-kong,days,24,True,2021-04-23,True,False,False
godzilla-vs-kong,days,25,True,2021-04-24,True,False,False
godzilla-vs-kong,days,26,True,2021-04-25,True,False,False
godzilla-vs-kong,days,27,True,2021-04-26,True,False,False
godzilla-vs-kong,days,28,True,2021-04-27,True,False,False
godzilla-vs-kong,days,29,True,2021-04-28,True,False,False
godzilla-vs-kong,days,30,True,2021-04-29,True,False,False
godzilla-vs-kong,days,31,True,2021-04-30,True,False,False
godzilla-vs-kong,days,32,True,2021-05-01,True,False,False
godzilla-vs-kong,days,33,True,2021-05-02,True,False,False
godzilla-vs-kong,days,34,True,2021-05-03,True,False,False
godzilla-vs-kong,days,35,True,2021-05-04,True,False,False
godzilla-vs-kong,days,36,True,2021-05-05,True,False,False
godzilla-vs-kong,days,37,True,2021-05-06,True,False,False
godzilla-vs-kong,days,38,True,2021-05-07,True,False,False
godzilla-vs-kong,days,39,True,2021-05-08,True,False,False
godzilla-vs-kong,days,40,True,2021-05-09,True,False,False
godzilla-vs-kong,days,41,True,2021-05-10,True,False,False
godzilla-vs-kong,days,42,True,2021-05-11,True,False,False
godzilla-vs-kong,days,43,True,2021-05-12,True,False,False
godzilla-vs-kong,days,44,True,2021-05-13,True,False,False
godzilla-vs-kong,days,45,True,2021-05-14,True,False,False
godzilla-vs-kong,days,46,True,2021-05-15,True,False,False
godzilla-vs-kong,days,47,True,2021-05-16,True,False,False
godzilla-vs-kong,days,48,True,2021-05-17,True,False,False
godzilla-vs-kong,days,49,True,2021-05-18,True,False,False
godzilla-vs-kong,days,50,True,2021-05-19,True,False,False
godzilla-vs-kong,days,51,True,2021-05-20,True,False,False
godzilla-vs-kong,days,52,True,2021-05-21,True,False,False
godzilla-vs-kong,days,53,True,2021-05-22,True,False,False
godzilla-vs-kong,days,54,True,2021-05-23,True,False,False
godzilla-vs-kong,days,55,True,2021-05-24,True,False,False
godzilla-vs-kong,days,56,True,2021-05-25,True,False,False
godzilla-vs-kong,days,57,True,2021-05-26,True,False,False
godzilla-vs-kong,days,58,True,2021-05-27,True,False,False
godzilla-vs-kong,days,59,True,2021-05-28,True,False,False
godzilla-vs-kong,days,60,True,2021-05-29,True,False,False
godzilla-vs-kong,days,61,True,2021-05-30,True,False,False
godzilla-vs-kong,days,62,True,2021-05-31,True,False,False
godzilla-vs-kong,days,63,True,2021-06-01,True,False,False
godzilla-vs-kong,days,64,True,2021-06-02,True,False,False
godzilla-vs-kong,days,65,True,2021-06-03,True,False,False
godzilla-vs-kong,days,66,True,2021-06-04,True,False,False
godzilla-vs-kong,days,67,True,2021-06-05,True,False,False
godzilla-vs-kong,days,68,True,2021-06-06,True,False,False
godzilla-vs-kong,days,69,True,2021-06-07,True,False,False
godzilla-vs-kong,days,70,True,2021-06-08,True,False,False
godzilla-vs-kong,days,71,True,2021-06-09,True,False,False
godzilla-vs-kong,days,72,True,2021-06-10,True,False,False
godzilla-vs-kong,days,73,True,2021-06-11,True,False,False
godzilla-vs-kong,days,74,True,2021-06-12,True,False,False
godzilla-vs-kong,days,75,True,2021-06-13,True,False,False
godzilla-vs-kong,days,76,True,2021-06-14,True,False,False
godzilla-vs-kong,days,77,True,2021-06-15,True,False,False
godzilla-vs-kong,days,78,True,2021-06-16,True,False,False
godzilla-vs-kong,days,79,True,2021-06-17,True,False,False
godzilla-vs-kong,days,80,True,2021-06-18,True,False,False
godzilla-vs-kong,days,81,True,2021-06-19,True,False,False
godzilla-vs-kong,days,82,True,2021-06-20,True,False,False
godzilla-vs-kong,days,83,True,2021-06-21,True,False,False
godzilla-vs-kong,days,84,True,2021-06-22,True,False,False
godzilla-vs-kong,days,85,True,2021-06-23,True,False,False
godzilla-vs-kong,days,86,True,2021-06-24,True,False,False
godzilla-vs-kong,days,87,True,2021-06-25,True,False,False
godzilla-vs-kong,days,88,True,2021-06-26,True,False,False
godzilla-vs-kong,days,89,True,2021-06-27,True,False,False
godzilla-vs-kong,days,90,True,2021-06-28,True,False,False
godzilla-vs-kong,days,91,True,2021-06-29,True,False,False
godzilla-vs-kong,days,92,True,2021-06-30,True,False,False
godzilla-vs-kong,days,93,True,2021-07-01,True,False,False
godzilla-vs-kong,days,94,True,2021-07-02,True,False,False
godzilla-vs-kong,days,95,True,2021-07-03,True,False,False
godzilla-vs-kong,days,96,True,2021-07-04,True,False,False
godzilla-vs-kong,days,97,True,2021-07-05,True,False,False
godzilla-vs-kong,days,98,True,2021-07-06,True,False,False
godzilla-vs-kong,days,99,True,2021-07-07,True,False,False
godzilla-vs-kong,days,100,True,2021-07-08,True,False,False
godzilla-vs-kong,days,101,True,2021-07-09,True,False,False
godzilla-vs-kong,days,102,True,2021-07-10,True,False,False
godzilla-vs-kong,days,103,True,2021-07-11,True,False,False
godzilla-vs-kong,days,104,True,2021-07-12,True,False,False
godzilla-vs-kong,days,105,True,2021-07-13,True,False,False
monarch-legacy-of-monsters-101,weeks,1,True,2023-11-17-to-2023-11-23-partial,False,True,False
monarch-legacy-of-monsters-101,weeks,2,True,2023-11-24-to-2023-11-30,True,False,False
monarch-legacy-of-monsters-101,weeks,3,True,2023-12-01-to-2023-12-07,True,False,False
monarch-legacy-of-monsters-101,weeks,4,True,2023-12-08-to-2023-12-14,True,False,False
monarch-legacy-of-monsters-101,weeks,5,True,2023-12-15-to-2023-12-21,True,False,False
monarch-legacy-of-monsters-101,weeks,6,True,2023-12-22-to-2023-12-28,True,False,False
monarch-legacy-of-monsters-101,weeks,7,True,2023-12-29-to-2024-01-04,True,False,False
monarch-legacy-of-monsters-101,weeks,8,True,2024-01-05-to-2024-01-11,True,False,False
monarch-legacy-of-monsters-101,weeks,9,True,2024-01-12-to-2024-01-18,True,False,False
monarch-legacy-of-monsters-101,weeks,10,True,2024-01-19-to-2024-01-25,True,False,False
monarch-legacy-of-monsters-101,weeks,11,True,2024-01-26-to-2024-02-01,False,False,True
monarch-legacy-of-monsters-101,weeks,12,True,2024-02-02-to-2024-02-08-partial,False,True,True
monarch-legacy-of-monsters-101,weeks,13,True,2024-02-09-to-2024-02-15,True,False,False
monarch-legacy-of-monsters-101,weeks,14,True,2024-02-16-to-2024-02-22,True,False,False
monarch-legacy-of-monsters-101,weeks,15,True,2024-02-23-to-2024-02-29,True,False,False
monarch-legacy-of-monsters-101,weeks,16,True,2024-03-01-to-2024-03-07,True,False,False
monarch-legacy-of-monsters-101,weeks,17,True,2024-03-08-to-2024-03-14,True,False,False
monarch-legacy-of-monsters-101,weeks,18,True,2024-03-15-to-2024-03-21,True,False,False
monarch-legacy-of-monsters-101,weeks,19,True,2024-03-22-to-2024-03-28,True,False,False
monarch-legacy-of-monsters-101,weeks,20,True,2024-03-29-to-2024-04-04,False,False,True
monarch-legacy-of-monsters-101,weeks,21,True,2024-04-05-to-2024-04-11,True,False,False
monarch-legacy-of-monsters-101,weeks,22,True,2024-04-12-to-2024-04-18,True,False,False
monarch-legacy-of-monsters-101,weeks,23,True,2024-04-19-to-2024-04-25,True,False,False
monarch-legacy-of-monsters-101,weeks,24,True,2024-04-26-to-2024-05-02,True,False,False
monarch-legacy-of-monsters-101,weeks,25,True,2024-05-03-to-2024-05-09,True,False,False
monarch-legacy-of-monsters-101,weeks,26,True,2024-05-10-to-2024-05-16,True,False,False
monarch-legacy-of-monsters-101,days,1,True,2023-11-17,False,True,False
monarch-legacy-of-monsters-101,days,2,True,2023-11-18,True,False,False
monarch-legacy-of-monsters-101,days,3,True,2023-11-19,True,False,False
monarch-legacy-of-monsters-101,days,4,True,2023-11-20,True,False,False
monarch-legacy-of-monsters-101,days,5,True,2023-11-21,True,False,False
monarch-legacy-of-monsters-101,days,6,True,2023-11-22,True,False,False
monarch-legacy-of-monsters-101,days,7,True,2023-11-23,True,False,False
monarch-legacy-of-monsters-101,days,8,True,2023-11-24,True,False,False
monarch-legacy-of-monsters-101,days,9,True,2023-11-25,True,False,False
monarch-legacy-of-monsters-101,days,10,True,2023-11-26,True,False,False
monarch-legacy-of-monsters-101,days,11,True,2023-11-27,True,False,False
monarch-legacy-of-monsters-101,days,12,True,2023-11-28,True,False,False
monarch-legacy-of-monsters-101,days,13,True,2023-11-29,True,False,False
monarch-legacy-of-monsters-101,days,14,True,2023-11-30,True,False,False
monarch-legacy-of-monsters-101,days,15,True,2023-12-01,True,False,False
monarch-legacy-of-monsters-101,days,16,True,2023-12-02,True,False,False
monarch-legacy-of-monsters-101,days,17,True,2023-12-03,True,False,False
monarch-legacy-of-monsters-101,days,18,True,2023-12-04,True,False,False
monarch-legacy-of-monsters-101,days,19,True,2023-12-05,True,False,False
monarch-legacy-of-monsters-101,days,20,True,2023-12-06,True,False,False
monarch-legacy-of-monsters-101,days,21,True,2023-12-07,True,False,False
monarch-legacy-of-monsters-101,days,22,True,2023-12-08,True,False,False
monarch-legacy-of-monsters-101,days,23,True,2023-12-09,True,False,False
monarch-legacy-of-monsters-101,days,24,True,2023-12-10,True,False,False
monarch-legacy-of-monsters-101,days,25,True,2023-12-11,True,False,False
monarch-legacy-of-monsters-101,days,26,True,2023-12-12,True,False,False
monarch-legacy-of-monsters-101,days,27,True,2023-12-13,True,False,False
monarch-legacy-of-monsters-101,days,28,True,2023-12-14,True,False,False
monarch-legacy-of-monsters-101,days,29,True,2023-12-15,True,False,False
monarch-legacy-of-monsters-101,days,30,True,2023-12-16,True,False,False
monarch-legacy-of-monsters-101,days,31,True,2023-12-17,True,False,False
monarch-legacy-of-monsters-101,days,32,True,2023-12-18,True,False,False
monarch-legacy-of-monsters-101,days,33,True,2023-12-19,True,False,False
monarch-legacy-of-monsters-101,days,34,True,2023-12-20,True,False,False
monarch-legacy-of-monsters-101,days,35,True,2023-12-21,True,False,False
monarch-legacy-of-monsters-101,days,36,True,2023-12-22,True,False,False
monarch-legacy-of-monsters-101,days,37,True,2023-12-23,True,False,False
monarch-legacy-of-monsters-101,days,38,True,2023-12-24,True,False,False
monarch-legacy-of-monsters-101,days,39,True,2023-12-25,True,False,False
monarch-legacy-of-monsters-101,days,40,True,2023-12-26,True,False,False
monarch-legacy-of-monsters-101,days,41,True,2023-12-27,True,False,False
monarch-legacy-of-monsters-101,days,42,True,2023-12-28,True,False,False
monarch-legacy-of-monsters-101,days,43,True,2023-12-29,True,False,False
monarch-legacy-of-monsters-101,days,44,True,2023-12-30,True,False,False
monarch-legacy-of-monsters-101,days,45,True,2023-12-31,True,False,False
monarch-legacy-of-monsters-101,days,46,True,2024-01-01,True,False,False
monarch-legacy-of-monsters-101,days,47,True,2024-01-02,True,False,False
monarch-legacy-of-monsters-101,days,48,True,2024-01-03,True,False,False
monarch-legacy-of-monsters-101,days,49,True,2024-01-04,True,False,False
monarch-legacy-of-monsters-101,days,50,True,2024-01-05,True,False,False
monarch-legacy-of-monsters-101,days,51,True,2024-01-06,True,False,False
monarch-legacy-of-monsters-101,days,52,True,2024-01-07,True,False,False
monarch-legacy-of-monsters-101,days,53,True,2024-01-08,True,False,False
monarch-legacy-of-monsters-101,days,54,True,2024-01-09,True,False,False
monarch-legacy-of-monsters-101,days,55,True,2024-01-10,True,False,False
monarch-legacy-of-monsters-101,days,56,True,2024-01-11,True,False,False
monarch-legacy-of-monsters-101,days,57,True,2024-01-12,True,False,False
monarch-legacy-of-monsters-101,days,58,True,2024-01-13,True,False,False
monarch-legacy-of-monsters-101,days,59,True,2024-01-14,True,False,False
monarch-legacy-of-monsters-101,days,60,True,2024-01-15,True,False,False
monarch-legacy-of-monsters-101,days,61,True,2024-01-16,True,False,False
monarch-legacy-of-monsters-101,days,62,True,2024-01-17,True,False,False
monarch-legacy-of-monsters-101,days,63,True,2024-01-18,True,False,False
monarch-legacy-of-monsters-101,days,64,True,2024-01-19,True,False,False
monarch-legacy-of-monsters-101,days,65,True,2024-01-20,True,False,False
monarch-legacy-of-monsters-101,days,66,True,2024-01-21,True,False,False
monarch-legacy-of-monsters-101,days,67,True,2024-01-22,True,False,False
monarch-legacy-of-monsters-101,days,68,True,2024-01-23,True,False,False
monarch-legacy-of-monsters-101,days,69,True,2024-01-24,True,False,False
monarch-legacy-of-monsters-101,days,70,True,2024-01-25,True,False,False
monarch-legacy-of-monsters-101,days,71,True,2024-01-26,True,False,False
monarch-legacy-of-monsters-101,days,72,True,2024-01-27,True,False,False
monarch-legacy-of-monsters-101,days,73,True,2024-01-28,True,False,False
monarch-legacy-of-monsters-101,days,74,True,2024-01-29,True,False,False
monarch-legacy-of-monsters-101,days,75,True,2024-01-30,True,False,False
monarch-legacy-of-monsters-101,days,76,True,2024-01-31,True,False,False
monarch-legacy-of-monsters-101,days,77,True,2024-02-01,False,False,True
monarch-legacy-of-monsters-101,days,78,False,,False,,
monarch-legacy-of-monsters-101,days,79,True,2024-02-03,False,False,True
monarch-legacy-of-monsters-101,days,80,True,2024-02-04,True,False,False
monarch-legacy-of-monsters-101,days,81,True,2024-02-05,True,False,False
monarch-legacy-of-monsters-101,days,82,True,2024-02-06,True,False,False
monarch-legacy-of-monsters-101,days,83,True,2024-02-07,True,False,False
monarch-legacy-of-monsters-101,days,84,True,2024-02-08,True,False,False
monarch-legacy-of-monsters-101,days,85,True,2024-02-09,True,False,False
monarch-legacy-of-monsters-101,days,86,True,2024-02-10,True,False,False
monarch-legacy-of-monsters-101,days,87,True,2024-02-11,True,False,False
monarch-legacy-of-monsters-101,days,88,True,2024-02-12,True,False,False
monarch-legacy-of-monsters-101,days,89,True,2024-02-13,True,False,False
monarch-legacy-of-monsters-101,days,90,True,2024-02-14,True,False,False
monarch-legacy-of-monsters-101,days,91,True,2024-02-15,True,False,False
monarch-legacy-of-monsters-101,days,92,True,2024-02-16,True,False,False
monarch-legacy-of-monsters-101,days,93,True,2024-02-17,True,False,False
monarch-legacy-of-monsters-101,days,94,True,2024-02-18,True,False,False
monarch-legacy-of-monsters-101,days,95,True,2024-02-19,True,False,False
monarch-legacy-of-monsters-101,days,96,True,2024-02-20,True,False,False
monarch-legacy-of-monsters-101,days,97,True,2024-02-21,True,False,False
monarch-legacy-of-monsters-101,days,98,True,2024-02-22,True,False,False
monarch-legacy-of-monsters-101,days,99,True,2024-02-23,True,False,False
monarch-legacy-of-monsters-101,days,100,True,2024-02-24,True,False,False
monarch-legacy-of-monsters-101,days,101,True,2024-02-25,True,False,False
monarch-legacy-of-monsters-101,days,102,True,2024-02-26,True,False,False
monarch-legacy-of-monsters-101,days,103,True,2024-02-27,True,False,False
monarch-legacy-of-monsters-101,days,104,True,2024-02-28,True,False,False
monarch-legacy-of-monsters-101,days,105,True,2024-02-29,True,False,False
monarch-legacy-of-monsters-110,weeks,1,True,2024-01-12-to-2024-01-18-partial,False,True,False
monarch-legacy-of-monsters-110,weeks,2,True,2024-01-19-to-2024-01-25,True,False,False
monarch-legacy-of-monsters-110,weeks,3,True,2024-01-26-to-2024-02-01-partial,False,True,False
monarch-legacy-of-monsters-110,weeks,4,True,2024-02-02-to-2024-02-08,True,False,False
monarch-legacy-of-monsters-110,weeks,5,True,2024-02-09-to-2024-02-15,True,False,False
monarch-legacy-of-monsters-110,weeks,6,True,2024-02-16-to-2024-02-22,True,False,False
monarch-legacy-of-monsters-110,weeks,7,True,2024-02-23-to-2024-02-29,True,False,False
monarch-legacy-of-monsters-110,weeks,8,True,2024-03-01-to-2024-03-07,True,False,False
monarch-legacy-of-monsters-110,weeks,9,True,2024-03-08-to-2024-03-14,True,False,False
monarch-legacy-of-monsters-110,weeks,10,True,2024-03-15-to-2024-03-21,True,False,False
monarch-legacy-of-monsters-110,weeks,11,True,2024-03-22-to-2024-03-28,True,False,False
monarch-legacy-of-monsters-110,weeks,12,True,2024-03-29-to-2024-04-04,False,False,True
monarch-legacy-of-monsters-110,weeks,13,True,2024-04-05-to-2024-04-11,True,False,False
monarch-legacy-of-monsters-110,weeks,14,True,2024-04-12-to-2024-04-18,True,False,False
monarch-legacy-of-monsters-110,weeks,15,True,2024-04-19-to-2024-04-25,False,False,True
monarch-legacy-of-monsters-110,weeks,16,True,2024-04-26-to-2024-05-02,True,False,False
monarch-legacy-of-monsters-110,weeks,17,True,2024-05-03-to-2024-05-09,True,False,False
monarch-legacy-of-monsters-110,weeks,18,True,2024-05-10-to-2024-05-16,True,False,False
monarch-legacy-of-monsters-110,weeks,19,True,2024-05-17-to-2024-05-23,True,False,False
monarch-legacy-of-monsters-110,weeks,20,True,2024-05-24-to-2024-05-30,True,False,False
monarch-legacy-of-monsters-110,weeks,21,True,2024-05-31-to-2024-06-06,True,False,False
monarch-legacy-of-monsters-110,weeks,22,False,,False,,
monarch-legacy-of-monsters-110,weeks,23,False,,False,,
monarch-legacy-of-monsters-110,weeks,24,False,,False,,
monarch-legacy-of-monsters-110,weeks,25,False,,False,,
monarch-legacy-of-monsters-110,weeks,26,False,,False,,
monarch-legacy-of-monsters-110,days,1,False,,False,,
monarch-legacy-of-monsters-110,days,2,False,,False,,
monarch-legacy-of-monsters-110,days,3,False,,False,,
monarch-legacy-of-monsters-110,days,4,False,,False,,
monarch-legacy-of-monsters-110,days,5,False,,False,,
monarch-legacy-of-monsters-110,days,6,False,,False,,
monarch-legacy-of-monsters-110,days,7,False,,False,,
monarch-legacy-of-monsters-110,days,8,False,,False,,
monarch-legacy-of-monsters-110,days,9,False,,False,,
monarch-legacy-of-monsters-110,days,10,False,,False,,
monarch-legacy-of-monsters-110,days,11,False,,False,,
monarch-legacy-of-monsters-110,days,12,False,,False,,
monarch-legacy-of-monsters-110,days,13,False,,False,,
monarch-legacy-of-monsters-110,days,14,False,,False,,
monarch-legacy-of-monsters-110,days,15,False,,False,,
monarch-legacy-of-monsters-110,days,16,False,,False,,
monarch-legacy-of-monsters-110,days,17,False,,False,,
monarch-legacy-of-monsters-110,days,18,False,,False,,
monarch-legacy-of-monsters-110,days,19,False,,False,,
monarch-legacy-of-monsters-110,days,20,False,,False,,
monarch-legacy-of-monsters-110,days,21,False,,False,,
monarch-legacy-of-monsters-110,days,22,False,,False,,
monarch-legacy-of-monsters-110,days,23,False,,False,,
monarch-legacy-of-monsters-110,days,24,False,,False,,
monarch-legacy-of-monsters-110,days,25,False,,False,,
monarch-legacy-of-monsters-110,days,26,False,,False,,
monarch-legacy-of-monsters-110,days,27,False,,False,,
monarch-legacy-of-monsters-110,days,28,False,,False,,
monarch-legacy-of-monsters-110,days,29,False,,False,,
monarch-legacy-of-monsters-110,days,30,False,,False,,
monarch-legacy-of-monsters-110,days,31,False,,False,,
monarch-legacy-of-monsters-110,days,32,False,,False,,
monarch-legacy-of-monsters-110,days,33,False,,False,,
monarch-legacy-of-monsters-110,days,34,False,,False,,
monarch-legacy-of-monsters-110,days,35,False,,False,,
monarch-legacy-of-monsters-110,days,36,False,,False,,
monarch-legacy-of-monsters-110,days,37,False,,False,,
monarch-legacy-of-monsters-110,days,38,False,,False,,
monarch-legacy-of-monsters-110,days,39,False,,False,,
monarch-legacy-of-monsters-110,days,40,False,,False,,
monarch-legacy-of-monsters-110,days,41,False,,False,,
monarch-legacy-of-monsters-110,days,42,False,,False,,
monarch-legacy-of-monsters-110,days,43,False,,False,,
monarch-legacy-of-monsters-110,days,44,False,,False,,
monarch-legacy-of-monsters-110,days,45,False,,False,,
monarch-legacy-of-monsters-110,days,46,False,,False,,
monarch-legacy-of-monsters-110,days,47,False,,False,,
monarch-legacy-of-monsters-110,days,48,False,,False,,
monarch-legacy-of-monsters-110,days,49,False,,False,,
monarch-legacy-of-monsters-110,days,50,False,,False,,
monarch-legacy-of-monsters-110,days,51,False,,False,,
monarch-legacy-of-monsters-110,days,52,False,,False,,
monarch-legacy-of-monsters-110,days,53,False,,False,,
monarch-legacy-of-monsters-110,days,54,False,,False,,
monarch-legacy-of-monsters-110,days,55,False,,False,,
monarch-legacy-of-monsters-110,days,56,False,,False,,
monarch-legacy-of-monsters-110,days,57,False,,False,,
monarch-legacy-of-monsters-110,days,58,False,,False,,
monarch-legacy-of-monsters-110,days,59,False,,False,,
monarch-legacy-of-monsters-110,days,60,False,,False,,
monarch-legacy-of-monsters-110,days,61,False,,False,,
monarch-legacy-of-monsters-110,days,62,False,,False,,
monarch-legacy-of-monsters-110,days,63,False,,False,,
monarch-legacy-of-monsters-110,days,64,False,,False,,
monarch-legacy-of-monsters-110,days,65,False,,False,,
monarch-legacy-of-monsters-110,days,66,False,,False,,
monarch-legacy-of-monsters-110,days,67,False,,False,,
monarch-legacy-of-monsters-110,days,68,False,,False,,
monarch-legacy-of-monsters-110,days,69,False,,False,,
monarch-legacy-of-monsters-110,days,70,False,,False,,
monarch-legacy-of-monsters-110,days,71,False,,False,,
monarch-legacy-of-monsters-110,days,72,False,,False,,
monarch-legacy-of-monsters-110,days,73,False,,False,,
monarch-legacy-of-monsters-110,days,74,False,,False,,
monarch-legacy-of-monsters-110,days,75,False,,False,,
monarch-legacy-of-monsters-110,days,76,False,,False,,
monarch-legacy-of-monsters-110,days,77,False,,False,,
monarch-legacy-of-monsters-110,days,78,False,,False,,
monarch-legacy-of-monsters-110,days,79,False,,False,,
monarch-legacy-of-monsters-110,days,80,False,,False,,
monarch-legacy-of-monsters-110,days,81,False,,False,,
monarch-legacy-of-monsters-110,days,82,False,,False,,
monarch-legacy-of-monsters-110,days,83,False,,False,,
monarch-legacy-of-monsters-110,days,84,False,,False,,
monarch-legacy-of-monsters-110,days,85,False,,False,,
monarch-legacy-of-monsters-110,days,86,False,,False,,
monarch-legacy-of-monsters-110,days,87,False,,False,,
monarch-legacy-of-monsters-110,days,88,False,,False,,
monarch-legacy-of-monsters-110,days,89,False,,False,,
monarch-legacy-of-monsters-110,days,90,False,,False,,
monarch-legacy-of-monsters-110,days,91,False,,False,,
monarch-legacy-of-monsters-110,days,92,False,,False,,
monarch-legacy-of-monsters-110,days,93,False,,False,,
monarch-legacy-of-monsters-110,days,94,False,,False,,
monarch-legacy-of-monsters-110,days,95,False,,False,,
monarch-legacy-of-monsters-110,days,96,False,,False,,
monarch-legacy-of-monsters-110,days,97,False,,False,,
monarch-legacy-of-monsters-110,days,98,False,,False,,
monarch-legacy-of-monsters-110,days,99,False,,False,,
monarch-legacy-of-monsters-110,days,100,False,,False,,
monarch-legacy-of-monsters-110,days,101,False,,False,,
monarch-legacy-of-monsters-110,days,102,False,,False,,
monarch-legacy-of-monsters-110,days,103,False,,False,,
monarch-legacy-of-monsters-110,days,104,False,,False,,
monarch-legacy-of-monsters-110,days,105,False,,False,,
monarch-legacy-of-monsters-201,weeks,1,True,2026-02-27-to-2026-03-05-partial,False,True,False
monarch-legacy-of-monsters-201,weeks,2,True,2026-03-06-to-2026-03-12,True,False,False
monarch-legacy-of-monsters-201,weeks,3,True,2026-03-13-to-2026-03-19,True,False,False
monarch-legacy-of-monsters-201,weeks,4,True,2026-03-20-to-2026-03-26,True,False,False
monarch-legacy-of-monsters-201,weeks,5,True,2026-03-27-to-2026-04-02,False,False,True
monarch-legacy-of-monsters-201,weeks,6,True,2026-04-03-to-2026-04-09,True,False,False
monarch-legacy-of-monsters-201,weeks,7,True,2026-04-10-to-2026-04-16,True,False,False
monarch-legacy-of-monsters-201,weeks,8,True,2026-04-17-to-2026-04-23,True,False,False
monarch-legacy-of-monsters-201,weeks,9,True,2026-04-24-to-2026-04-30,True,False,False
monarch-legacy-of-monsters-201,weeks,10,True,2026-05-01-to-2026-05-07,True,False,False
monarch-legacy-of-monsters-201,weeks,11,True,2026-05-08-to-2026-05-14,True,False,False
monarch-legacy-of-monsters-201,weeks,12,True,2026-05-15-to-2026-05-21,True,False,False
monarch-legacy-of-monsters-201,weeks,13,True,2026-05-22-to-2026-05-28,False,False,True
monarch-legacy-of-monsters-201,weeks,14,True,2026-05-29-to-2026-06-04,True,False,False
monarch-legacy-of-monsters-201,weeks,15,True,2026-06-05-to-2026-06-11,True,False,False
monarch-legacy-of-monsters-201,weeks,16,True,2026-06-12-to-2026-06-18,True,False,False
monarch-legacy-of-monsters-201,weeks,17,True,2026-06-19-to-2026-06-25,True,False,False
monarch-legacy-of-monsters-201,weeks,18,True,2026-06-26-to-2026-07-02,True,False,False
monarch-legacy-of-monsters-201,weeks,19,True,2026-07-03-to-2026-07-09-partial,False,True,True
monarch-legacy-of-monsters-201,weeks,20,True,2026-07-10-to-2026-07-16,True,False,False
monarch-legacy-of-monsters-201,weeks,21,True,2026-07-17-to-2026-07-23,True,False,False
monarch-legacy-of-monsters-201,weeks,22,True,2026-07-24-to-2026-07-30,True,False,False
monarch-legacy-of-monsters-201,weeks,23,True,2026-07-31-to-2026-08-06,True,False,False
monarch-legacy-of-monsters-201,weeks,24,True,2026-08-07-to-2026-08-13,True,False,False
monarch-legacy-of-monsters-201,weeks,25,True,2026-08-14-to-2026-08-20,True,False,False
monarch-legacy-of-monsters-201,weeks,26,True,2026-08-21-to-2026-08-27,True,False,False
monarch-legacy-of-monsters-201,days,1,True,2026-02-27,False,True,False
monarch-legacy-of-monsters-201,days,2,True,2026-02-28,True,False,False
monarch-legacy-of-monsters-201,days,3,True,2026-03-01,True,False,False
monarch-legacy-of-monsters-201,days,4,True,2026-03-02,True,False,False
monarch-legacy-of-monsters-201,days,5,True,2026-03-03,True,False,False
monarch-legacy-of-monsters-201,days,6,True,2026-03-04,True,False,False
monarch-legacy-of-monsters-201,days,7,True,2026-03-05,True,False,False
monarch-legacy-of-monsters-201,days,8,True,2026-03-06,True,False,False
monarch-legacy-of-monsters-201,days,9,True,2026-03-07,True,False,False
monarch-legacy-of-monsters-201,days,10,True,2026-03-08,True,False,False
monarch-legacy-of-monsters-201,days,11,True,2026-03-09,True,False,False
monarch-legacy-of-monsters-201,days,12,True,2026-03-10,True,False,False
monarch-legacy-of-monsters-201,days,13,True,2026-03-11,True,False,False
monarch-legacy-of-monsters-201,days,14,True,2026-03-12,True,False,False
monarch-legacy-of-monsters-201,days,15,True,2026-03-13,True,False,False
monarch-legacy-of-monsters-201,days,16,True,2026-03-14,True,False,False
monarch-legacy-of-monsters-201,days,17,True,2026-03-15,True,False,False
monarch-legacy-of-monsters-201,days,18,True,2026-03-16,True,False,False
monarch-legacy-of-monsters-201,days,19,True,2026-03-17,True,False,False
monarch-legacy-of-monsters-201,days,20,True,2026-03-18,True,False,False
monarch-legacy-of-monsters-201,days,21,True,2026-03-19,True,False,False
monarch-legacy-of-monsters-201,days,22,True,2026-03-20,True,False,False
monarch-legacy-of-monsters-201,days,23,True,2026-03-21,True,False,False
monarch-legacy-of-monsters-201,days,24,True,2026-03-22,True,False,False
monarch-legacy-of-monsters-201,days,25,True,2026-03-23,True,False,False
monarch-legacy-of-monsters-201,days,26,True,2026-03-24,True,False,False
monarch-legacy-of-monsters-201,days,27,True,2026-03-25,True,False,False
monarch-legacy-of-monsters-201,days,28,True,2026-03-26,True,False,False
monarch-legacy-of-monsters-201,days,29,True,2026-03-27,True,False,False
monarch-legacy-of-monsters-201,days,30,True,2026-03-28,True,False,False
monarch-legacy-of-monsters-201,days,31,True,2026-03-29,False,False,True
monarch-legacy-of-monsters-201,days,32,True,2026-03-30,True,False,False
monarch-legacy-of-monsters-201,days,33,True,2026-03-31,True,False,False
monarch-legacy-of-monsters-201,days,34,True,2026-04-01,True,False,False
monarch-legacy-of-monsters-201,days,35,True,2026-04-02,True,False,False
monarch-legacy-of-monsters-201,days,36,True,2026-04-03,True,False,False
monarch-legacy-of-monsters-201,days,37,True,2026-04-04,True,False,False
monarch-legacy-of-monsters-201,days,38,True,2026-04-05,True,False,False
monarch-legacy-of-monsters-201,days,39,True,2026-04-06,True,False,False
monarch-legacy-of-monsters-201,days,40,True,2026-04-07,True,False,False
monarch-legacy-of-monsters-201,days,41,True,2026-04-08,True,False,False
monarch-legacy-of-monsters-201,days,42,True,2026-04-09,True,False,False
monarch-legacy-of-monsters-201,days,43,True,2026-04-10,True,False,False
monarch-legacy-of-monsters-201,days,44,True,2026-04-11,True,False,False
monarch-legacy-of-monsters-201,days,45,True,2026-04-12,True,False,False
monarch-legacy-of-monsters-201,days,46,True,2026-04-13,True,False,False
monarch-legacy-of-monsters-201,days,47,True,2026-04-14,True,False,False
monarch-legacy-of-monsters-201,days,48,True,2026-04-15,True,False,False
monarch-legacy-of-monsters-201,days,49,True,2026-04-16,True,False,False
monarch-legacy-of-monsters-201,days,50,True,2026-04-17,True,False,False
monarch-legacy-of-monsters-201,days,51,True,2026-04-18,True,False,False
monarch-legacy-of-monsters-201,days,52,True,2026-04-19,True,False,False
monarch-legacy-of-monsters-201,days,53,True,2026-04-20,True,False,False
monarch-legacy-of-monsters-201,days,54,True,2026-04-21,True,False,False
monarch-legacy-of-monsters-201,days,55,True,2026-04-22,True,False,False
monarch-legacy-of-monsters-201,days,56,True,2026-04-23,True,False,False
monarch-legacy-of-monsters-201,days,57,True,2026-04-24,True,False,False
monarch-legacy-of-monsters-201,days,58,True,2026-04-25,True,False,False
monarch-legacy-of-monsters-201,days,59,True,2026-04-26,True,False,False
monarch-legacy-of-monsters-201,days,60,True,2026-04-27,True,False,False
monarch-legacy-of-monsters-201,days,61,True,2026-04-28,True,False,False
monarch-legacy-of-monsters-201,days,62,True,2026-04-29,True,False,False
monarch-legacy-of-monsters-201,days,63,True,2026-04-30,True,False,False
monarch-legacy-of-monsters-201,days,64,True,2026-05-01,True,False,False
monarch-legacy-of-monsters-201,days,65,True,2026-05-02,True,False,False
monarch-legacy-of-monsters-201,days,66,True,2026-05-03,True,False,False
monarch-legacy-of-monsters-201,days,67,True,2026-05-04,True,False,False
monarch-legacy-of-monsters-201,days,68,True,2026-05-05,True,False,False
monarch-legacy-of-monsters-201,days,69,True,2026-05-06,True,False,False
monarch-legacy-of-monsters-201,days,70,True,2026-05-07,True,False,False
monarch-legacy-of-monsters-201,days,71,True,2026-05-08,True,False,False
monarch-legacy-of-monsters-201,days,72,True,2026-05-09,True,False,False
monarch-legacy-of-monsters-201,days,73,True,2026-05-10,True,False,False
monarch-legacy-of-monsters-201,days,74,True,2026-05-11,True,False,False
monarch-legacy-of-monsters-201,days,75,True,2026-05-12,True,False,False
monarch-legacy-of-monsters-201,days,76,True,2026-05-13,True,False,False
monarch-legacy-of-monsters-201,days,77,True,2026-05-14,True,False,False
monarch-legacy-of-monsters-201,days,78,True,2026-05-15,True,False,False
monarch-legacy-of-monsters-201,days,79,True,2026-05-16,True,False,False
monarch-legacy-of-monsters-201,days,80,True,2026-05-17,True,False,False
monarch-legacy-of-monsters-201,days,81,True,2026-05-18,True,False,False
monarch-legacy-of-monsters-201,days,82,True,2026-05-19,True,False,False
monarch-legacy-of-monsters-201,days,83,True,2026-05-20,True,False,False
monarch-legacy-of-monsters-201,days,84,True,2026-05-21,True,False,False
monarch-legacy-of-monsters-201,days,85,True,2026-05-22,True,False,False
monarch-legacy-of-monsters-201,days,86,True,2026-05-23,True,False,False
monarch-legacy-of-monsters-201,days,87,True,2026-05-24,True,False,False
monarch-legacy-of-monsters-201,days,88,True,2026-05-25,True,False,False
monarch-legacy-of-monsters-201,days,89,True,2026-05-26,True,False,False
monarch-legacy-of-monsters-201,days,90,True,2026-05-27,False,False,True
monarch-legacy-of-monsters-201,days,91,True,2026-05-28,False,False,True
monarch-legacy-of-monsters-201,days,92,True,2026-05-29,True,False,False
monarch-legacy-of-monsters-201,days,93,True,2026-05-30,True,False,False
monarch-legacy-of-monsters-201,days,94,True,2026-05-31,True,False,False
monarch-legacy-of-monsters-201,days,95,True,2026-06-01,True,False,False
monarch-legacy-of-monsters-201,days,96,True,2026-06-02,True,False,False
monarch-legacy-of-monsters-201,days,97,True,2026-06-03,True,False,False
monarch-legacy-of-monsters-201,days,98,True,2026-06-04,True,False,False
monarch-legacy-of-monsters-201,days,99,True,2026-06-05,True,False,False
monarch-legacy-of-monsters-201,days,100,True,2026-06-06,True,False,False
monarch-legacy-of-monsters-201,days,101,True,2026-06-07,True,False,False
monarch-legacy-of-monsters-201,days,102,True,2026-06-08,True,False,False
monarch-legacy-of-monsters-201,days,103,True,2026-06-09,True,False,False
monarch-legacy-of-monsters-201,days,104,True,2026-06-10,True,False,False
monarch-legacy-of-monsters-201,days,105,True,2026-06-11,True,False,False
monarch-legacy-of-monsters-208,weeks,1,True,2026-04-17-to-2026-04-23,True,False,False
monarch-legacy-of-monsters-208,weeks,2,True,2026-04-24-to-2026-04-30,True,False,False
monarch-legacy-of-monsters-208,weeks,3,True,2026-05-01-to-2026-05-07,True,False,False
monarch-legacy-of-monsters-208,weeks,4,True,2026-05-08-to-2026-05-14,True,False,False
monarch-legacy-of-monsters-208,weeks,5,True,2026-05-15-to-2026-05-21,True,False,False
monarch-legacy-of-monsters-208,weeks,6,True,2026-05-22-to-2026-05-28,True,False,False
monarch-legacy-of-monsters-208,weeks,7,True,2026-05-29-to-2026-06-04,True,False,False
monarch-legacy-of-monsters-208,weeks,8,True,2026-06-05-to-2026-06-11,True,False,False
monarch-legacy-of-monsters-208,weeks,9,True,2026-06-12-to-2026-06-18,True,False,False
monarch-legacy-of-monsters-208,weeks,10,True,2026-06-19-to-2026-06-25,False,False,True
monarch-legacy-of-monsters-208,weeks,11,True,2026-06-26-to-2026-07-02-partial,False,True,True
monarch-legacy-of-monsters-208,weeks,12,True,2026-07-03-to-2026-07-09,True,False,False
monarch-legacy-of-monsters-208,weeks,13,True,2026-07-10-to-2026-07-16,True,False,False
monarch-legacy-of-monsters-208,weeks,14,True,2026-07-17-to-2026-07-23,True,False,False
monarch-legacy-of-monsters-208,weeks,15,True,2026-07-24-to-2026-07-30,True,False,False
monarch-legacy-of-monsters-208,weeks,16,True,2026-07-31-to-2026-08-06,True,False,False
monarch-legacy-of-monsters-208,weeks,17,True,2026-08-07-to-2026-08-13,False,False,True
monarch-legacy-of-monsters-208,weeks,18,True,2026-08-14-to-2026-08-20,True,False,False
monarch-legacy-of-monsters-208,weeks,19,True,2026-08-21-to-2026-08-27,True,False,False
monarch-legacy-of-monsters-208,weeks,20,True,2026-08-28-to-2026-09-03,True,False,False
monarch-legacy-of-monsters-208,weeks,21,True,2026-09-04-to-2026-09-10,True,False,False
monarch-legacy-of-monsters-208,weeks,22,True,2026-09-11-to-2026-09-17,True,False,False
monarch-legacy-of-monsters-208,weeks,23,True,2026-09-18-to-2026-09-24,True,False,False
monarch-legacy-of-monsters-208,weeks,24,True,2026-09-25-to-2026-10-01,False,False,True
monarch-legacy-of-monsters-208,weeks,25,False,,False,,
monarch-legacy-of-monsters-208,weeks,26,False,,False,,
monarch-legacy-of-monsters-208,days,1,True,2026-04-17,False,True,False
monarch-legacy-of-monsters-208,days,2,True,2026-04-18,True,False,False
monarch-legacy-of-monsters-208,days,3,True,2026-04-19,True,False,False
monarch-legacy-of-monsters-208,days,4,True,2026-04-20,True,False,False
monarch-legacy-of-monsters-208,days,5,True,2026-04-21,True,False,False
monarch-legacy-of-monsters-208,days,6,True,2026-04-22,True,False,False
monarch-legacy-of-monsters-208,days,7,True,2026-04-23,True,False,False
monarch-legacy-of-monsters-208,days,8,True,2026-04-24,True,False,False
monarch-legacy-of-monsters-208,days,9,True,2026-04-25,True,False,False
monarch-legacy-of-monsters-208,days,10,True,2026-04-26,True,False,False
monarch-legacy-of-monsters-208,days,11,True,2026-04-27,True,False,False
monarch-legacy-of-monsters-208,days,12,True,2026-04-28,True,False,False
monarch-legacy-of-monsters-208,days,13,True,2026-04-29,True,False,False
monarch-legacy-of-monsters-208,days,14,True,2026-04-30,True,False,False
monarch-legacy-of-monsters-208,days,15,True,2026-05-01,True,False,False
monarch-legacy-of-monsters-208,days,16,True,2026-05-02,True,False,False
monarch-legacy-of-monsters-208,days,17,True,2026-05-03,True,False,False
monarch-legacy-of-monsters-208,days,18,True,2026-05-04,True,False,False
monarch-legacy-of-monsters-208,days,19,True,2026-05-05,True,False,False
monarch-legacy-of-monsters-208,days,20,True,2026-05-06,True,False,False
monarch-legacy-of-monsters-208,days,21,True,2026-05-07,True,False,False
monarch-legacy-of-monsters-208,days,22,True,2026-05-08,True,False,False
monarch-legacy-of-monsters-208,days,23,True,2026-05-09,True,False,False
monarch-legacy-of-monsters-208,days,24,True,2026-05-10,True,False,False
monarch-legacy-of-monsters-208,days,25,True,2026-05-11,True,False,False
monarch-legacy-of-monsters-208,days,26,True,2026-05-12,True,False,False
monarch-legacy-of-monsters-208,days,27,True,2026-05-13,True,False,False
monarch-legacy-of-monsters-208,days,28,True,2026-05-14,True,False,False
monarch-legacy-of-monsters-208,days,29,True,2026-05-15,True,False,False
monarch-legacy-of-monsters-208,days,30,True,2026-05-16,True,False,False
monarch-legacy-of-monsters-208,days,31,True,2026-05-17,True,False,False
monarch-legacy-of-monsters-208,days,32,True,2026-05-18,True,False,False
monarch-legacy-of-monsters-208,days,33,True,2026-05-19,True,False,False
monarch-legacy-of-monsters-208,days,34,True,2026-05-20,True,False,False
monarch-legacy-of-monsters-208,days,35,True,2026-05-21,True,False,False
monarch-legacy-of-monsters-208,days,36,True,2026-05-22,True,False,False
monarch-legacy-of-monsters-208,days,37,True,2026-05-23,True,False,False
monarch-legacy-of-monsters-208,days,38,True,2026-05-24,True,False,False
monarch-legacy-of-monsters-208,days,39,True,2026-05-25,True,False,False
monarch-legacy-of-monsters-208,days,40,True,2026-05-26,True,False,False
monarch-legacy-of-monsters-208,days,41,True,2026-05-27,True,False,False
monarch-legacy-of-monsters-208,days,42,True,2026-05-28,True,False,False
monarch-legacy-of-monsters-208,days,43,True,2026-05-29,True,False,False
monarch-legacy-of-monsters-208,days,44,True,2026-05-30,True,False,False
monarch-legacy-of-monsters-208,days,45,True,2026-05-31,True,False,False
monarch-legacy-of-monsters-208,days,46,True,2026-06-01,True,False,False
monarch-legacy-of-monsters-208,days,47,True,2026-06-02,True,False,False
monarch-legacy-of-monsters-208,days,48,True,2026-06-03,True,False,False
monarch-legacy-of-monsters-208,days,49,True,2026-06-04,True,False,False
monarch-legacy-of-monsters-208,days,50,True,2026-06-05,True,False,False
monarch-legacy-of-monsters-208,days,51,True,2026-06-06,True,False,False
monarch-legacy-of-monsters-208,days,52,True,2026-06-07,True,False,False
monarch-legacy-of-monsters-208,days,53,True,2026-06-08,True,False,False
monarch-legacy-of-monsters-208,days,54,True,2026-06-09,True,False,False
monarch-legacy-of-monsters-208,days,55,True,2026-06-10,True,False,False
monarch-legacy-of-monsters-208,days,56,True,2026-06-11,True,False,False
monarch-legacy-of-monsters-208,days,57,True,2026-06-12,True,False,False
monarch-legacy-of-monsters-208,days,58,True,2026-06-13,True,False,False
monarch-legacy-of-monsters-208,days,59,True,2026-06-14,True,False,False
monarch-legacy-of-monsters-208,days,60,True,2026-06-15,True,False,False
monarch-legacy-of-monsters-208,days,61,True,2026-06-16,True,False,False
monarch-legacy-of-monsters-208,days,62,True,2026-06-17,True,False,False
monarch-legacy-of-monsters-208,days,63,True,2026-06-18,True,False,False
monarch-legacy-of-monsters-208,days,64,True,2026-06-19,True,False,False
monarch-legacy-of-monsters-208,days,65,True,2026-06-20,True,False,False
monarch-legacy-of-monsters-208,days,66,True,2026-06-21,True,False,False
monarch-legacy-of-monsters-208,days,67,True,2026-06-22,True,False,False
monarch-legacy-of-monsters-208,days,68,True,2026-06-23,True,False,False
monarch-legacy-of-monsters-208,days,69,True,2026-06-24,True,False,False
monarch-legacy-of-monsters-208,days,70,True,2026-06-25,False,False,True
monarch-legacy-of-monsters-208,days,71,False,,False,,
monarch-legacy-of-monsters-208,days,72,True,2026-06-27,False,False,True
monarch-legacy-of-monsters-208,days,73,True,2026-06-28,True,False,False
monarch-legacy-of-monsters-208,days,74,True,2026-06-29,True,False,False
monarch-legacy-of-monsters-208,days,75,True,2026-06-30,True,False,False
monarch-legacy-of-monsters-208,days,76,True,2026-07-01,True,False,False
monarch-legacy-of-monsters-208,days,77,True,2026-07-02,True,False,False
monarch-legacy-of-monsters-208,days,78,True,2026-07-03,True,False,False
monarch-legacy-of-monsters-208,days,79,True,2026-07-04,True,False,False
monarch-legacy-of-monsters-208,days,80,True,2026-07-05,True,False,False
monarch-legacy-of-monsters-208,days,81,True,2026-07-06,True,False,False
monarch-legacy-of-monsters-208,days,82,True,2026-07-07,True,False,False
monarch-legacy-of-monsters-208,days,83,True,2026-07-08,True,False,False
monarch-legacy-of-monsters-208,days,84,True,2026-07-09,True,False,False
monarch-legacy-of-monsters-208,days,85,True,2026-07-10,True,False,False
monarch-legacy-of-monsters-208,days,86,True,2026-07-11,True,False,False
monarch-legacy-of-monsters-208,days,87,True,2026-07-12,True,False,False
monarch-legacy-of-monsters-208,days,88,True,2026-07-13,True,False,False
monarch-legacy-of-monsters-208,days,89,True,2026-07-14,True,False,False
monarch-legacy-of-monsters-208,days,90,True,2026-07-15,True,False,False
monarch-legacy-of-monsters-208,days,91,True,2026-07-16,True,False,False
monarch-legacy-of-monsters-208,days,92,True,2026-07-17,True,False,False
monarch-legacy-of-monsters-208,days,93,True,2026-07-18,True,False,False
monarch-legacy-of-monsters-208,days,94,True,2026-07-19,True,False,False
monarch-legacy-of-monsters-208,days,95,True,2026-07-20,True,False,False
monarch-legacy-of-monsters-208,days,96,True,2026-07-21,True,False,False
monarch-legacy-of-monsters-208,days,97,True,2026-07-22,True,False,False
monarch-legacy-of-monsters-208,days,98,True,2026-07-23,True,False,False
monarch-legacy-of-monsters-208,days,99,True,2026-07-24,True,False,False
monarch-legacy-of-monsters-208,days,100,True,2026-07-25,True,False,False
monarch-legacy-of-monsters-208,days,101,True,2026-07-26,True,False,False
monarch-legacy-of-monsters-208,days,102,True,2026-07-27,True,False,False
monarch-legacy-of-monsters-208,days,103,True,2026-07-28,True,False,False
monarch-legacy-of-monsters-208,days,104,True,2026-07-29,True,False,False
monarch-legacy-of-monsters-208,days,105,True,2026-07-30,True,False,False
