collection_key,change,reason
ahsoka-101,added,expanded-aapi-threshold-2-no-citizenship-minimum
ahsoka-108,added,expanded-aapi-threshold-2-no-citizenship-minimum
altered-carbon-01,removed,no-reviewed-aapi-candidate
altered-carbon-02,removed,no-reviewed-aapi-candidate
american-crime-story-201,removed,no-reviewed-aapi-candidate
american-crime-story-205,removed,no-reviewed-aapi-candidate
and-just-like-that-201,added,expanded-aapi-threshold-2-no-citizenship-minimum
and-just-like-that-211,added,expanded-aapi-threshold-2-no-citizenship-minimum
arcane-02.1,added,expanded-aapi-threshold-2-no-citizenship-minimum
arcane-02.2,added,expanded-aapi-threshold-2-no-citizenship-minimum
arcane-02.3,added,expanded-aapi-threshold-2-no-citizenship-minimum
army-of-the-dead,added,expanded-aapi-threshold-2-no-citizenship-minimum
avatar-the-last-airbender-2024-02,added,expanded-aapi-threshold-2-no-citizenship-minimum
beacon-23-101,added,expanded-aapi-threshold-2-no-citizenship-minimum
beacon-23-108,added,expanded-aapi-threshold-2-no-citizenship-minimum
beef-02,added,expanded-aapi-threshold-2-no-citizenship-minimum
blue-eye-samurai-01,added,expanded-aapi-threshold-2-no-citizenship-minimum
bluff,added,expanded-aapi-threshold-2-no-citizenship-minimum
book-of-boba-fett-107,added,expanded-aapi-threshold-2-no-citizenship-minimum
bridgerton-02,added,expanded-aapi-threshold-2-no-citizenship-minimum
chilling-adventures-of-sabrina-01,added,expanded-aapi-threshold-2-no-citizenship-minimum
citadel-101,added,expanded-aapi-threshold-2-no-citizenship-minimum
citadel-106,added,expanded-aapi-threshold-2-no-citizenship-minimum
cowboy-bebop-2021-01,removed,qualifying-credits-below-threshold
dune-2021,added,expanded-aapi-threshold-2-no-citizenship-minimum
eternals,added,expanded-aapi-threshold-2-no-citizenship-minimum
expanse-04,added,expanded-aapi-threshold-2-no-citizenship-minimum
expanse-201,added,expanded-aapi-threshold-2-no-citizenship-minimum
expanse-203,added,expanded-aapi-threshold-2-no-citizenship-minimum
expanse-204,added,expanded-aapi-threshold-2-no-citizenship-minimum
expanse-210,added,expanded-aapi-threshold-2-no-citizenship-minimum
expanse-213,added,expanded-aapi-threshold-2-no-citizenship-minimum
expanse-301,added,expanded-aapi-threshold-2-no-citizenship-minimum
expanse-313,added,expanded-aapi-threshold-2-no-citizenship-minimum
expanse-501,added,expanded-aapi-threshold-2-no-citizenship-minimum
expanse-510,added,expanded-aapi-threshold-2-no-citizenship-minimum
expanse-601,added,expanded-aapi-threshold-2-no-citizenship-minimum
expanse-606,added,expanded-aapi-threshold-2-no-citizenship-minimum
fargo-501,added,expanded-aapi-threshold-2-no-citizenship-minimum
fargo-510,added,expanded-aapi-threshold-2-no-citizenship-minimum
for-all-mankind-201,added,expanded-aapi-threshold-2-no-citizenship-minimum
for-all-mankind-210,added,expanded-aapi-threshold-2-no-citizenship-minimum
for-all-mankind-301,added,expanded-aapi-threshold-2-no-citizenship-minimum
for-all-mankind-401,added,expanded-aapi-threshold-2-no-citizenship-minimum
for-all-mankind-410,added,expanded-aapi-threshold-2-no-citizenship-minimum
for-all-mankind-501,added,expanded-aapi-threshold-2-no-citizenship-minimum
gen-v-101,added,expanded-aapi-threshold-2-no-citizenship-minimum
gen-v-108,added,expanded-aapi-threshold-2-no-citizenship-minimum
gen-v-201,added,expanded-aapi-threshold-2-no-citizenship-minimum
gen-v-206,added,expanded-aapi-threshold-2-no-citizenship-minimum
glass-onion,added,expanded-aapi-threshold-2-no-citizenship-minimum
goat-2026,added,expanded-aapi-threshold-2-no-citizenship-minimum
godzilla-x-kong-the-new-empire,added,expanded-aapi-threshold-2-no-citizenship-minimum
gray-man,added,expanded-aapi-threshold-2-no-citizenship-minimum
guardians-of-the-galaxy-3,added,expanded-aapi-threshold-2-no-citizenship-minimum
his-and-hers-2026-01,added,expanded-aapi-threshold-2-no-citizenship-minimum
house-of-the-dragon-101,added,expanded-aapi-threshold-2-no-citizenship-minimum
house-of-the-dragon-103,added,expanded-aapi-threshold-2-no-citizenship-minimum
house-of-the-dragon-110,added,expanded-aapi-threshold-2-no-citizenship-minimum
house-of-the-dragon-201,added,expanded-aapi-threshold-2-no-citizenship-minimum
house-of-the-dragon-207,added,expanded-aapi-threshold-2-no-citizenship-minimum
house-of-the-dragon-301,added,expanded-aapi-threshold-2-no-citizenship-minimum
house-of-the-dragon-308,added,expanded-aapi-threshold-2-no-citizenship-minimum
human-flow,added,expanded-aapi-threshold-2-no-citizenship-minimum
into-the-badlands-203,added,expanded-aapi-threshold-2-no-citizenship-minimum
laid-01,removed,qualifying-credits-below-threshold
legend-of-aang-the-last-airbender,added,expanded-aapi-threshold-2-no-citizenship-minimum
lego-star-wars-holiday-special-2020,added,expanded-aapi-threshold-2-no-citizenship-minimum
loki-101,added,expanded-aapi-threshold-2-no-citizenship-minimum
loki-106,added,expanded-aapi-threshold-2-no-citizenship-minimum
loki-201,added,expanded-aapi-threshold-2-no-citizenship-minimum
loki-206,added,expanded-aapi-threshold-2-no-citizenship-minimum
maniac-01,added,expanded-aapi-threshold-2-no-citizenship-minimum
masters-of-the-air-101,added,expanded-aapi-threshold-2-no-citizenship-minimum
masters-of-the-air-108,added,expanded-aapi-threshold-2-no-citizenship-minimum
matrix-resurrections,added,expanded-aapi-threshold-2-no-citizenship-minimum
murder-at-the-end-of-the-world-101,added,expanded-aapi-threshold-2-no-citizenship-minimum
murder-at-the-end-of-the-world-107,added,expanded-aapi-threshold-2-no-citizenship-minimum
night-agent-02,added,expanded-aapi-threshold-2-no-citizenship-minimum
night-agent-03,added,expanded-aapi-threshold-2-no-citizenship-minimum
no-time-to-die,added,expanded-aapi-threshold-2-no-citizenship-minimum
oa-02,added,expanded-aapi-threshold-2-no-citizenship-minimum
old-man-107,added,expanded-aapi-threshold-2-no-citizenship-minimum
old-man-201,added,expanded-aapi-threshold-2-no-citizenship-minimum
one-piece-2023-02,added,expanded-aapi-threshold-2-no-citizenship-minimum
pitt-201,added,expanded-aapi-threshold-2-no-citizenship-minimum
pitt-213,added,expanded-aapi-threshold-2-no-citizenship-minimum
prisoners-of-the-ghostland,added,expanded-aapi-threshold-2-no-citizenship-minimum
reacher-201,added,expanded-aapi-threshold-2-no-citizenship-minimum
reacher-208,added,expanded-aapi-threshold-2-no-citizenship-minimum
reacher-301,added,expanded-aapi-threshold-2-no-citizenship-minimum
reacher-307,added,expanded-aapi-threshold-2-no-citizenship-minimum
reacher-401,added,expanded-aapi-threshold-2-no-citizenship-minimum
she-ra-04,added,expanded-aapi-threshold-2-no-citizenship-minimum
silo-201,added,expanded-aapi-threshold-2-no-citizenship-minimum
silo-301,added,expanded-aapi-threshold-2-no-citizenship-minimum
snowpiercer-209,added,expanded-aapi-threshold-2-no-citizenship-minimum
snowpiercer-401,added,expanded-aapi-threshold-2-no-citizenship-minimum
spider-man-across-the-spider-verse,added,expanded-aapi-threshold-2-no-citizenship-minimum
spider-man-no-way-home,added,expanded-aapi-threshold-2-no-citizenship-minimum
spider-noir-01,added,expanded-aapi-threshold-2-no-citizenship-minimum
station-eleven-110,added,expanded-aapi-threshold-2-no-citizenship-minimum
succession-210,added,expanded-aapi-threshold-2-no-citizenship-minimum
succession-301,added,expanded-aapi-threshold-2-no-citizenship-minimum
sugar-107,added,expanded-aapi-threshold-2-no-citizenship-minimum
sugar-201,added,expanded-aapi-threshold-2-no-citizenship-minimum
tokyo-vice-01,added,expanded-aapi-threshold-2-no-citizenship-minimum
tokyo-vice-201,added,expanded-aapi-threshold-2-no-citizenship-minimum
tokyo-vice-209,added,expanded-aapi-threshold-2-no-citizenship-minimum
toy-story-5,added,expanded-aapi-threshold-2-no-citizenship-minimum
trese-01,removed,usa-production-not-confirmed
tron-ares,added,expanded-aapi-threshold-2-no-citizenship-minimum
true-detective-301,added,expanded-aapi-threshold-2-no-citizenship-minimum
true-detective-308,added,expanded-aapi-threshold-2-no-citizenship-minimum
twisted-metal-01,added,expanded-aapi-threshold-2-no-citizenship-minimum
umbrella-academy-01,added,expanded-aapi-threshold-2-no-citizenship-minimum
umbrella-academy-02,added,expanded-aapi-threshold-2-no-citizenship-minimum
walking-dead-1008,added,expanded-aapi-threshold-2-no-citizenship-minimum
walking-dead-1124,added,expanded-aapi-threshold-2-no-citizenship-minimum
walking-dead-709,added,expanded-aapi-threshold-2-no-citizenship-minimum
walking-dead-710,added,expanded-aapi-threshold-2-no-citizenship-minimum
walking-dead-713,added,expanded-aapi-threshold-2-no-citizenship-minimum
walking-dead-716,added,expanded-aapi-threshold-2-no-citizenship-minimum
walking-dead-801,added,expanded-aapi-threshold-2-no-citizenship-minimum
walking-dead-807,added,expanded-aapi-threshold-2-no-citizenship-minimum
walking-dead-811,added,expanded-aapi-threshold-2-no-citizenship-minimum
walking-dead-816,added,expanded-aapi-threshold-2-no-citizenship-minimum
walking-dead-908,added,expanded-aapi-threshold-2-no-citizenship-minimum
walking-dead-916,added,expanded-aapi-threshold-2-no-citizenship-minimum
warrior-310,added,expanded-aapi-threshold-2-no-citizenship-minimum
westworld-201,added,expanded-aapi-threshold-2-no-citizenship-minimum
westworld-203,added,expanded-aapi-threshold-2-no-citizenship-minimum
westworld-205,added,expanded-aapi-threshold-2-no-citizenship-minimum
westworld-207,added,expanded-aapi-threshold-2-no-citizenship-minimum
westworld-210,added,expanded-aapi-threshold-2-no-citizenship-minimum
westworld-301,added,expanded-aapi-threshold-2-no-citizenship-minimum
westworld-308,added,expanded-aapi-threshold-2-no-citizenship-minimum
westworld-401,added,expanded-aapi-threshold-2-no-citizenship-minimum
westworld-408,added,expanded-aapi-threshold-2-no-citizenship-minimum
wicked-2024,added,expanded-aapi-threshold-2-no-citizenship-minimum
wicked-for-good-2025,added,expanded-aapi-threshold-2-no-citizenship-minimum
witcher-02,added,expanded-aapi-threshold-2-no-citizenship-minimum
witcher-03.1,added,expanded-aapi-threshold-2-no-citizenship-minimum
witcher-03.2,added,expanded-aapi-threshold-2-no-citizenship-minimum
witcher-04,added,expanded-aapi-threshold-2-no-citizenship-minimum
yellowstone-210,added,expanded-aapi-threshold-2-no-citizenship-minimum
yellowstone-505,added,expanded-aapi-threshold-2-no-citizenship-minimum
you-04.2,added,expanded-aapi-threshold-2-no-citizenship-minimum
