cohort_year,collection_key,reason
2017,americans-501,qualifying-credits-below-threshold
2017,americans-513,qualifying-credits-below-threshold
2017,blade-runner-2049,qualifying-credits-below-threshold
2017,el-chapo-02,no-reviewed-aapi-candidate
2017,feud-101,no-reviewed-aapi-candidate
2017,feud-102,no-reviewed-aapi-candidate
2017,feud-108,no-reviewed-aapi-candidate
2017,game-of-thrones-701,no-reviewed-aapi-candidate
2017,game-of-thrones-702,no-reviewed-aapi-candidate
2017,game-of-thrones-703,no-reviewed-aapi-candidate
2017,game-of-thrones-705,no-reviewed-aapi-candidate
2017,game-of-thrones-706,no-reviewed-aapi-candidate
2017,game-of-thrones-707,no-reviewed-aapi-candidate
2017,good-fight-101,no-reviewed-aapi-candidate
2017,good-fight-105,no-reviewed-aapi-candidate
2017,good-fight-108,no-reviewed-aapi-candidate
2017,good-fight-110,no-reviewed-aapi-candidate
2017,handmaids-tale-101,no-reviewed-aapi-candidate
2017,handmaids-tale-105,no-reviewed-aapi-candidate
2017,house-of-cards-05,no-reviewed-aapi-candidate
2017,i-love-dick,no-reviewed-aapi-candidate
2017,narcos-03,no-reviewed-aapi-candidate
2017,screeners,no-reviewed-aapi-candidate
2017,sense8-02.1,no-reviewed-aapi-candidate
2017,star-trek-discovery-101,qualifying-credits-below-threshold
2017,star-trek-discovery-104,qualifying-credits-below-threshold
2017,star-trek-discovery-109,qualifying-credits-below-threshold
2017,star-wars-last-jedi,qualifying-credits-below-threshold
2017,stormy-daniels-2017,no-reviewed-aapi-candidate
2017,stranger-things-02,no-reviewed-aapi-candidate
2017,twin-peaks-310,no-reviewed-aapi-candidate
2017,twin-peaks-317,no-reviewed-aapi-candidate
2018,3-percent-02,no-reviewed-aapi-candidate
2018,altered-carbon-01,no-reviewed-aapi-candidate
2018,american-crime-story-201,no-reviewed-aapi-candidate
2018,american-crime-story-205,no-reviewed-aapi-candidate
2018,better-call-saul-406,no-reviewed-aapi-candidate
2018,black-panther,no-reviewed-aapi-candidate
2018,doctor-who-1101,no-reviewed-aapi-candidate
2018,doctor-who-1105,no-reviewed-aapi-candidate
2018,glow-02,qualifying-credits-below-threshold
2018,good-fight-202,no-reviewed-aapi-candidate
2018,good-fight-205,no-reviewed-aapi-candidate
2018,good-fight-210,no-reviewed-aapi-candidate
2018,good-fight-213,no-reviewed-aapi-candidate
2018,handmaids-tale-201,no-reviewed-aapi-candidate
2018,handmaids-tale-208,no-reviewed-aapi-candidate
2018,handmaids-tale-213,no-reviewed-aapi-candidate
2018,house-of-cards-06,no-reviewed-aapi-candidate
2018,legend-of-galactic-heroes-die-neue-these,no-reviewed-aapi-candidate
2018,luke-cage-02,qualifying-credits-below-threshold
2018,marvelous-mrs-maisel-02,no-reviewed-aapi-candidate
2018,narcos-mexico-01,no-reviewed-aapi-candidate
2018,orange-is-the-new-black-06,no-reviewed-aapi-candidate
2018,orville-201,no-reviewed-aapi-candidate
2018,ozark-02,no-reviewed-aapi-candidate
2018,queen-of-the-south-301,no-reviewed-aapi-candidate
2018,queen-of-the-south-311,no-reviewed-aapi-candidate
2018,queen-of-the-south-313,no-reviewed-aapi-candidate
2018,random-acts-of-flyness-104,no-reviewed-aapi-candidate
2018,random-acts-of-flyness-106,no-reviewed-aapi-candidate
2018,romanoffs-101,no-reviewed-aapi-candidate
2018,romanoffs-104,no-reviewed-aapi-candidate
2018,romanoffs-108,no-reviewed-aapi-candidate
2018,sense8-02.2,no-reviewed-aapi-candidate
2018,star-trek-discovery-110,qualifying-credits-below-threshold
2018,star-trek-discovery-115,qualifying-credits-below-threshold
2019,bachelors-23-and-01,no-reviewed-aapi-candidate
2019,big-bang-theory-1223,qualifying-credits-below-threshold
2019,big-little-lies-201,no-reviewed-aapi-candidate
2019,big-little-lies-207,no-reviewed-aapi-candidate
2019,black-monday-106,no-reviewed-aapi-candidate
2019,black-monday-110,no-reviewed-aapi-candidate
2019,cobra-kai-02,qualifying-credits-below-threshold
2019,doctor-who-1200,no-reviewed-aapi-candidate
2019,dolemite-is-my-name,no-reviewed-aapi-candidate
2019,ferhat-ile-sirin,no-reviewed-aapi-candidate
2019,game-of-thrones-801,no-reviewed-aapi-candidate
2019,game-of-thrones-803,no-reviewed-aapi-candidate
2019,game-of-thrones-806,no-reviewed-aapi-candidate
2019,glow-03,qualifying-credits-below-threshold
2019,good-fight-301,no-reviewed-aapi-candidate
2019,good-fight-310,no-reviewed-aapi-candidate
2019,high-flying-bird,qualifying-credits-below-threshold
2019,i-am-the-night-103,no-reviewed-aapi-candidate
2019,i-am-the-night-106,no-reviewed-aapi-candidate
2019,kurulus-osman-01,no-reviewed-aapi-candidate
2019,love-death-robots-01,no-reviewed-aapi-candidate
2019,mandalorian-101,qualifying-credits-below-threshold
2019,mandalorian-102,qualifying-credits-below-threshold
2019,mandalorian-108,qualifying-credits-below-threshold
2019,marvelous-mrs-maisel-03,no-reviewed-aapi-candidate
2019,orange-is-the-new-black-07,no-reviewed-aapi-candidate
2019,orville-206,no-reviewed-aapi-candidate
2019,orville-214,no-reviewed-aapi-candidate
2019,permanent-record,no-reviewed-aapi-candidate
2019,queen-of-the-south-407,no-reviewed-aapi-candidate
2019,queen-of-the-south-413,no-reviewed-aapi-candidate
2019,queer-eye-2018-04,qualifying-credits-below-threshold
2019,star-trek-discovery-201,qualifying-credits-below-threshold
2019,star-trek-discovery-206,qualifying-credits-below-threshold
2019,star-trek-discovery-214,qualifying-credits-below-threshold
2019,stranger-things-03,no-reviewed-aapi-candidate
2019,tales-of-the-city-2019,qualifying-credits-below-threshold
2019,undone-01,no-reviewed-aapi-candidate
2019,watchmen-104,qualifying-credits-below-threshold
2019,watchmen-109,qualifying-credits-below-threshold
2020,alienist-201,no-reviewed-aapi-candidate
2020,altered-carbon-02,no-reviewed-aapi-candidate
2020,altered-carbon-resleeved,qualifying-credits-below-threshold; usa-production-not-confirmed
2020,avenue-5-101,qualifying-credits-below-threshold
2020,away-01,no-reviewed-aapi-candidate
2020,biohackers-01,qualifying-credits-below-threshold; usa-production-not-confirmed
2020,black-is-king,no-reviewed-aapi-candidate
2020,blackaf-01,no-reviewed-aapi-candidate
2020,bojack-horseman-06,no-reviewed-aapi-candidate
2020,boys-201,qualifying-credits-below-threshold
2020,boys-208,qualifying-credits-below-threshold
2020,control-z-01,no-reviewed-aapi-candidate
2020,da-5-bloods,no-reviewed-aapi-candidate
2020,dark-03,no-reviewed-aapi-candidate
2020,demon-slayer-kimetsu-no-yaiba-the-movie-mugen-train,no-reviewed-aapi-candidate
2020,doom-patrol-201,no-reviewed-aapi-candidate
2020,euphoria-special,no-reviewed-aapi-candidate
2020,folklore,no-reviewed-aapi-candidate
2020,good-fight-407,no-reviewed-aapi-candidate
2020,hamilton,qualifying-credits-below-threshold
2020,happiest-season,no-reviewed-aapi-candidate
2020,high-fidelity-01,no-reviewed-aapi-candidate
2020,jamtara-sabka-number-ayega,no-reviewed-aapi-candidate
2020,japan-sinks,usa-production-not-confirmed
2020,lovebirds,qualifying-credits-below-threshold
2020,lovecraft-country-101,qualifying-credits-below-threshold
2020,lovecraft-country-110,qualifying-credits-below-threshold
2020,mandalorian-201,qualifying-credits-below-threshold
2020,mandalorian-208,qualifying-credits-below-threshold
2020,narcos-mexico-02,no-reviewed-aapi-candidate
2020,queer-eye-2018-05,qualifying-credits-below-threshold
2020,raised-by-wolves-110,qualifying-credits-below-threshold
2020,solar-opposites-01,no-reviewed-aapi-candidate
2020,songbird,no-reviewed-aapi-candidate
2020,space-force-01,qualifying-credits-below-threshold
2020,star-trek-discovery-305,qualifying-credits-below-threshold
2020,star-trek-lower-decks-101,qualifying-credits-below-threshold
2020,star-trek-picard-110,qualifying-credits-below-threshold
2020,tales-from-the-loop-01,no-reviewed-aapi-candidate
2020,tenet,qualifying-credits-below-threshold
2020,tiger-king-and-i,no-reviewed-aapi-candidate
2020,upload-01,no-reviewed-aapi-candidate
2020,vanguard,usa-production-not-confirmed
2020,what-we-do-in-the-shadows-210,qualifying-credits-below-threshold
2020,wonder-woman-1984,qualifying-credits-below-threshold
2021,archer-1201,no-reviewed-aapi-candidate
2021,beatles-get-back,no-reviewed-aapi-candidate
2021,black-monday-310,no-reviewed-aapi-candidate
2021,bliss,no-reviewed-aapi-candidate
2021,borats-american-lockdown,no-reviewed-aapi-candidate
2021,cinderella-2021,no-reviewed-aapi-candidate
2021,cobra-kai-03,qualifying-credits-below-threshold
2021,cocaine-cowboys-the-kings-of-miami,no-reviewed-aapi-candidate
2021,coming-2-america,no-reviewed-aapi-candidate
2021,cowboy-bebop-2021-01,qualifying-credits-below-threshold
2021,debris-113,no-reviewed-aapi-candidate
2021,detective-chinatown-3,no-reviewed-aapi-candidate
2021,dont-look-up,no-reviewed-aapi-candidate
2021,doom-patrol-301,no-reviewed-aapi-candidate
2021,doors,no-reviewed-aapi-candidate
2021,falcon-and-the-winter-soldier-101,no-reviewed-aapi-candidate
2021,falcon-and-the-winter-soldier-106,no-reviewed-aapi-candidate
2021,foundation-101,no-reviewed-aapi-candidate
2021,godzilla-vs-kong,qualifying-credits-below-threshold
2021,good-fight-510,no-reviewed-aapi-candidate
2021,halston-01,no-reviewed-aapi-candidate
2021,harder-they-fall,no-reviewed-aapi-candidate
2021,intergalactic-01,no-reviewed-aapi-candidate
2021,invasion-101,no-reviewed-aapi-candidate
2021,love-death-robots-02,no-reviewed-aapi-candidate
2021,lupin-02,no-reviewed-aapi-candidate
2021,made-for-love-107,no-reviewed-aapi-candidate
2021,malcolm-and-marie,no-reviewed-aapi-candidate
2021,me-you-cant-see-01,qualifying-credits-below-threshold
2021,mitchells-vs-the-machines,no-reviewed-aapi-candidate
2021,money-heist-05.1,no-reviewed-aapi-candidate
2021,money-heist-05.2,no-reviewed-aapi-candidate
2021,mother-android,no-reviewed-aapi-candidate
2021,narcos-mexico-03,no-reviewed-aapi-candidate
2021,no-sudden-move,no-reviewed-aapi-candidate
2021,one-night-in-miami,no-reviewed-aapi-candidate
2021,one-piece-95x,no-reviewed-aapi-candidate
2021,one-piece-98x,no-reviewed-aapi-candidate
2021,only-murders-in-the-building-110,no-reviewed-aapi-candidate
2021,oprah-meghan-harry,no-reviewed-aapi-candidate
2021,outer-banks-02,no-reviewed-aapi-candidate
2021,outside-the-wire,no-reviewed-aapi-candidate
2021,pacific-rim-the-black,no-reviewed-aapi-candidate
2021,pose-307,qualifying-credits-below-threshold
2021,princess-switch-3,no-reviewed-aapi-candidate
2021,q-force-01,qualifying-credits-below-threshold
2021,queen-of-the-south-510,no-reviewed-aapi-candidate
2021,reservation-dogs-101,qualifying-credits-below-threshold
2021,space-sweepers,no-reviewed-aapi-candidate
2021,star-wars-visions-01,no-reviewed-aapi-candidate
2021,suicide-squad-2021,no-reviewed-aapi-candidate
2021,summer-of-soul,no-reviewed-aapi-candidate
2021,ted-lasso-201,no-reviewed-aapi-candidate
2021,tomorrow-war,no-reviewed-aapi-candidate
2021,trese-01,usa-production-not-confirmed
2021,ultra-city-smiths-106,no-reviewed-aapi-candidate
2021,underground-railroad-01,no-reviewed-aapi-candidate
2021,wandavision-101,no-reviewed-aapi-candidate
2021,wandavision-109,no-reviewed-aapi-candidate
2021,what-if-2021-101,no-reviewed-aapi-candidate
2021,y-the-last-man-101,no-reviewed-aapi-candidate
2021,yasuke-01,no-reviewed-aapi-candidate
2022,abbott-elementary-113,no-reviewed-aapi-candidate
2022,all-of-us-are-dead-01,no-reviewed-aapi-candidate
2022,all-the-old-knives,no-reviewed-aapi-candidate
2022,andor-101,qualifying-credits-below-threshold
2022,andor-112,qualifying-credits-below-threshold
2022,andy-warhol-diaries-01,no-reviewed-aapi-candidate
2022,archer-1308,no-reviewed-aapi-candidate
2022,atlanta-301,qualifying-credits-below-threshold
2022,atlanta-310,qualifying-credits-below-threshold
2022,atlanta-410,qualifying-credits-below-threshold
2022,boys-301,qualifying-credits-below-threshold
2022,boys-308,qualifying-credits-below-threshold
2022,boys-presents-diabolical-01,no-reviewed-aapi-candidate
2022,enola-holmes-2,no-reviewed-aapi-candidate
2022,euphoria-208,no-reviewed-aapi-candidate
2022,flight-attendant-201,no-reviewed-aapi-candidate
2022,harley-quinn-301,no-reviewed-aapi-candidate
2022,inventing-anna-01,qualifying-credits-below-threshold
2022,jeen-yuhs-01,no-reviewed-aapi-candidate
2022,kimi,no-reviewed-aapi-candidate
2022,kindred-01,no-reviewed-aapi-candidate
2022,marvelous-mrs-maisel-407,no-reviewed-aapi-candidate
2022,obi-wan-kenobi-101,qualifying-credits-below-threshold
2022,obi-wan-kenobi-106,qualifying-credits-below-threshold
2022,only-murders-in-the-building-201,no-reviewed-aapi-candidate
2022,only-murders-in-the-building-210,no-reviewed-aapi-candidate
2022,paper-girls-01,no-reviewed-aapi-candidate
2022,peripheral-101,qualifying-credits-below-threshold
2022,peripheral-108,qualifying-credits-below-threshold
2022,prehistoric-planet-01,no-reviewed-aapi-candidate
2022,prey,no-reviewed-aapi-candidate
2022,raised-by-wolves-201,qualifying-credits-below-threshold
2022,raised-by-wolves-208,qualifying-credits-below-threshold
2022,renaissance,no-reviewed-aapi-candidate
2022,reservation-dogs-201,qualifying-credits-below-threshold
2022,rings-of-power-101,no-reviewed-aapi-candidate
2022,rings-of-power-108,no-reviewed-aapi-candidate
2022,roar-01,no-reviewed-aapi-candidate
2022,russian-doll-02,qualifying-credits-below-threshold
2022,sandman-01,no-reviewed-aapi-candidate
2022,stranger-things-04.1,no-reviewed-aapi-candidate
2022,stranger-things-04.2,no-reviewed-aapi-candidate
2022,tales-of-the-jedi-01,qualifying-credits-below-threshold
2022,undone-02,no-reviewed-aapi-candidate
2022,wednesday-01,qualifying-credits-below-threshold
2022,witcher-blood-origin-01,qualifying-credits-below-threshold
2022,yellowjackets-110,no-reviewed-aapi-candidate
2023,archer-1401,no-reviewed-aapi-candidate
2023,archer-1408,no-reviewed-aapi-candidate
2023,avatar-the-way-of-water,no-reviewed-aapi-candidate
2023,barbie,no-reviewed-aapi-candidate
2023,barry-401,no-reviewed-aapi-candidate
2023,bear-02,no-reviewed-aapi-candidate
2023,black-mirror-06,no-reviewed-aapi-candidate
2023,black-panther-wakanda-forever,no-reviewed-aapi-candidate
2023,changeling-108,qualifying-credits-below-threshold
2023,consultant-01,no-reviewed-aapi-candidate
2023,curse-01,no-reviewed-aapi-candidate
2023,dungeons-and-dragons-honor-among-thieves,no-reviewed-aapi-candidate
2023,foundation-201,no-reviewed-aapi-candidate
2023,fubar-01,no-reviewed-aapi-candidate
2023,full-circle-01,no-reviewed-aapi-candidate
2023,hijack-101,qualifying-credits-below-threshold; usa-production-not-confirmed
2023,hijack-107,qualifying-credits-below-threshold; usa-production-not-confirmed
2023,idol-101,no-reviewed-aapi-candidate
2023,im-a-virgo-01,no-reviewed-aapi-candidate
2023,last-of-us-101,qualifying-credits-below-threshold
2023,last-of-us-109,qualifying-credits-below-threshold
2023,liaison-101,no-reviewed-aapi-candidate
2023,lupin-03,no-reviewed-aapi-candidate
2023,magic-mikes-last-dance,no-reviewed-aapi-candidate
2023,mandalorian-301,qualifying-credits-below-threshold
2023,mandalorian-308,qualifying-credits-below-threshold
2023,marvelous-mrs-maisel-501,no-reviewed-aapi-candidate
2023,minx-02,no-reviewed-aapi-candidate
2023,no-more-bets,usa-production-not-confirmed
2023,only-murders-in-the-building-301,no-reviewed-aapi-candidate
2023,only-murders-in-the-building-310,no-reviewed-aapi-candidate
2023,oppenheimer,no-reviewed-aapi-candidate
2023,outer-banks-03,no-reviewed-aapi-candidate
2023,polite-society,qualifying-credits-below-threshold
2023,power-105,qualifying-credits-below-threshold; usa-production-not-confirmed
2023,power-109,qualifying-credits-below-threshold; usa-production-not-confirmed
2023,prehistoric-planet-02,no-reviewed-aapi-candidate
2023,queen-charlotte-01,no-reviewed-aapi-candidate
2023,queer-eye-2018-07,qualifying-credits-below-threshold
2023,reservation-dogs-301,qualifying-credits-below-threshold
2023,reservation-dogs-310,qualifying-credits-below-threshold
2023,super-mario-brothers-movie,qualifying-credits-below-threshold
2023,they-cloned-tyrone,no-reviewed-aapi-candidate
2024,acolyte-101,qualifying-credits-below-threshold
2024,acolyte-107,qualifying-credits-below-threshold
2024,agatha-all-along-101,qualifying-credits-below-threshold
2024,agatha-all-along-107,qualifying-credits-below-threshold
2024,american-fiction,no-reviewed-aapi-candidate
2024,anora,no-reviewed-aapi-candidate
2024,apprentice-2024,qualifying-credits-below-threshold
2024,bad-monkey-109,qualifying-credits-below-threshold
2024,bear-03,no-reviewed-aapi-candidate
2024,beverly-hills-cop-axel-f,no-reviewed-aapi-candidate
2024,blink-twice,qualifying-credits-below-threshold
2024,boy-and-the-heron,no-reviewed-aapi-candidate
2024,boys-401,qualifying-credits-below-threshold
2024,diplomat-02,qualifying-credits-below-threshold
2024,dune-2024,qualifying-credits-below-threshold
2024,echo-01,no-reviewed-aapi-candidate
2024,emilia-perez,no-reviewed-aapi-candidate
2024,fallout-2024-01,no-reviewed-aapi-candidate
2024,fantasmas-01,no-reviewed-aapi-candidate
2024,feud-02,no-reviewed-aapi-candidate
2024,godzilla-minus-one,no-reviewed-aapi-candidate
2024,griselda-01,no-reviewed-aapi-candidate
2024,hit-man,no-reviewed-aapi-candidate
2024,inside-out-2,no-reviewed-aapi-candidate
2024,killer-2024,qualifying-credits-below-threshold
2024,kingdom-of-the-planet-of-the-apes,no-reviewed-aapi-candidate
2024,laid-01,qualifying-credits-below-threshold
2024,madness-01,no-reviewed-aapi-candidate
2024,monsieur-spade-01,no-reviewed-aapi-candidate
2024,only-murders-in-the-building-401,no-reviewed-aapi-candidate
2024,only-murders-in-the-building-409,no-reviewed-aapi-candidate
2024,outer-range-02,no-reviewed-aapi-candidate
2024,penguin-101,no-reviewed-aapi-candidate
2024,penguin-107,no-reviewed-aapi-candidate
2024,rings-of-power-201,no-reviewed-aapi-candidate
2024,rings-of-power-207,no-reviewed-aapi-candidate
2024,road-house-2024,no-reviewed-aapi-candidate
2024,special-ops-lioness-201,no-reviewed-aapi-candidate
2024,squid-game-02,no-reviewed-aapi-candidate
2024,stormy,no-reviewed-aapi-candidate
2024,we-are-lady-parts-02,no-reviewed-aapi-candidate
2024,what-if-2021-03,no-reviewed-aapi-candidate
2024,wild-robot,qualifying-credits-below-threshold
2025,alien-earth-101,no-reviewed-aapi-candidate
2025,alien-earth-106,no-reviewed-aapi-candidate
2025,american-primeval,no-reviewed-aapi-candidate
2025,american-revolution-2025,no-reviewed-aapi-candidate
2025,andor-112,qualifying-credits-below-threshold
2025,andor-201,qualifying-credits-below-threshold
2025,andor-210,qualifying-credits-below-threshold
2025,bear-04,no-reviewed-aapi-candidate
2025,beatles-anthology,no-reviewed-aapi-candidate
2025,black-bag-2025,no-reviewed-aapi-candidate
2025,cobra-kai-06.3,qualifying-credits-below-threshold
2025,common-side-effects-01,no-reviewed-aapi-candidate
2025,companion-2025,qualifying-credits-below-threshold
2025,dan-da-dan-210,no-reviewed-aapi-candidate
2025,dark-winds-301,qualifying-credits-below-threshold
2025,death-by-lightning,no-reviewed-aapi-candidate
2025,demon-slayer-kimetsu-no-yaiba-the-movie-infinity-castle,no-reviewed-aapi-candidate
2025,dope-thief-101,no-reviewed-aapi-candidate
2025,down-cemetery-road-101,qualifying-credits-below-threshold; usa-production-not-confirmed
2025,duster-101,no-reviewed-aapi-candidate
2025,duster-106,no-reviewed-aapi-candidate
2025,eyes-of-wakanda-01,qualifying-credits-below-threshold
2025,fallout-2024-201,no-reviewed-aapi-candidate
2025,frankenstein-2025,no-reviewed-aapi-candidate
2025,hacks-401,no-reviewed-aapi-candidate
2025,hacks-408,no-reviewed-aapi-candidate
2025,highest-2-lowest,no-reviewed-aapi-candidate
2025,invasion-301,no-reviewed-aapi-candidate
2025,ironheart-01,no-reviewed-aapi-candidate
2025,king-of-the-hill-14,qualifying-credits-below-threshold
2025,last-of-us-201,qualifying-credits-below-threshold
2025,last-of-us-206,qualifying-credits-below-threshold
2025,lazarus-101,usa-production-not-confirmed
2025,lazarus-108,usa-production-not-confirmed
2025,lazarus-111,usa-production-not-confirmed
2025,long-story-short-01,no-reviewed-aapi-candidate
2025,love-death-robots-04,no-reviewed-aapi-candidate
2025,lowdown-101,no-reviewed-aapi-candidate
2025,mickey-17,qualifying-credits-below-threshold
2025,mid-century-modern-01,no-reviewed-aapi-candidate
2025,minecraft-movie-2025,qualifying-credits-below-threshold
2025,nouvelle-vague,no-reviewed-aapi-candidate
2025,one-battle-after-another,no-reviewed-aapi-candidate
2025,only-murders-in-the-building-501,no-reviewed-aapi-candidate
2025,only-murders-in-the-building-508,no-reviewed-aapi-candidate
2025,peacemaker-201,no-reviewed-aapi-candidate
2025,pluribus-107,no-reviewed-aapi-candidate
2025,predator-badlands,no-reviewed-aapi-candidate
2025,predator-killer-of-killers,no-reviewed-aapi-candidate
2025,prehistoric-planet-03,no-reviewed-aapi-candidate
2025,sean-combs-the-reckoning,no-reviewed-aapi-candidate
2025,severance-201,no-reviewed-aapi-candidate
2025,severance-209,no-reviewed-aapi-candidate
2025,sinners-2025,qualifying-credits-below-threshold
2025,sly-lives,no-reviewed-aapi-candidate
2025,south-park-27,no-reviewed-aapi-candidate
2025,squid-game-03,no-reviewed-aapi-candidate
2025,star-wars-visions-03,no-reviewed-aapi-candidate
2025,stranger-things-05.1,no-reviewed-aapi-candidate
2025,stranger-things-05.2,no-reviewed-aapi-candidate
2025,studio-2025-101,qualifying-credits-below-threshold
2025,superman-2025,no-reviewed-aapi-candidate
2025,weapons-2025,qualifying-credits-below-threshold
2025,wednesday-02.1,qualifying-credits-below-threshold
2025,wednesday-02.2,qualifying-credits-below-threshold
2025,white-lotus-301,no-reviewed-aapi-candidate
2025,white-lotus-307,no-reviewed-aapi-candidate
2025,yellowjackets-201,no-reviewed-aapi-candidate
2025,your-friendly-neighborhood-spider-man-01,no-reviewed-aapi-candidate
2025,zero-day-01,no-reviewed-aapi-candidate
2026,acolyte-107,qualifying-credits-below-threshold
2026,all-you-need-is-kill,no-reviewed-aapi-candidate
2026,backrooms-2026,no-reviewed-aapi-candidate
2026,bear-00,no-reviewed-aapi-candidate
2026,bear-05,no-reviewed-aapi-candidate
2026,beastars-03.2,no-reviewed-aapi-candidate
2026,beauty-108,no-reviewed-aapi-candidate
2026,boys-501,qualifying-credits-below-threshold
2026,brothers-01,no-reviewed-aapi-candidate
2026,coyote-vs-acme,no-reviewed-aapi-candidate
2026,crew-girl-01,no-reviewed-aapi-candidate
2026,dang-01,no-reviewed-aapi-candidate
2026,dark-winds-401,qualifying-credits-below-threshold
2026,dinosaurs-01,no-reviewed-aapi-candidate
2026,drama-2026,no-reviewed-aapi-candidate
2026,enola-holmes-3,qualifying-credits-below-threshold
2026,euphoria-301,no-reviewed-aapi-candidate
2026,fallout-2024-206,no-reviewed-aapi-candidate
2026,furious-2025,usa-production-not-confirmed
2026,ghost-in-the-shell-2026-01,no-reviewed-aapi-candidate
2026,hijack-201,qualifying-credits-below-threshold; usa-production-not-confirmed
2026,hoppers,no-reviewed-aapi-candidate
2026,industry-401,no-reviewed-aapi-candidate
2026,invite-2026,no-reviewed-aapi-candidate
2026,knight-of-the-seven-kingdoms-106,no-reviewed-aapi-candidate
2026,lanterns-101,no-reviewed-aapi-candidate
2026,legend-of-vox-machina-410,no-reviewed-aapi-candidate
2026,lego-star-wars-the-mandalorian-2026,no-reviewed-aapi-candidate
2026,love-story-2026-107,no-reviewed-aapi-candidate
2026,man-on-the-run,no-reviewed-aapi-candidate
2026,mandalorian-and-grogu,no-reviewed-aapi-candidate
2026,mating-season-01,qualifying-credits-below-threshold; usa-production-not-confirmed
2026,maul-shadow-lord-101,no-reviewed-aapi-candidate
2026,my-brilliant-career-2026-01,no-reviewed-aapi-candidate
2026,neagley-01,no-reviewed-aapi-candidate
2026,obsession-2025,no-reviewed-aapi-candidate
2026,olympics-2026,no-reviewed-aapi-candidate
2026,president-curtis-01,no-reviewed-aapi-candidate
2026,project-hail-mary,no-reviewed-aapi-candidate
2026,rick-and-morty-901,no-reviewed-aapi-candidate
2026,season-2026-01,usa-production-not-confirmed
2026,send-help,no-reviewed-aapi-candidate
2026,shards-101,no-reviewed-aapi-candidate
2026,slow-horses-601,no-reviewed-aapi-candidate
2026,star-city-101,no-reviewed-aapi-candidate
2026,star-wars-visions-the-ninth-jedi-01,qualifying-credits-below-threshold; usa-production-not-confirmed
2026,stranger-things-05.3,no-reviewed-aapi-candidate
2026,stranger-things-tales-from-85-01,no-reviewed-aapi-candidate
2026,super-mario-galaxy-movie,no-reviewed-aapi-candidate
2026,testaments-101,no-reviewed-aapi-candidate
2026,widows-bay-108,no-reviewed-aapi-candidate
2026,world-cup-2026,no-reviewed-aapi-candidate
2026,x-men-97-201,qualifying-credits-below-threshold
2026,zootopia-2,qualifying-credits-below-threshold
