cohort_year,collection_key,measurement,status,detail
2017,expanse-201,JSON,available,[]
2017,expanse-203,JSON,available,[]
2017,expanse-204,JSON,available,[]
2017,expanse-210,JSON,available,[]
2017,expanse-213,JSON,available,[]
2017,into-the-badlands-203,JSON,available,[]
2017,walking-dead-709,JSON,available,[]
2017,walking-dead-710,JSON,available,[]
2017,walking-dead-713,JSON,available,[]
2017,walking-dead-716,JSON,available,[]
2017,walking-dead-801,JSON,available,[]
2017,walking-dead-807,JSON,available,[]
2018,chilling-adventures-of-sabrina-01,JSON,available,[]
2018,expanse-301,JSON,available,[]
2018,expanse-313,JSON,available,[]
2018,human-flow,JSON,available,[]
2018,into-the-badlands-308,JSON,available,[]
2018,maniac-01,JSON,available,[]
2018,walking-dead-811,JSON,available,[]
2018,walking-dead-816,JSON,available,[]
2018,walking-dead-908,JSON,available,[]
2018,westworld-201,JSON,available,[]
2018,westworld-203,JSON,available,[]
2018,westworld-205,JSON,available,[]
2018,westworld-207,JSON,available,[]
2018,westworld-210,JSON,available,[]
2019,expanse-04,JSON,available,[]
2019,killing-eve-201,JSON,available,[]
2019,killing-eve-208,JSON,available,[]
2019,oa-02,JSON,available,[]
2019,she-ra-04,JSON,available,[]
2019,succession-210,JSON,available,[]
2019,true-detective-301,JSON,available,[]
2019,true-detective-308,JSON,available,[]
2019,umbrella-academy-01,JSON,available,[]
2019,walking-dead-1008,JSON,available,[]
2019,walking-dead-916,JSON,available,[]
2019,wu-assassins-01,JSON,available,[]
2019,yellowstone-210,JSON,available,[]
2020,devs-108,JSON,available,[]
2020,expanse-501,JSON,available,[]
2020,lego-star-wars-holiday-special-2020,JSON,available,[]
2020,mulan,JSON,available,[]
2020,umbrella-academy-02,JSON,available,[]
2020,westworld-301,JSON,available,[]
2020,westworld-308,JSON,available,[]
2021,army-of-the-dead,JSON,available,[]
2021,blade-runner-black-lotus-101,JSON,available,[]
2021,dune-2021,JSON,available,[]
2021,expanse-510,JSON,available,[]
2021,expanse-601,JSON,available,[]
2021,for-all-mankind-201,JSON,available,[]
2021,for-all-mankind-210,JSON,available,[]
2021,invincible-101,JSON,available,[]
2021,kung-fu-101,JSON,available,[]
2021,kung-fu-113,JSON,available,[]
2021,loki-101,JSON,available,[]
2021,loki-106,JSON,available,[]
2021,matrix-resurrections,JSON,available,[]
2021,no-time-to-die,JSON,available,[]
2021,prisoners-of-the-ghostland,JSON,available,[]
2021,raya-and-the-last-dragon,JSON,available,[]
2021,shadow-and-bone-01,JSON,available,[]
2021,shang-chi-and-the-legend-of-the-ten-rings,JSON,available,[]
2021,snowpiercer-209,JSON,available,[]
2021,succession-301,JSON,available,[]
2021,witcher-02,JSON,available,[]
2022,book-of-boba-fett-107,JSON,available,[]
2022,bridgerton-02,JSON,available,[]
2022,eternals,JSON,available,[]
2022,everything-everywhere-all-at-once,JSON,available,[]
2022,expanse-606,JSON,available,[]
2022,fistful-of-vengeance,JSON,available,[]
2022,for-all-mankind-301,JSON,available,[]
2022,glass-onion,JSON,available,[]
2022,gray-man,JSON,available,[]
2022,house-of-the-dragon-101,JSON,available,[]
2022,house-of-the-dragon-103,JSON,available,[]
2022,house-of-the-dragon-110,JSON,available,[]
2022,old-man-107,JSON,available,[]
2022,pantheon-108,JSON,available,[]
2022,spider-man-no-way-home,JSON,available,[]
2022,station-eleven-110,JSON,available,[]
2022,tokyo-vice-01,JSON,available,[]
2022,turning-red,JSON,available,[]
2022,walking-dead-1124,JSON,available,[]
2022,westworld-401,JSON,available,[]
2022,westworld-408,JSON,available,[]
2022,yellowstone-505,JSON,available,[]
2023,ahsoka-101,JSON,available,[]
2023,ahsoka-108,JSON,available,[]
2023,american-born-chinese-01,JSON,available,[]
2023,and-just-like-that-201,JSON,available,[]
2023,and-just-like-that-211,JSON,available,[]
2023,beacon-23-101,JSON,available,[]
2023,beacon-23-108,JSON,available,[]
2023,blue-eye-samurai-01,JSON,available,[]
2023,citadel-101,JSON,available,[]
2023,citadel-106,JSON,available,[]
2023,fargo-501,JSON,available,[]
2023,for-all-mankind-401,JSON,available,[]
2023,gen-v-101,JSON,available,[]
2023,gen-v-108,JSON,available,[]
2023,guardians-of-the-galaxy-3,JSON,available,[]
2023,invincible-201,JSON,available,[]
2023,loki-201,JSON,available,[]
2023,loki-206,JSON,available,[]
2023,monarch-legacy-of-monsters-101,JSON,available,[]
2023,murder-at-the-end-of-the-world-101,JSON,available,[]
2023,murder-at-the-end-of-the-world-107,JSON,available,[]
2023,reacher-201,JSON,available,[]
2023,spider-man-across-the-spider-verse,JSON,available,[]
2023,twisted-metal-01,JSON,available,[]
2023,warrior-310,JSON,available,[]
2023,witcher-03.1,JSON,available,[]
2023,witcher-03.2,JSON,available,[]
2023,you-04.2,JSON,available,[]
2024,3-body-problem-01,JSON,available,[]
2024,arcane-02.1,JSON,available,[]
2024,arcane-02.2,JSON,available,[]
2024,arcane-02.3,JSON,available,[]
2024,avatar-the-last-airbender-2024-01,JSON,available,[]
2024,brothers-sun-01,JSON,available,[]
2024,fargo-510,JSON,available,[]
2024,for-all-mankind-410,JSON,available,[]
2024,godzilla-x-kong-the-new-empire,JSON,available,[]
2024,hit-monkey-02,JSON,available,[]
2024,house-of-the-dragon-201,JSON,available,[]
2024,house-of-the-dragon-207,JSON,available,[]
2024,interior-chinatown-01,JSON,available,[]
2024,masters-of-the-air-101,JSON,available,[]
2024,masters-of-the-air-108,JSON,available,[]
2024,monarch-legacy-of-monsters-110,JSON,available,[]
2024,mr-and-mrs-smith-2024-01,JSON,available,[]
2024,old-man-201,JSON,available,[]
2024,reacher-208,JSON,available,[]
2024,shogun-2024-101,JSON,available,[]
2024,shogun-2024-110,JSON,available,[]
2024,silo-201,JSON,available,[]
2024,snowpiercer-401,JSON,available,[]
2024,sugar-107,JSON,available,[]
2024,tokyo-vice-201,JSON,available,[]
2024,tokyo-vice-209,JSON,available,[]
2025,ballard-01,JSON,available,[]
2025,chief-of-war-101,JSON,available,[]
2025,chief-of-war-107,JSON,available,[]
2025,gen-v-201,JSON,available,[]
2025,gen-v-206,JSON,available,[]
2025,invincible-301,JSON,available,[]
2025,moana-2,JSON,available,[]
2025,night-agent-02,JSON,available,[]
2025,reacher-301,JSON,available,[]
2025,reacher-307,JSON,available,[]
2025,summer-i-turned-pretty-311,JSON,available,[]
2025,tron-ares,JSON,available,[]
2025,wicked-2024,JSON,available,[]
2025,wicked-for-good-2025,JSON,available,[]
2025,witcher-04,JSON,available,[]
2026,avatar-the-last-airbender-2024-02,JSON,available,[]
2026,beef-02,JSON,available,[]
2026,bluff,JSON,available,[]
2026,bridgerton-04.1,JSON,available,[]
2026,bridgerton-04.2,JSON,available,[]
2026,for-all-mankind-501,JSON,available,[]
2026,goat-2026,JSON,available,[]
2026,his-and-hers-2026-01,JSON,available,[]
2026,house-of-the-dragon-301,JSON,available,[]
2026,house-of-the-dragon-308,JSON,available,[]
2026,invincible-401,JSON,available,[]
2026,legend-of-aang-the-last-airbender,JSON,available,[]
2026,monarch-legacy-of-monsters-201,JSON,available,[]
2026,monarch-legacy-of-monsters-208,JSON,available,[]
2026,night-agent-03,JSON,available,[]
2026,one-piece-2023-02,JSON,available,[]
2026,pitt-201,JSON,available,[]
2026,pitt-213,JSON,available,[]
2026,reacher-401,JSON,available,[]
2026,silo-301,JSON,available,[]
2026,spider-noir-01,JSON,available,[]
2026,sugar-201,JSON,available,[]
2026,toy-story-5,JSON,available,[]
