group,population,role,region,mode,coverage,n,clusters,mean,median,q25,q75,volume_weighted,mean_ci95
usa-only,expanded-aapi,downloaders,asia-28,all,full,14,11,26.219462682051745,25.96597285000006,22.32000526802338,28.69251950216097,26.921048796003014,"[23.80055269229815, 29.29696588636203]"
usa-only,expanded-aapi,downloaders,asia-28,all,audit-filtered,13,10,25.318192768648608,26.605961320169563,22.458040687471083,28.04343546207687,25.750195934513076,"[23.109541509187668, 28.48396275498421]"
usa-only,expanded-aapi,downloaders,asia-28,without-hosting,full,14,11,28.475469065950357,28.58483043566163,24.850352627839783,30.613913558035982,29.260062832896697,"[26.098944642948442, 32.231415126853896]"
usa-only,expanded-aapi,downloaders,asia-28,without-hosting,audit-filtered,13,10,27.412617225569306,28.678653549195054,24.78234347001436,29.87447958258065,27.920030524181424,"[25.194358493447577, 30.667459145302733]"
usa-only,expanded-aapi,downloaders,eur-27,all,full,14,11,16.226258935768083,16.181802827660803,13.192852449390859,17.258028874076835,15.938886625437675,"[13.768575238641565, 18.019387974312174]"
usa-only,expanded-aapi,downloaders,eur-27,all,audit-filtered,13,10,16.49140645310801,15.844529602325625,13.014779996260097,17.541420495537682,16.303322451800998,"[13.559561974060024, 18.46399653241063]"
usa-only,expanded-aapi,downloaders,eur-27,without-hosting,full,14,11,14.12488975042501,13.87231428796057,11.482136033577195,15.617148273760865,13.813714309206999,"[11.77180975629047, 15.871704805903255]"
usa-only,expanded-aapi,downloaders,eur-27,without-hosting,audit-filtered,13,10,14.369735176763433,13.159513268901135,11.321189605025005,15.882908535057666,14.089030832849375,"[11.727622332382113, 16.293575051703613]"
usa-only,expanded-aapi,downloaders,usa-can,all,full,14,11,13.28917176146794,9.391673232410398,8.587896218795668,17.755317868958635,13.060249415405728,"[8.711428414347104, 16.405634346858495]"
usa-only,expanded-aapi,downloaders,usa-can,all,audit-filtered,13,10,13.938863852016526,9.355648433384385,8.229217320219208,21.337634895592313,13.782331815450695,"[9.433675770890558, 17.42566887976612]"
usa-only,expanded-aapi,downloaders,usa-can,without-hosting,full,14,11,9.932913575065156,5.772273735252358,5.263251458676656,14.589365248700403,9.765011501652513,"[6.098580356920938, 13.197877111242088]"
usa-only,expanded-aapi,downloaders,usa-can,without-hosting,audit-filtered,13,10,10.715164171132285,5.826728529827647,5.127272499895384,18.795533890714953,10.587791641643769,"[5.297825268893693, 14.197305570679369]"
usa-only,expanded-aapi,downloaders,other,all,full,14,11,44.23872813024752,46.03703151268553,40.57862939653463,49.087704330397436,44.053923488070325,"[40.997984223489524, 48.88940012870978]"
usa-only,expanded-aapi,downloaders,other,all,audit-filtered,13,10,44.22627512252156,47.26331230246388,39.10640511144617,49.44525458939868,44.14040138210137,"[40.74343095788256, 48.854182035149854]"
usa-only,expanded-aapi,downloaders,other,without-hosting,full,14,11,47.43757191995388,49.747573773430936,42.76892581301828,53.070447432339655,47.13269538996107,"[44.08326467869378, 51.91928680901339]"
usa-only,expanded-aapi,downloaders,other,without-hosting,audit-filtered,13,10,47.474792523005014,51.586800523033105,41.309876023432814,53.519118500881554,47.377060728733554,"[44.082016776938225, 52.40919398342865]"
usa-only,expanded-aapi,downloaders,unclassified,all,full,14,11,0.026378490464703242,0.02660519808349818,0.022973514687946846,0.0305162298527488,0.025891675083263566,"[0.02250591600525527, 0.029961121904650598]"
usa-only,expanded-aapi,downloaders,unclassified,all,audit-filtered,13,10,0.025261803705286023,0.026253154863425172,0.02240604473262269,0.030890483689936313,0.02374841613385946,"[0.021544624588909805, 0.029152027306093904]"
usa-only,expanded-aapi,downloaders,unclassified,without-hosting,full,14,11,0.029155688605601675,0.029317877539209315,0.02559712834329135,0.03337105413358972,0.028515966282720174,"[0.02499173032261031, 0.03298991368510511]"
usa-only,expanded-aapi,downloaders,unclassified,without-hosting,audit-filtered,13,10,0.02769090352997444,0.02843135038573036,0.025230827520579896,0.033184224727378454,0.0260862725918785,"[0.02364749889302112, 0.03119214360566577]"
usa-only,expanded-aapi,uploaders,asia-28,all,full,14,11,25.236932927598506,25.663333820322137,24.29292503363549,27.021031440133996,25.389211015111584,"[22.941787380065726, 27.25256197338445]"
usa-only,expanded-aapi,uploaders,asia-28,all,audit-filtered,13,10,24.849392089511216,24.60154763103038,24.03469709705599,26.633909521555317,24.756776915649777,"[23.095061534067117, 26.495367803127788]"
usa-only,expanded-aapi,uploaders,asia-28,without-hosting,full,14,11,27.79477683760109,28.868651607557233,26.637293842448646,29.97129384319681,27.745124900703697,"[25.00172716277648, 29.966574008958148]"
usa-only,expanded-aapi,uploaders,asia-28,without-hosting,audit-filtered,13,10,27.395510216378476,27.659184673731495,26.48956612166226,29.23808231294268,27.06135661071407,"[25.378244457841408, 28.936657327849147]"
usa-only,expanded-aapi,uploaders,eur-27,all,full,14,11,15.24002439074762,15.524596394771741,13.301921249497632,16.75354025898266,15.058198159304208,"[13.099796574378667, 16.762442180813466]"
usa-only,expanded-aapi,uploaders,eur-27,all,audit-filtered,13,10,15.16695893213618,15.169652312095424,13.033364139732035,16.915234349508,15.061553791100138,"[12.755722157409734, 16.840273727353615]"
usa-only,expanded-aapi,uploaders,eur-27,without-hosting,full,14,11,13.363840936967112,13.495471583755071,11.562199657696283,15.195780798645677,13.263933887047633,"[11.261032525362856, 14.752274816796843]"
usa-only,expanded-aapi,uploaders,eur-27,without-hosting,audit-filtered,13,10,13.236978177604138,13.26461057911656,11.561079905053376,15.542098299347023,13.244959680605966,"[10.761613451336556, 14.931130677378421]"
usa-only,expanded-aapi,uploaders,usa-can,all,full,14,11,9.908630607912878,9.536298805253626,8.145851148464233,11.603745441416272,9.311683047087833,"[8.209264385242015, 11.311207384948853]"
usa-only,expanded-aapi,uploaders,usa-can,all,audit-filtered,13,10,9.97804287597872,9.686581028803328,7.964635411371654,11.744039253983756,9.372446843409316,"[7.893225218778397, 11.591968732381865]"
usa-only,expanded-aapi,uploaders,usa-can,without-hosting,full,14,11,5.44705008827071,5.2006483984007446,4.6769029721275395,6.200128652347768,5.238958175799903,"[4.598233345763012, 6.058111381443168]"
usa-only,expanded-aapi,uploaders,usa-can,without-hosting,audit-filtered,13,10,5.356005737328737,5.214268387895862,4.729398899727419,6.204350820094317,5.178036916240747,"[4.456562663319039, 6.02449110677509]"
usa-only,expanded-aapi,uploaders,other,all,full,14,11,49.59154180236101,49.240157944849514,45.63417483630533,53.53251765860476,50.2173771162151,"[46.552075018475676, 53.788891071346946]"
usa-only,expanded-aapi,uploaders,other,all,audit-filtered,13,10,49.98383119247896,50.48638553056253,47.12291380612583,54.404650070662456,50.786893786065825,"[46.79013410358599, 54.282880823899475]"
usa-only,expanded-aapi,uploaders,other,without-hosting,full,14,11,53.368536851753454,52.30905582355645,49.78365237795833,57.3788979645056,53.725838595616686,"[50.75507879793967, 57.091280729671794]"
usa-only,expanded-aapi,uploaders,other,without-hosting,audit-filtered,13,10,53.98699940118446,53.27140412507048,51.59728570478405,57.185421386521746,54.49091491435924,"[51.31578956413642, 57.756411796252124]"
usa-only,expanded-aapi,uploaders,unclassified,all,full,14,11,0.022870271379999807,0.02350960304197458,0.01733520312357143,0.0281002796869996,0.02353066228128167,"[0.01896909125372143, 0.026184534016483484]"
usa-only,expanded-aapi,uploaders,unclassified,all,audit-filtered,13,10,0.021774909894930774,0.022589145287008967,0.014514736597164448,0.02609176255815047,0.022328663774941773,"[0.017471241395356468, 0.0255063475771616]"
usa-only,expanded-aapi,uploaders,unclassified,without-hosting,full,14,11,0.025795285407626926,0.026215095478288902,0.02073953876592793,0.031414804825432255,0.02614444083208046,"[0.02102475401802388, 0.029100327515054737]"
usa-only,expanded-aapi,uploaders,unclassified,without-hosting,audit-filtered,13,10,0.024506467504188282,0.02594238534593607,0.016028303409933803,0.028142046419447123,0.02473187807997597,"[0.019694019927495792, 0.028160929262800845]"
usa-only,asian-global,downloaders,asia-28,all,full,13,10,26.721410698515097,26.605961320169563,23.20503274741686,28.821345334103174,27.58367009446248,"[24.26689991329601, 30.111556225416297]"
usa-only,asian-global,downloaders,asia-28,all,audit-filtered,12,9,25.8921774464762,26.626209246849236,22.93281304096515,28.129467419037468,26.465026137288447,"[23.670864284220283, 29.23593626866201]"
usa-only,asian-global,downloaders,asia-28,without-hosting,full,13,10,29.01488551152969,28.92193451579393,25.054380101316056,30.77753496684351,29.9710554964149,"[26.58961412280943, 32.828514791187054]"
usa-only,asian-global,downloaders,asia-28,without-hosting,audit-filtered,12,9,28.03297874977791,28.994686188689702,25.506975279256128,30.076123456559387,28.697543689852345,"[25.931450498361976, 31.5245875467006]"
usa-only,asian-global,downloaders,eur-27,all,full,13,10,15.781491165090095,15.789514366045376,12.945405361970588,17.09010311499857,15.382399468235903,"[13.236530275348558, 17.63793067151649]"
usa-only,asian-global,downloaders,eur-27,all,audit-filtered,12,9,15.967738861382344,15.68943882512814,12.8564397927681,17.202932460133347,15.67127828996164,"[13.048101068337518, 17.97470932248126]"
usa-only,asian-global,downloaders,eur-27,without-hosting,full,13,10,13.765488749133311,13.159513268901135,11.306222541077966,15.36416614515188,13.359289633319703,"[11.409872519165479, 15.497381675773662]"
usa-only,asian-global,downloaders,eur-27,without-hosting,audit-filtered,12,9,13.926747741306535,13.114719929559612,11.309476863734357,15.485738691876064,13.541806232857477,"[11.192548218537398, 15.914293128618356]"
usa-only,asian-global,downloaders,usa-can,all,full,13,10,13.672143538274778,9.755113311570343,8.61328989072451,20.024621603038582,13.495741121162338,"[9.410320347973517, 16.774845850583546]"
usa-only,asian-global,downloaders,usa-can,all,audit-filtered,12,9,14.440267869284883,9.687763399455807,8.489136502987055,21.641735068796674,14.354631598413055,"[9.222168468227743, 17.891255671038618]"
usa-only,asian-global,downloaders,usa-can,without-hosting,full,13,10,10.297098467700135,5.826728529827647,5.4574759222754015,17.373834994108016,10.181421138504382,"[5.336487148191828, 13.451045516300228]"
usa-only,asian-global,downloaders,usa-can,without-hosting,audit-filtered,12,9,11.19368956940204,5.831933526700259,5.214747808687886,19.105338323530564,11.136813287956969,"[5.266492405231681, 14.797624824171773]"
usa-only,asian-global,downloaders,other,all,full,13,10,43.79829709488338,45.49400752875043,39.656197451951805,47.39962957040075,43.512009708435656,"[40.62501687283489, 48.293188655180984]"
usa-only,asian-global,downloaders,other,all,audit-filtered,12,9,43.67449579152369,46.56205379922031,38.68392214422087,49.147257192670054,43.48539511491316,"[40.29912449986353, 48.806716863118226]"
usa-only,asian-global,downloaders,other,without-hosting,full,13,10,46.89307307264209,49.129154275299854,41.839429992519506,51.821245945981815,46.45942223348592,"[43.453653285849356, 51.720260569423594]"
usa-only,asian-global,downloaders,other,without-hosting,audit-filtered,12,9,46.81885077547374,50.97639689729756,40.82346704451034,52.873223404540354,46.59785782950604,"[43.21938003066344, 51.73086483436666]"
usa-only,asian-global,downloaders,unclassified,all,full,13,10,0.0266575032366461,0.027407757495849117,0.023640085463449236,0.030890483689936313,0.026179607703624957,"[0.022344379941109903, 0.030707162671243054]"
usa-only,asian-global,downloaders,unclassified,all,audit-filtered,12,9,0.025320031332881947,0.02665192531885019,0.021307895298474364,0.03135121591926912,0.02366885942369879,"[0.021230409793027354, 0.03002612570853185]"
usa-only,asian-global,downloaders,unclassified,without-hosting,full,13,10,0.029454198994776994,0.029785031561448242,0.026563352734197736,0.03346960242893686,0.028811498275103643,"[0.024650769964371867, 0.033032573385836934]"
usa-only,asian-global,downloaders,unclassified,without-hosting,audit-filtered,12,9,0.027733164039776537,0.02941313227378157,0.024135538210007915,0.033288484109721454,0.025978959827169985,"[0.023371921429554326, 0.03176259656257372]"
usa-only,asian-global,uploaders,asia-28,all,full,13,10,25.215980161046573,25.817348747870692,24.03469709705599,27.150072079660223,25.383127457133043,"[22.969077693802618, 27.518171099978915]"
usa-only,asian-global,uploaders,asia-28,all,audit-filtered,12,9,24.87004579438462,24.630881869159225,24.003249779200658,26.791586714469403,24.76510069326248,"[22.95324891530607, 26.850041277551348]"
usa-only,asian-global,uploaders,asia-28,without-hosting,full,13,10,27.664730358720075,28.49922090217179,26.410172670395962,30.079233430388093,27.662444389664348,"[24.827240539266057, 29.719830748818502]"
usa-only,asian-global,uploaders,asia-28,without-hosting,audit-filtered,12,9,27.314421334010472,27.332655604413524,26.35364928656269,29.517378070530455,26.995443728682716,"[25.037601483329393, 29.097012280172493]"
usa-only,asian-global,uploaders,eur-27,all,full,13,10,15.1898717238513,15.157183729143737,13.033364139732035,16.814690618445542,15.015964984772321,"[12.68182219822955, 16.813485302780883]"
usa-only,asian-global,uploaders,eur-27,all,audit-filtered,12,9,15.054761543887382,15.115502598825348,12.816114065393428,17.154964574568307,14.983706094481827,"[12.017109599089906, 16.959175630589044]"
usa-only,asian-global,uploaders,eur-27,without-hosting,full,13,10,13.445569256587227,13.567576651976314,11.547231358516367,15.212291946414037,13.309665685504388,"[10.958820130806522, 14.996484045075126]"
usa-only,asian-global,uploaders,eur-27,without-hosting,audit-filtered,12,9,13.267305156989238,13.461422608549704,11.31399314050606,15.587130375703946,13.263711951533026,"[10.658744851995731, 15.057468685199149]"
usa-only,asian-global,uploaders,usa-can,all,full,13,10,9.743687217459556,9.250206753469199,8.13676829386718,10.25629771424688,9.172838532905722,"[7.946552262766684, 11.31768616952113]"
usa-only,asian-global,uploaders,usa-can,all,audit-filtered,12,9,9.830876511144966,9.207681567475749,7.852019616640799,11.188583170714878,9.245276201207382,"[7.698011086604261, 11.478153057706065]"
usa-only,asian-global,uploaders,usa-can,without-hosting,full,13,10,5.398724199873024,5.187028408905628,4.560234156581014,6.241742657316814,5.199223758476071,"[4.509238230403891, 6.054060595955834]"
usa-only,asian-global,uploaders,usa-can,without-hosting,audit-filtered,12,9,5.313123200615992,5.060314770854971,4.566185201517946,6.240291842307127,5.1431165737315245,"[4.274635065237704, 5.992671236424054]"
usa-only,asian-global,uploaders,other,all,full,13,10,49.82713732049687,49.63615383182122,45.335966426208834,53.58678993311286,50.40420642979956,"[46.34859040126283, 54.51062521144121]"
usa-only,asian-global,uploaders,other,all,audit-filtered,12,9,50.22224097467506,50.5300919205511,46.86888479009079,54.51218296482059,50.98336544156043,"[46.82793315531846, 55.145351460082814]"
usa-only,asian-global,uploaders,other,without-hosting,full,13,10,53.46475983390266,52.50047356329915,49.46759292553013,57.95261942166241,53.80224507131047,"[50.619432940834216, 57.58385928163813]"
usa-only,asian-global,uploaders,other,without-hosting,audit-filtered,12,9,54.08040916988805,53.59796028279299,51.308352689492246,57.468975843201534,54.57284251082712,"[51.115498506617904, 58.44955342880607]"
usa-only,asian-global,uploaders,unclassified,all,full,13,10,0.023323577145708544,0.02472485189960013,0.018408923216927078,0.02885067795438565,0.023862595389355448,"[0.019149091316186164, 0.026651557775201968]"
usa-only,asian-global,uploaders,unclassified,all,audit-filtered,12,9,0.022075175907984527,0.02350650195387939,0.014440305514482882,0.026840436419486614,0.02255156948788099,"[0.017896463775148534, 0.026105280498613555]"
usa-only,asian-global,uploaders,unclassified,without-hosting,full,13,10,0.026216350917008528,0.02811106340613943,0.02199385370671346,0.03198336957959922,0.02642109504471831,"[0.02121780566383628, 0.029636075680473686]"
usa-only,asian-global,uploaders,unclassified,without-hosting,audit-filtered,12,9,0.02474113849625269,0.026962846182091375,0.015917272744436727,0.029161262094199145,0.024885235225613554,"[0.019350227314486577, 0.02867390782017094]"
non-usa-only,expanded-aapi,downloaders,asia-28,all,full,2,2,25.7699790844756,25.7699790844756,25.559627715744295,25.980330453206903,26.073767320848358,"[25.349276347012992, 26.190681821938206]"
non-usa-only,expanded-aapi,downloaders,asia-28,all,audit-filtered,2,2,23.965853532372616,23.965853532372616,23.233499372691117,24.698207692054115,24.91083138518515,"[22.501145213009618, 25.430561851735614]"
non-usa-only,expanded-aapi,downloaders,asia-28,without-hosting,full,2,2,28.919725467389682,28.919725467389682,28.484420531570777,29.355030403208588,28.27072922032806,"[28.049115595751875, 29.79033533902749]"
non-usa-only,expanded-aapi,downloaders,asia-28,without-hosting,audit-filtered,2,2,26.874488608770314,26.874488608770314,26.757591922005776,26.991385295534855,27.0330000313247,"[26.640695235241235, 27.108281982299395]"
non-usa-only,expanded-aapi,downloaders,eur-27,all,full,2,2,11.321992998430451,11.321992998430451,10.78300074950115,11.860985247359752,10.543583493855396,"[10.24400850057185, 12.399977496289052]"
non-usa-only,expanded-aapi,downloaders,eur-27,all,audit-filtered,2,2,10.901450540272855,10.901450540272855,10.516709237156068,11.28619184338964,10.405007657138668,"[10.131967934039281, 11.670933146506426]"
non-usa-only,expanded-aapi,downloaders,eur-27,without-hosting,full,2,2,9.094366105169502,9.094366105169502,8.389089441988077,9.79964276835093,8.04286893644613,"[7.683812778806651, 10.504919431532356]"
non-usa-only,expanded-aapi,downloaders,eur-27,without-hosting,audit-filtered,2,2,8.95751066979015,8.95751066979015,8.221218974329064,9.693802365251235,7.959102183691641,"[7.484927278867978, 10.430094060712321]"
non-usa-only,expanded-aapi,downloaders,usa-can,all,full,2,2,25.779443257374496,25.779443257374496,16.191852521570873,35.367033993178126,11.933099883141274,"[6.604261785767245, 44.95462472898175]"
non-usa-only,expanded-aapi,downloaders,usa-can,all,audit-filtered,2,2,27.623830655311586,27.623830655311586,16.814205199911143,38.43345611071203,13.675856826645886,"[6.0045797445107, 49.24308156611247]"
non-usa-only,expanded-aapi,downloaders,usa-can,without-hosting,full,2,2,21.85186894383564,21.85186894383564,12.771670791078979,30.932067096592302,8.314199051283495,"[3.6914726383223178, 40.012265249348964]"
non-usa-only,expanded-aapi,downloaders,usa-can,without-hosting,audit-filtered,2,2,23.530670356101812,23.530670356101812,13.43896618788138,33.62237452432225,9.846361348056663,"[3.347262019660948, 43.71407869254268]"
non-usa-only,expanded-aapi,downloaders,other,all,full,2,2,37.115403715827966,37.115403715827966,27.197540062002446,47.03326736965348,51.438725337898106,"[17.279676408176925, 56.951131023479]"
non-usa-only,expanded-aapi,downloaders,other,all,audit-filtered,2,2,37.49947289565489,37.49947289565489,27.03667742669265,47.96226836461713,50.99992191471493,"[16.57388195773041, 58.425063833579365]"
non-usa-only,expanded-aapi,downloaders,other,without-hosting,full,2,2,40.11843747421374,40.11843747421374,29.8953265646468,50.34154838378069,55.36007630636299,"[19.672215655079857, 60.56465929334763]"
non-usa-only,expanded-aapi,downloaders,other,without-hosting,audit-filtered,2,2,40.62617512375215,40.62617512375215,29.913832712359792,51.3385175351445,55.1520670161351,"[19.201490300967443, 62.050859946536846]"
non-usa-only,expanded-aapi,downloaders,unclassified,all,full,2,2,0.013180943891488411,0.013180943891488411,0.011548906067592719,0.014812981715384104,0.010823964256864698,"[0.009916868243697027, 0.016445019539279796]"
non-usa-only,expanded-aapi,downloaders,unclassified,all,audit-filtered,2,2,0.009392376388052192,0.009392376388052192,0.008609506261544393,0.01017524651455999,0.008382216315362564,"[0.007826636135036596, 0.010958116641067788]"
non-usa-only,expanded-aapi,downloaders,unclassified,without-hosting,full,2,2,0.015602009391430723,0.015602009391430723,0.013270851581480073,0.017933167201381373,0.012126485579323618,"[0.01093969377152942, 0.020264325011332025]"
non-usa-only,expanded-aapi,downloaders,unclassified,without-hosting,audit-filtered,2,2,0.011155241585575511,0.011155241585575511,0.00991200711020302,0.012398476060948002,0.009469420791895616,"[0.008668772634830528, 0.013641710536320495]"
non-usa-only,expanded-aapi,uploaders,asia-28,all,full,2,2,30.619582027722096,30.619582027722096,27.7696160006411,33.469548054803084,26.158359816296237,"[24.91964997356011, 36.31951408188408]"
non-usa-only,expanded-aapi,uploaders,asia-28,all,audit-filtered,2,2,28.6651096335926,28.6651096335926,26.653015948206153,30.67720331897905,25.720969318907212,"[24.640922262819704, 32.6892970043655]"
non-usa-only,expanded-aapi,uploaders,asia-28,without-hosting,full,2,2,43.94120068742629,43.94120068742629,35.097259621492356,52.78514175336022,28.720412302501856,"[26.25331855555842, 61.62908281929416]"
non-usa-only,expanded-aapi,uploaders,asia-28,without-hosting,audit-filtered,2,2,45.00516338773632,45.00516338773632,35.44789324800675,54.56243352746589,28.78400195837292,"[25.890623108277172, 64.11970366719547]"
non-usa-only,expanded-aapi,uploaders,eur-27,all,full,2,2,10.090235913521074,10.090235913521074,9.684533023936023,10.495938803106123,9.455164924934499,"[9.278830134350972, 10.901641692691173]"
non-usa-only,expanded-aapi,uploaders,eur-27,all,audit-filtered,2,2,8.955156863168758,8.955156863168758,8.865898022436413,9.044415703901103,8.824551338510146,"[8.776639181704068, 9.133674544633449]"
non-usa-only,expanded-aapi,uploaders,eur-27,without-hosting,full,2,2,9.645809921776678,9.645809921776678,8.798272977517884,10.493346866035473,8.18716378417871,"[7.950736033259091, 11.340883810294267]"
non-usa-only,expanded-aapi,uploaders,eur-27,without-hosting,audit-filtered,2,2,9.17859327111639,9.17859327111639,8.351807229206042,10.005379313026737,7.775323335528731,"[7.525021187295694, 10.832165354937084]"
non-usa-only,expanded-aapi,uploaders,usa-can,all,full,2,2,22.878298943702283,22.878298943702283,14.287078533308346,31.46951935409622,9.429947997091025,"[5.69585812291441, 40.06073976449016]"
non-usa-only,expanded-aapi,uploaders,usa-can,all,audit-filtered,2,2,26.517901789281197,26.517901789281197,15.873872102859023,37.16193147570337,10.943320377837214,"[5.229842416436847, 47.80596116212555]"
non-usa-only,expanded-aapi,uploaders,usa-can,without-hosting,full,2,2,4.971016025342061,4.971016025342061,3.9607206200739684,5.981311430610155,3.2322558441961426,"[2.950425214805875, 6.991606835878248]"
non-usa-only,expanded-aapi,uploaders,usa-can,without-hosting,audit-filtered,2,2,4.319185969449627,4.319185969449627,3.3960860837199305,5.242285855179324,2.752446509025418,"[2.4729861979902337, 6.165385740909021]"
non-usa-only,expanded-aapi,uploaders,other,all,full,2,2,36.39204576545463,36.39204576545463,24.539603663749006,48.24448786716027,54.945382002211616,"[12.687161562043377, 60.096929968865894]"
non-usa-only,expanded-aapi,uploaders,other,all,audit-filtered,2,2,35.84936381116833,35.84936381116833,23.100430814209787,48.598296808126875,54.50388664883602,"[10.351497817251241, 61.34722980508542]"
non-usa-only,expanded-aapi,uploaders,other,without-hosting,full,2,2,41.40993221526738,41.40993221526738,30.696876310889834,52.12298811964493,59.84754454903709,"[19.983820406512287, 62.83604402402248]"
non-usa-only,expanded-aapi,uploaders,other,without-hosting,audit-filtered,2,2,41.47413424323242,41.47413424323242,30.158417253302567,52.78985123316228,60.67983517027936,"[18.84270026337271, 64.10556822309213]"
non-usa-only,expanded-aapi,uploaders,unclassified,all,full,2,2,0.01983734959991477,0.01983734959991477,0.01428457495426576,0.02539012424556378,0.011145259466621505,"[0.00873180030861675, 0.03094289889121279]"
non-usa-only,expanded-aapi,uploaders,unclassified,all,audit-filtered,2,2,0.012467902789113833,0.012467902789113833,0.008917118371537677,0.016018687206689988,0.007272315909403105,"[0.005366333953961521, 0.019569471624266144]"
non-usa-only,expanded-aapi,uploaders,unclassified,without-hosting,full,2,2,0.032041150187586215,0.032041150187586215,0.02075866127086259,0.04332363910430984,0.012623520086206654,"[0.009476172354138964, 0.05460612802103347]"
non-usa-only,expanded-aapi,uploaders,unclassified,without-hosting,audit-filtered,2,2,0.022923128465243546,0.022923128465243546,0.014362205905005646,0.03148405102548145,0.008393026793572341,"[0.005801283344767747, 0.040044973585719346]"
non-usa-only,asian-global,downloaders,asia-28,all,full,2,2,25.7699790844756,25.7699790844756,25.559627715744295,25.980330453206903,26.073767320848358,"[25.349276347012992, 26.190681821938206]"
non-usa-only,asian-global,downloaders,asia-28,all,audit-filtered,2,2,23.965853532372616,23.965853532372616,23.233499372691117,24.698207692054115,24.91083138518515,"[22.501145213009618, 25.430561851735614]"
non-usa-only,asian-global,downloaders,asia-28,without-hosting,full,2,2,28.919725467389682,28.919725467389682,28.484420531570777,29.355030403208588,28.27072922032806,"[28.049115595751875, 29.79033533902749]"
non-usa-only,asian-global,downloaders,asia-28,without-hosting,audit-filtered,2,2,26.874488608770314,26.874488608770314,26.757591922005776,26.991385295534855,27.0330000313247,"[26.640695235241235, 27.108281982299395]"
non-usa-only,asian-global,downloaders,eur-27,all,full,2,2,11.321992998430451,11.321992998430451,10.78300074950115,11.860985247359752,10.543583493855396,"[10.24400850057185, 12.399977496289052]"
non-usa-only,asian-global,downloaders,eur-27,all,audit-filtered,2,2,10.901450540272855,10.901450540272855,10.516709237156068,11.28619184338964,10.405007657138668,"[10.131967934039281, 11.670933146506426]"
non-usa-only,asian-global,downloaders,eur-27,without-hosting,full,2,2,9.094366105169502,9.094366105169502,8.389089441988077,9.79964276835093,8.04286893644613,"[7.683812778806651, 10.504919431532356]"
non-usa-only,asian-global,downloaders,eur-27,without-hosting,audit-filtered,2,2,8.95751066979015,8.95751066979015,8.221218974329064,9.693802365251235,7.959102183691641,"[7.484927278867978, 10.430094060712321]"
non-usa-only,asian-global,downloaders,usa-can,all,full,2,2,25.779443257374496,25.779443257374496,16.191852521570873,35.367033993178126,11.933099883141274,"[6.604261785767245, 44.95462472898175]"
non-usa-only,asian-global,downloaders,usa-can,all,audit-filtered,2,2,27.623830655311586,27.623830655311586,16.814205199911143,38.43345611071203,13.675856826645886,"[6.0045797445107, 49.24308156611247]"
non-usa-only,asian-global,downloaders,usa-can,without-hosting,full,2,2,21.85186894383564,21.85186894383564,12.771670791078979,30.932067096592302,8.314199051283495,"[3.6914726383223178, 40.012265249348964]"
non-usa-only,asian-global,downloaders,usa-can,without-hosting,audit-filtered,2,2,23.530670356101812,23.530670356101812,13.43896618788138,33.62237452432225,9.846361348056663,"[3.347262019660948, 43.71407869254268]"
non-usa-only,asian-global,downloaders,other,all,full,2,2,37.115403715827966,37.115403715827966,27.197540062002446,47.03326736965348,51.438725337898106,"[17.279676408176925, 56.951131023479]"
non-usa-only,asian-global,downloaders,other,all,audit-filtered,2,2,37.49947289565489,37.49947289565489,27.03667742669265,47.96226836461713,50.99992191471493,"[16.57388195773041, 58.425063833579365]"
non-usa-only,asian-global,downloaders,other,without-hosting,full,2,2,40.11843747421374,40.11843747421374,29.8953265646468,50.34154838378069,55.36007630636299,"[19.672215655079857, 60.56465929334763]"
non-usa-only,asian-global,downloaders,other,without-hosting,audit-filtered,2,2,40.62617512375215,40.62617512375215,29.913832712359792,51.3385175351445,55.1520670161351,"[19.201490300967443, 62.050859946536846]"
non-usa-only,asian-global,downloaders,unclassified,all,full,2,2,0.013180943891488411,0.013180943891488411,0.011548906067592719,0.014812981715384104,0.010823964256864698,"[0.009916868243697027, 0.016445019539279796]"
non-usa-only,asian-global,downloaders,unclassified,all,audit-filtered,2,2,0.009392376388052192,0.009392376388052192,0.008609506261544393,0.01017524651455999,0.008382216315362564,"[0.007826636135036596, 0.010958116641067788]"
non-usa-only,asian-global,downloaders,unclassified,without-hosting,full,2,2,0.015602009391430723,0.015602009391430723,0.013270851581480073,0.017933167201381373,0.012126485579323618,"[0.01093969377152942, 0.020264325011332025]"
non-usa-only,asian-global,downloaders,unclassified,without-hosting,audit-filtered,2,2,0.011155241585575511,0.011155241585575511,0.00991200711020302,0.012398476060948002,0.009469420791895616,"[0.008668772634830528, 0.013641710536320495]"
non-usa-only,asian-global,uploaders,asia-28,all,full,2,2,30.619582027722096,30.619582027722096,27.7696160006411,33.469548054803084,26.158359816296237,"[24.91964997356011, 36.31951408188408]"
non-usa-only,asian-global,uploaders,asia-28,all,audit-filtered,2,2,28.6651096335926,28.6651096335926,26.653015948206153,30.67720331897905,25.720969318907212,"[24.640922262819704, 32.6892970043655]"
non-usa-only,asian-global,uploaders,asia-28,without-hosting,full,2,2,43.94120068742629,43.94120068742629,35.097259621492356,52.78514175336022,28.720412302501856,"[26.25331855555842, 61.62908281929416]"
non-usa-only,asian-global,uploaders,asia-28,without-hosting,audit-filtered,2,2,45.00516338773632,45.00516338773632,35.44789324800675,54.56243352746589,28.78400195837292,"[25.890623108277172, 64.11970366719547]"
non-usa-only,asian-global,uploaders,eur-27,all,full,2,2,10.090235913521074,10.090235913521074,9.684533023936023,10.495938803106123,9.455164924934499,"[9.278830134350972, 10.901641692691173]"
non-usa-only,asian-global,uploaders,eur-27,all,audit-filtered,2,2,8.955156863168758,8.955156863168758,8.865898022436413,9.044415703901103,8.824551338510146,"[8.776639181704068, 9.133674544633449]"
non-usa-only,asian-global,uploaders,eur-27,without-hosting,full,2,2,9.645809921776678,9.645809921776678,8.798272977517884,10.493346866035473,8.18716378417871,"[7.950736033259091, 11.340883810294267]"
non-usa-only,asian-global,uploaders,eur-27,without-hosting,audit-filtered,2,2,9.17859327111639,9.17859327111639,8.351807229206042,10.005379313026737,7.775323335528731,"[7.525021187295694, 10.832165354937084]"
non-usa-only,asian-global,uploaders,usa-can,all,full,2,2,22.878298943702283,22.878298943702283,14.287078533308346,31.46951935409622,9.429947997091025,"[5.69585812291441, 40.06073976449016]"
non-usa-only,asian-global,uploaders,usa-can,all,audit-filtered,2,2,26.517901789281197,26.517901789281197,15.873872102859023,37.16193147570337,10.943320377837214,"[5.229842416436847, 47.80596116212555]"
non-usa-only,asian-global,uploaders,usa-can,without-hosting,full,2,2,4.971016025342061,4.971016025342061,3.9607206200739684,5.981311430610155,3.2322558441961426,"[2.950425214805875, 6.991606835878248]"
non-usa-only,asian-global,uploaders,usa-can,without-hosting,audit-filtered,2,2,4.319185969449627,4.319185969449627,3.3960860837199305,5.242285855179324,2.752446509025418,"[2.4729861979902337, 6.165385740909021]"
non-usa-only,asian-global,uploaders,other,all,full,2,2,36.39204576545463,36.39204576545463,24.539603663749006,48.24448786716027,54.945382002211616,"[12.687161562043377, 60.096929968865894]"
non-usa-only,asian-global,uploaders,other,all,audit-filtered,2,2,35.84936381116833,35.84936381116833,23.100430814209787,48.598296808126875,54.50388664883602,"[10.351497817251241, 61.34722980508542]"
non-usa-only,asian-global,uploaders,other,without-hosting,full,2,2,41.40993221526738,41.40993221526738,30.696876310889834,52.12298811964493,59.84754454903709,"[19.983820406512287, 62.83604402402248]"
non-usa-only,asian-global,uploaders,other,without-hosting,audit-filtered,2,2,41.47413424323242,41.47413424323242,30.158417253302567,52.78985123316228,60.67983517027936,"[18.84270026337271, 64.10556822309213]"
non-usa-only,asian-global,uploaders,unclassified,all,full,2,2,0.01983734959991477,0.01983734959991477,0.01428457495426576,0.02539012424556378,0.011145259466621505,"[0.00873180030861675, 0.03094289889121279]"
non-usa-only,asian-global,uploaders,unclassified,all,audit-filtered,2,2,0.012467902789113833,0.012467902789113833,0.008917118371537677,0.016018687206689988,0.007272315909403105,"[0.005366333953961521, 0.019569471624266144]"
non-usa-only,asian-global,uploaders,unclassified,without-hosting,full,2,2,0.032041150187586215,0.032041150187586215,0.02075866127086259,0.04332363910430984,0.012623520086206654,"[0.009476172354138964, 0.05460612802103347]"
non-usa-only,asian-global,uploaders,unclassified,without-hosting,audit-filtered,2,2,0.022923128465243546,0.022923128465243546,0.014362205905005646,0.03148405102548145,0.008393026793572341,"[0.005801283344767747, 0.040044973585719346]"
mixed,expanded-aapi,downloaders,asia-28,all,full,4,2,18.84503110367329,15.281433614150611,15.029468630390223,19.09699608743368,20.006797590391752,"[15.093391591314266, 30.099949640750367]"
mixed,expanded-aapi,downloaders,asia-28,all,audit-filtered,4,2,18.14260813095865,15.050232825751706,14.706904914577223,18.485936042133133,18.70972350742767,"[14.890759015089737, 27.89815547856539]"
mixed,expanded-aapi,downloaders,asia-28,without-hosting,full,4,2,20.68573571859247,16.903580257700824,16.447924737858884,21.141391238434412,22.07715938798498,"[16.621926487631608, 32.87716341147505]"
mixed,expanded-aapi,downloaders,asia-28,without-hosting,audit-filtered,4,2,19.818640885925703,16.548470176415137,15.991264291152193,20.375846771188648,20.5166436452329,"[16.307138113164537, 30.353149204209213]"
mixed,expanded-aapi,downloaders,eur-27,all,full,4,2,22.875106792385814,25.45830648742012,22.664659149153334,25.6687541306526,21.991291827876637,"[14.65116731796783, 25.61641995052514]"
mixed,expanded-aapi,downloaders,eur-27,all,audit-filtered,4,2,22.902039550849008,25.57378425108724,22.826386493356065,25.649437308580186,22.389572767714704,"[14.609370019230914, 25.66626272805504]"
mixed,expanded-aapi,downloaders,eur-27,without-hosting,full,4,2,19.986524503354737,22.11883858185822,19.694891764681557,22.410471320531403,19.126140558467704,"[12.879622279375893, 22.355491911347684]"
mixed,expanded-aapi,downloaders,eur-27,without-hosting,audit-filtered,4,2,20.0083722094514,22.278954594272662,19.901419004721,22.385907799003064,19.497435912164732,"[12.863888187880132, 22.38986688330849]"
mixed,expanded-aapi,downloaders,usa-can,all,full,4,2,9.668245109738297,9.75504036886871,9.070526048956854,10.352759429650153,9.697201210487114,"[9.445878081066745, 10.335346195752951]"
mixed,expanded-aapi,downloaders,usa-can,all,audit-filtered,4,2,9.32411663440565,9.266285829904895,8.556055329942257,10.03434713436829,9.339618897086423,"[8.999153669266574, 10.299005529822882]"
mixed,expanded-aapi,downloaders,usa-can,without-hosting,full,4,2,5.733715118651263,5.460432431839559,5.257141347156076,5.937006203334746,5.853284457491703,"[5.351632720597611, 6.879962312812218]"
mixed,expanded-aapi,downloaders,usa-can,without-hosting,audit-filtered,4,2,5.615304714475077,5.256966466714038,5.0415985103686385,5.830672670820477,5.692962252302468,"[5.18009209101934, 6.92094258484229]"
mixed,expanded-aapi,downloaders,other,all,full,4,2,48.57745034481207,49.13957646672107,47.369140270842365,50.34788654069078,48.27010291542019,"[44.87605745083877, 49.811247976136514]"
mixed,expanded-aapi,downloaders,other,all,audit-filtered,4,2,49.59810744953849,49.93518601258606,48.406393199232944,51.1269002628916,49.52768998330028,"[47.15756927244293, 50.411620175237005]"
mixed,expanded-aapi,downloaders,other,without-hosting,full,4,2,53.55501767913525,55.048473920889876,52.54069779408592,56.0627938059392,52.90401709114676,"[47.32152791448061, 55.632847600686794]"
mixed,expanded-aapi,downloaders,other,without-hosting,audit-filtered,4,2,54.52015439596816,55.72868500076683,53.58120802236644,56.667631374368554,54.25521439064935,"[49.82244135097278, 56.086058744299955]"
mixed,expanded-aapi,downloaders,unclassified,all,full,4,2,0.03416664939052415,0.0336095040266235,0.03262295726822481,0.03515319614892284,0.03460645582430598,"[0.03306240095733945, 0.037479394690078244]"
mixed,expanded-aapi,downloaders,unclassified,all,audit-filtered,4,2,0.033128234248205456,0.03257899654049659,0.031668226073536435,0.03403900471516561,0.03339484447092627,"[0.03220441235164315, 0.03589969993789238]"
mixed,expanded-aapi,downloaders,unclassified,without-hosting,full,4,2,0.03900698026628431,0.038865097892477024,0.03811265694792114,0.039759421210840196,0.039398504908850315,"[0.03810127973630257, 0.041724081856229514]"
mixed,expanded-aapi,downloaders,unclassified,without-hosting,audit-filtered,4,2,0.037527794179655856,0.037289748461842256,0.036625476520240965,0.03819206612125715,0.03774379965054469,"[0.03684416820768128, 0.03957867209557958]"
mixed,expanded-aapi,uploaders,asia-28,all,full,4,2,18.091224738471652,15.606164566940373,15.242644263585753,18.45474504182627,21.04765624679433,"[15.253807164359523, 26.603477460808037]"
mixed,expanded-aapi,uploaders,asia-28,all,audit-filtered,4,2,17.869854204003204,15.553312961296612,15.215575797219351,18.207591368080465,20.505503798439456,"[15.43229335757149, 25.18253674329834]"
mixed,expanded-aapi,uploaders,asia-28,without-hosting,full,4,2,21.065401229415365,18.787169762946455,18.224490676018274,21.628080316343546,24.25719535546755,"[18.38000631297639, 29.12158597873228]"
mixed,expanded-aapi,uploaders,asia-28,without-hosting,audit-filtered,4,2,20.964221526317054,19.135503363718005,18.481793755019503,21.61793113501556,23.6377863869634,"[18.79265272287918, 27.478927936630683]"
mixed,expanded-aapi,uploaders,eur-27,all,full,4,2,23.631218873553024,25.898484858866112,21.83332461500915,27.696379117409982,20.4281876294766,"[14.55555753238039, 26.65643932061057]"
mixed,expanded-aapi,uploaders,eur-27,all,audit-filtered,4,2,23.596153898965753,25.98150072808182,22.064835783643233,27.51281884340434,20.204848913658434,"[14.455132857607266, 26.64316091275192]"
mixed,expanded-aapi,uploaders,eur-27,without-hosting,full,4,2,22.11503022915789,24.16148544150346,19.456276740201567,26.820238930459784,18.392545612446366,"[12.963424015906423, 25.165565633575046]"
mixed,expanded-aapi,uploaders,eur-27,without-hosting,audit-filtered,4,2,22.13007232333117,24.346014166805787,19.794301944855366,26.68178454528159,18.147627779474124,"[12.915074787746024, 25.20173816852622]"
mixed,expanded-aapi,uploaders,usa-can,all,full,4,2,14.454079270091983,15.77062453778115,13.731992489024861,16.492711318848272,12.723495003759043,"[9.574289359712084, 16.080675906885283]"
mixed,expanded-aapi,uploaders,usa-can,all,audit-filtered,4,2,14.831104397344053,16.08141586185673,13.743748541958208,17.168771717242574,12.757845372706061,"[9.341270809335917, 16.6610489266801]"
mixed,expanded-aapi,uploaders,usa-can,without-hosting,full,4,2,6.7975083620496,6.9361616939095265,6.644874835366162,7.088795220592965,6.4587007669838945,"[5.941045271793582, 7.082996058801606]"
mixed,expanded-aapi,uploaders,usa-can,without-hosting,audit-filtered,4,2,6.787375980837939,6.987700366276526,6.6014346706432,7.173641676471265,6.3634097514718695,"[5.785052728334388, 7.121483731672456]"
mixed,expanded-aapi,uploaders,other,all,full,4,2,43.77868152586025,42.95780326989477,40.60329664416151,46.13318815159351,45.760924622254144,"[41.95988521646796, 49.23507045403713]"
mixed,expanded-aapi,uploaders,other,all,audit-filtered,4,2,43.654774876449,42.38074776806502,39.57908374242003,46.45643890209399,46.49030773217265,"[41.20991301419099, 50.989360463223036]"
mixed,expanded-aapi,uploaders,other,without-hosting,full,4,2,49.96476711984211,49.88558984940093,47.64840619503842,52.20195077420461,50.84365385406623,"[49.30678134759995, 51.93872443656858]"
mixed,expanded-aapi,uploaders,other,without-hosting,audit-filtered,4,2,50.05593258628877,49.950012551965216,46.91038440976626,53.095560728487726,51.801181233428984,"[48.8125944350495, 53.78594704000656]"
mixed,expanded-aapi,uploaders,unclassified,all,full,4,2,0.04479559202309229,0.0443142868751982,0.037019821459806104,0.05209005743848438,0.039736497715884105,"[0.03160519306236148, 0.04919239167666922]"
mixed,expanded-aapi,uploaders,unclassified,all,audit-filtered,4,2,0.04811262323799226,0.04675876801793562,0.03933574140557942,0.05553564985034845,0.0414941830233966,"[0.03169912653544369, 0.05358378880550845]"
mixed,expanded-aapi,uploaders,unclassified,without-hosting,full,4,2,0.057293059535040367,0.05785231472226478,0.04741096306964461,0.06773441118766053,0.047904411035956974,"[0.035220296999138805, 0.06465064704700756]"
mixed,expanded-aapi,uploaders,unclassified,without-hosting,audit-filtered,4,2,0.0623975832250732,0.06155298941993419,0.051071146816180094,0.07287942582882728,0.04999484866162155,"[0.03499750728234099, 0.07153094187265059]"
mixed,asian-global,downloaders,asia-28,all,full,4,2,18.84503110367329,15.281433614150611,15.029468630390223,19.09699608743368,20.006797590391752,"[15.093391591314266, 30.099949640750367]"
mixed,asian-global,downloaders,asia-28,all,audit-filtered,4,2,18.14260813095865,15.050232825751706,14.706904914577223,18.485936042133133,18.70972350742767,"[14.890759015089737, 27.89815547856539]"
mixed,asian-global,downloaders,asia-28,without-hosting,full,4,2,20.68573571859247,16.903580257700824,16.447924737858884,21.141391238434412,22.07715938798498,"[16.621926487631608, 32.87716341147505]"
mixed,asian-global,downloaders,asia-28,without-hosting,audit-filtered,4,2,19.818640885925703,16.548470176415137,15.991264291152193,20.375846771188648,20.5166436452329,"[16.307138113164537, 30.353149204209213]"
mixed,asian-global,downloaders,eur-27,all,full,4,2,22.875106792385814,25.45830648742012,22.664659149153334,25.6687541306526,21.991291827876637,"[14.65116731796783, 25.61641995052514]"
mixed,asian-global,downloaders,eur-27,all,audit-filtered,4,2,22.902039550849008,25.57378425108724,22.826386493356065,25.649437308580186,22.389572767714704,"[14.609370019230914, 25.66626272805504]"
mixed,asian-global,downloaders,eur-27,without-hosting,full,4,2,19.986524503354737,22.11883858185822,19.694891764681557,22.410471320531403,19.126140558467704,"[12.879622279375893, 22.355491911347684]"
mixed,asian-global,downloaders,eur-27,without-hosting,audit-filtered,4,2,20.0083722094514,22.278954594272662,19.901419004721,22.385907799003064,19.497435912164732,"[12.863888187880132, 22.38986688330849]"
mixed,asian-global,downloaders,usa-can,all,full,4,2,9.668245109738297,9.75504036886871,9.070526048956854,10.352759429650153,9.697201210487114,"[9.445878081066745, 10.335346195752951]"
mixed,asian-global,downloaders,usa-can,all,audit-filtered,4,2,9.32411663440565,9.266285829904895,8.556055329942257,10.03434713436829,9.339618897086423,"[8.999153669266574, 10.299005529822882]"
mixed,asian-global,downloaders,usa-can,without-hosting,full,4,2,5.733715118651263,5.460432431839559,5.257141347156076,5.937006203334746,5.853284457491703,"[5.351632720597611, 6.879962312812218]"
mixed,asian-global,downloaders,usa-can,without-hosting,audit-filtered,4,2,5.615304714475077,5.256966466714038,5.0415985103686385,5.830672670820477,5.692962252302468,"[5.18009209101934, 6.92094258484229]"
mixed,asian-global,downloaders,other,all,full,4,2,48.57745034481207,49.13957646672107,47.369140270842365,50.34788654069078,48.27010291542019,"[44.87605745083877, 49.811247976136514]"
mixed,asian-global,downloaders,other,all,audit-filtered,4,2,49.59810744953849,49.93518601258606,48.406393199232944,51.1269002628916,49.52768998330028,"[47.15756927244293, 50.411620175237005]"
mixed,asian-global,downloaders,other,without-hosting,full,4,2,53.55501767913525,55.048473920889876,52.54069779408592,56.0627938059392,52.90401709114676,"[47.32152791448061, 55.632847600686794]"
mixed,asian-global,downloaders,other,without-hosting,audit-filtered,4,2,54.52015439596816,55.72868500076683,53.58120802236644,56.667631374368554,54.25521439064935,"[49.82244135097278, 56.086058744299955]"
mixed,asian-global,downloaders,unclassified,all,full,4,2,0.03416664939052415,0.0336095040266235,0.03262295726822481,0.03515319614892284,0.03460645582430598,"[0.03306240095733945, 0.037479394690078244]"
mixed,asian-global,downloaders,unclassified,all,audit-filtered,4,2,0.033128234248205456,0.03257899654049659,0.031668226073536435,0.03403900471516561,0.03339484447092627,"[0.03220441235164315, 0.03589969993789238]"
mixed,asian-global,downloaders,unclassified,without-hosting,full,4,2,0.03900698026628431,0.038865097892477024,0.03811265694792114,0.039759421210840196,0.039398504908850315,"[0.03810127973630257, 0.041724081856229514]"
mixed,asian-global,downloaders,unclassified,without-hosting,audit-filtered,4,2,0.037527794179655856,0.037289748461842256,0.036625476520240965,0.03819206612125715,0.03774379965054469,"[0.03684416820768128, 0.03957867209557958]"
mixed,asian-global,uploaders,asia-28,all,full,4,2,18.091224738471652,15.606164566940373,15.242644263585753,18.45474504182627,21.04765624679433,"[15.253807164359523, 26.603477460808037]"
mixed,asian-global,uploaders,asia-28,all,audit-filtered,4,2,17.869854204003204,15.553312961296612,15.215575797219351,18.207591368080465,20.505503798439456,"[15.43229335757149, 25.18253674329834]"
mixed,asian-global,uploaders,asia-28,without-hosting,full,4,2,21.065401229415365,18.787169762946455,18.224490676018274,21.628080316343546,24.25719535546755,"[18.38000631297639, 29.12158597873228]"
mixed,asian-global,uploaders,asia-28,without-hosting,audit-filtered,4,2,20.964221526317054,19.135503363718005,18.481793755019503,21.61793113501556,23.6377863869634,"[18.79265272287918, 27.478927936630683]"
mixed,asian-global,uploaders,eur-27,all,full,4,2,23.631218873553024,25.898484858866112,21.83332461500915,27.696379117409982,20.4281876294766,"[14.55555753238039, 26.65643932061057]"
mixed,asian-global,uploaders,eur-27,all,audit-filtered,4,2,23.596153898965753,25.98150072808182,22.064835783643233,27.51281884340434,20.204848913658434,"[14.455132857607266, 26.64316091275192]"
mixed,asian-global,uploaders,eur-27,without-hosting,full,4,2,22.11503022915789,24.16148544150346,19.456276740201567,26.820238930459784,18.392545612446366,"[12.963424015906423, 25.165565633575046]"
mixed,asian-global,uploaders,eur-27,without-hosting,audit-filtered,4,2,22.13007232333117,24.346014166805787,19.794301944855366,26.68178454528159,18.147627779474124,"[12.915074787746024, 25.20173816852622]"
mixed,asian-global,uploaders,usa-can,all,full,4,2,14.454079270091983,15.77062453778115,13.731992489024861,16.492711318848272,12.723495003759043,"[9.574289359712084, 16.080675906885283]"
mixed,asian-global,uploaders,usa-can,all,audit-filtered,4,2,14.831104397344053,16.08141586185673,13.743748541958208,17.168771717242574,12.757845372706061,"[9.341270809335917, 16.6610489266801]"
mixed,asian-global,uploaders,usa-can,without-hosting,full,4,2,6.7975083620496,6.9361616939095265,6.644874835366162,7.088795220592965,6.4587007669838945,"[5.941045271793582, 7.082996058801606]"
mixed,asian-global,uploaders,usa-can,without-hosting,audit-filtered,4,2,6.787375980837939,6.987700366276526,6.6014346706432,7.173641676471265,6.3634097514718695,"[5.785052728334388, 7.121483731672456]"
mixed,asian-global,uploaders,other,all,full,4,2,43.77868152586025,42.95780326989477,40.60329664416151,46.13318815159351,45.760924622254144,"[41.95988521646796, 49.23507045403713]"
mixed,asian-global,uploaders,other,all,audit-filtered,4,2,43.654774876449,42.38074776806502,39.57908374242003,46.45643890209399,46.49030773217265,"[41.20991301419099, 50.989360463223036]"
mixed,asian-global,uploaders,other,without-hosting,full,4,2,49.96476711984211,49.88558984940093,47.64840619503842,52.20195077420461,50.84365385406623,"[49.30678134759995, 51.93872443656858]"
mixed,asian-global,uploaders,other,without-hosting,audit-filtered,4,2,50.05593258628877,49.950012551965216,46.91038440976626,53.095560728487726,51.801181233428984,"[48.8125944350495, 53.78594704000656]"
mixed,asian-global,uploaders,unclassified,all,full,4,2,0.04479559202309229,0.0443142868751982,0.037019821459806104,0.05209005743848438,0.039736497715884105,"[0.03160519306236148, 0.04919239167666922]"
mixed,asian-global,uploaders,unclassified,all,audit-filtered,4,2,0.04811262323799226,0.04675876801793562,0.03933574140557942,0.05553564985034845,0.0414941830233966,"[0.03169912653544369, 0.05358378880550845]"
mixed,asian-global,uploaders,unclassified,without-hosting,full,4,2,0.057293059535040367,0.05785231472226478,0.04741096306964461,0.06773441118766053,0.047904411035956974,"[0.035220296999138805, 0.06465064704700756]"
mixed,asian-global,uploaders,unclassified,without-hosting,audit-filtered,4,2,0.0623975832250732,0.06155298941993419,0.051071146816180094,0.07287942582882728,0.04999484866162155,"[0.03499750728234099, 0.07153094187265059]"
unknown,expanded-aapi,downloaders,asia-28,all,full,129,73,19.865494317590933,19.341937021288704,14.772733187794293,23.85569144180331,22.262033357405755,"[18.71954097746914, 21.116862984932087]"
unknown,expanded-aapi,downloaders,asia-28,all,audit-filtered,129,73,19.838909772201344,19.591092360850737,14.86879428928323,23.78321910857313,22.04765944023218,"[18.76928822215197, 20.932413180962843]"
unknown,expanded-aapi,downloaders,asia-28,without-hosting,full,129,73,22.488069381381273,22.06507659271671,16.35280299317823,27.12646383570333,25.12380452337079,"[21.258216057150253, 23.930299332541765]"
unknown,expanded-aapi,downloaders,asia-28,without-hosting,audit-filtered,129,73,22.405576562013753,22.288805713302356,16.7701422479178,26.516184001714862,24.828485282526657,"[21.21007391550219, 23.739943068607396]"
unknown,expanded-aapi,downloaders,eur-27,all,full,129,73,23.42823385048216,24.01629606588891,21.408742275724297,26.36544528262114,23.67698411875377,"[22.523303302856885, 24.147531996302224]"
unknown,expanded-aapi,downloaders,eur-27,all,audit-filtered,129,73,23.39519039942714,24.126341248731833,21.233817358997143,26.099034371932103,23.924808904970174,"[22.579486685435455, 24.122807093706438]"
unknown,expanded-aapi,downloaders,eur-27,without-hosting,full,129,73,20.070044479708535,20.38574261574292,17.20725133718038,22.9821427056558,20.033477788241278,"[19.23514183271196, 20.83811220549292]"
unknown,expanded-aapi,downloaders,eur-27,without-hosting,audit-filtered,129,73,19.9469583032989,20.260411710597264,17.070997648611336,22.704992336838238,20.178102088746535,"[19.25169601087045, 20.675460434769967]"
unknown,expanded-aapi,downloaders,usa-can,all,full,129,73,14.832296231091338,11.135207108035246,9.910117883708539,15.137243010143758,12.404211241604619,"[13.07124473472817, 16.75112227203384]"
unknown,expanded-aapi,downloaders,usa-can,all,audit-filtered,129,73,14.782800875016068,10.841404398361421,9.75938115447164,14.988456811227612,12.497225847719214,"[12.792313244556597, 16.652870729511264]"
unknown,expanded-aapi,downloaders,usa-can,without-hosting,full,129,73,10.235001618518963,6.601488494824152,5.955223875329225,8.120541070690676,8.42165876049651,"[8.4285843010687, 12.101350455201047]"
unknown,expanded-aapi,downloaders,usa-can,without-hosting,audit-filtered,129,73,10.277220064314976,6.495524917067139,5.853001939953326,8.058153558383768,8.639584320941761,"[8.535684562480283, 12.281221923542123]"
unknown,expanded-aapi,downloaders,other,all,full,129,73,41.84706377116817,43.658384629896936,37.047123425591984,47.88326208880233,41.629489948998625,"[40.18977660518276, 43.42823233848517]"
unknown,expanded-aapi,downloaders,other,all,audit-filtered,129,73,41.957325039271716,44.38281283028983,37.70955497638085,48.07444787643384,41.50471732443358,"[40.12621472847655, 43.45353608983608]"
unknown,expanded-aapi,downloaders,other,without-hosting,full,129,73,47.174793828955885,49.63056377852411,42.090750568554746,53.833710232284005,46.38916991235488,"[45.19683945093537, 48.95573003418795]"
unknown,expanded-aapi,downloaders,other,without-hosting,audit-filtered,129,73,47.33957508210447,49.88210012079632,42.98102082007538,54.32053859008477,46.32397899176208,"[45.547134669022675, 49.20108258770081]"
unknown,expanded-aapi,downloaders,unclassified,all,full,129,73,0.026911829667385645,0.026048310872806273,0.01896097835735159,0.03401519628894208,0.027281333237229675,"[0.024342078169177838, 0.029475471945032677]"
unknown,expanded-aapi,downloaders,unclassified,all,audit-filtered,129,73,0.025773914083729966,0.02450527007710135,0.017845521633601973,0.03280785153389802,0.025588482644850148,"[0.023361089552400967, 0.028091161565874226]"
unknown,expanded-aapi,downloaders,unclassified,without-hosting,full,129,73,0.032090691435339797,0.029618247712663505,0.02298743155123767,0.039580662585611014,0.03188901553653874,"[0.02898454372714269, 0.035385846403848946]"
unknown,expanded-aapi,downloaders,unclassified,without-hosting,audit-filtered,129,73,0.030669988267900093,0.028635933253391352,0.02155980701059238,0.03836816159821324,0.029849316022961273,"[0.027897920079107283, 0.03341933626594973]"
unknown,expanded-aapi,uploaders,asia-28,all,full,129,73,15.69195552442425,13.927172960134953,10.043411321247861,18.17091543474704,17.7933769678374,"[13.977760895341001, 17.79864405122542]"
unknown,expanded-aapi,uploaders,asia-28,all,audit-filtered,129,73,15.442633790524004,13.908259147111233,9.897455981699773,18.11334814371174,17.18560154968173,"[13.8887286957154, 17.56620556202931]"
unknown,expanded-aapi,uploaders,asia-28,without-hosting,full,129,73,19.325277238381112,17.032474990121607,12.502467189219233,22.51555985446913,21.016859985782464,"[17.229559351395988, 21.65956611548601]"
unknown,expanded-aapi,uploaders,asia-28,without-hosting,audit-filtered,129,73,19.157328689086444,16.775288582751774,12.449446376168282,22.40517711661701,20.411656284853166,"[17.307838356769025, 21.576588706363136]"
unknown,expanded-aapi,uploaders,eur-27,all,full,129,73,24.3888649602184,25.00973355763368,21.661633014852324,28.127279361193136,22.75532967254815,"[22.999730640955608, 25.711072839095632]"
unknown,expanded-aapi,uploaders,eur-27,all,audit-filtered,129,73,24.249803014107577,25.088881609214784,21.359106253013984,28.13453574404474,22.928374104312905,"[22.984759025073746, 25.555981844622742]"
unknown,expanded-aapi,uploaders,eur-27,without-hosting,full,129,73,22.39851844823579,22.328167149583226,18.555426610827993,26.674866112209013,20.7650898102362,"[20.793344048544114, 23.88180485530373]"
unknown,expanded-aapi,uploaders,eur-27,without-hosting,audit-filtered,129,73,22.35069209521027,22.529114275808947,18.008358553105634,26.642425280148828,20.937697064238705,"[20.786796405588298, 23.888105364835685]"
unknown,expanded-aapi,uploaders,usa-can,all,full,129,73,19.185123492680464,18.118396632887393,13.792878843321738,22.658818462421937,14.876792598862002,"[17.10275760816236, 21.57098644030351]"
unknown,expanded-aapi,uploaders,usa-can,all,audit-filtered,129,73,19.831697676984962,18.503609310548025,13.945399187384737,23.715361416605855,15.295861812414383,"[17.765033144708063, 22.123871977611255]"
unknown,expanded-aapi,uploaders,usa-can,without-hosting,full,129,73,9.448875566027398,8.412333415966422,6.58084584044865,11.019944622870286,7.339106418066484,"[8.205366004861553, 10.926394874557054]"
unknown,expanded-aapi,uploaders,usa-can,without-hosting,audit-filtered,129,73,9.346273787255136,8.399078912408113,6.217056671612641,10.889380410626345,7.285830716589444,"[8.08731454100204, 10.992824303442292]"
unknown,expanded-aapi,uploaders,other,all,full,129,73,40.70106587502645,41.43837955260424,34.714054527285754,46.879640570069874,44.53718523814628,"[38.43202657549903, 42.837602187539815]"
unknown,expanded-aapi,uploaders,other,all,audit-filtered,129,73,40.44441443386949,40.56154197268994,34.73044632842911,47.54827481957504,44.55498455718128,"[38.076968717632305, 42.684917001922706]"
unknown,expanded-aapi,uploaders,other,without-hosting,full,129,73,48.78325072626699,49.75989497022509,43.03485650942234,55.14275987847775,50.83239177026054,"[46.831492863048105, 50.52042906863286]"
unknown,expanded-aapi,uploaders,other,without-hosting,audit-filtered,129,73,49.10321106672404,50.09450661655404,43.16031043433346,56.175531298338456,51.320567219258365,"[47.35325413354027, 51.02064371861782]"
unknown,expanded-aapi,uploaders,unclassified,all,full,129,73,0.03299014765042959,0.027930899515085955,0.018643525410417153,0.045477478696736864,0.03731552260617341,"[0.02820257971168956, 0.0382455990381914]"
unknown,expanded-aapi,uploaders,unclassified,all,audit-filtered,129,73,0.03145108451395922,0.02829325122742781,0.015700078112734314,0.04268312489848952,0.03517797640970732,"[0.026273625145769294, 0.0366288940926553]"
unknown,expanded-aapi,uploaders,unclassified,without-hosting,full,129,73,0.044078021088709195,0.03683797176267137,0.024699934390799275,0.05790211495093558,0.046552015654307756,"[0.03770030175178525, 0.05090527974006863]"
unknown,expanded-aapi,uploaders,unclassified,without-hosting,audit-filtered,129,73,0.04249436172411064,0.036685947904852294,0.022432925552597734,0.05693965022786288,0.044248715060318945,"[0.03603915515493688, 0.04916588745759636]"
unknown,asian-global,downloaders,asia-28,all,full,121,69,19.940852831415846,19.341937021288704,14.792597390389211,24.174754992597496,22.23624692926164,"[18.811743825842253, 21.22926151683417]"
unknown,asian-global,downloaders,asia-28,all,audit-filtered,121,69,19.903204547544455,19.591092360850737,14.88447378013936,24.194131702775582,22.015545511178484,"[18.77523092077942, 21.051656737780228]"
unknown,asian-global,downloaders,asia-28,without-hosting,full,121,69,22.546237988410073,22.05846538756002,16.64740446699122,27.31615687098152,25.08636829425973,"[21.289567076059924, 23.993643051817465]"
unknown,asian-global,downloaders,asia-28,without-hosting,audit-filtered,121,69,22.452706895822217,22.05846538756002,16.77053663918706,26.616903670382378,24.785296167088138,"[21.190198887279642, 23.81110654497572]"
unknown,asian-global,downloaders,eur-27,all,full,121,69,23.429745731011877,24.01629606588891,21.408742275724297,26.539911091499892,23.70765683784647,"[22.508137821221794, 24.265834991035444]"
unknown,asian-global,downloaders,eur-27,all,audit-filtered,121,69,23.392979268461094,24.126341248731833,21.233817358997143,26.40543127541852,23.96432604277761,"[22.585730513537605, 24.1898418246409]"
unknown,asian-global,downloaders,eur-27,without-hosting,full,121,69,20.117368728688085,20.393436634632103,17.48592207007859,23.001481989899037,20.091307955351194,"[19.28118062602139, 20.8712270283981]"
unknown,asian-global,downloaders,eur-27,without-hosting,audit-filtered,121,69,19.988815564579518,20.260411710597264,17.31501746384291,22.90832874073969,20.24369790803858,"[19.071016080324032, 20.737914819298993]"
unknown,asian-global,downloaders,usa-can,all,full,121,69,14.651069603898405,11.102583274155581,9.876367715363134,14.988456811227612,12.414940105647652,"[12.809460185454538, 16.55026348959482]"
unknown,asian-global,downloaders,usa-can,all,audit-filtered,121,69,14.626807513625172,10.783164698639824,9.75938115447164,14.67799307721197,12.51183472958723,"[12.766660360485515, 16.628476497265392]"
unknown,asian-global,downloaders,usa-can,without-hosting,full,121,69,10.122549934627344,6.522420672529869,5.938941150826384,8.058153558383768,8.440032085829856,"[8.252078611175035, 12.222100030897382]"
unknown,asian-global,downloaders,usa-can,without-hosting,audit-filtered,121,69,10.185637352925593,6.4687276569397385,5.848335716737008,8.040332521663094,8.661587510083324,"[8.34703356419968, 12.315531874838422]"
unknown,asian-global,downloaders,other,all,full,121,69,41.950822674001,44.509446952324545,36.77149395040161,48.04546531074102,41.61350991552886,"[40.29696098678698, 43.56421869375236]"
unknown,asian-global,downloaders,other,all,audit-filtered,121,69,42.05066828040394,44.509446952324545,37.05682290285253,48.49160061869841,41.48237822903681,"[40.22847438957286, 43.711617189644215]"
unknown,asian-global,downloaders,other,without-hosting,full,121,69,47.18109771221232,49.94338361968779,41.895906704419524,53.833710232284005,46.34999310523603,"[45.27223207528072, 49.09295974718176]"
unknown,asian-global,downloaders,other,without-hosting,audit-filtered,121,69,47.341542808709775,49.96559758817488,42.42692675048886,54.32053859008477,46.279200033043736,"[45.31877681973756, 49.288973404660304]"
unknown,asian-global,downloaders,unclassified,all,full,121,69,0.02750915967286314,0.027177874446349032,0.020040712779756872,0.03420141306200365,0.027646211715379742,"[0.02486617301206487, 0.029911483515409155]"
unknown,asian-global,downloaders,unclassified,all,audit-filtered,121,69,0.026340389965338492,0.025358872459838616,0.019060672159922524,0.033564675977494074,0.025915487419865994,"[0.023863362206822086, 0.028733773728550502]"
unknown,asian-global,downloaders,unclassified,without-hosting,full,121,69,0.0327456360621762,0.03181350533375456,0.024279677482917296,0.04007795667988142,0.03229855932318599,"[0.02941398321597586, 0.03580881885413942]"
unknown,asian-global,downloaders,unclassified,without-hosting,audit-filtered,121,69,0.031297377962899775,0.028979511485379836,0.022830980912449866,0.038641560152991174,0.030218381746223648,"[0.02846973545282174, 0.03403770195765285]"
unknown,asian-global,uploaders,asia-28,all,full,121,69,16.12257859367161,14.334328776231978,10.385641934905829,18.993924998617523,18.019381892184022,"[14.433802894105629, 18.12446111461664]"
unknown,asian-global,uploaders,asia-28,all,audit-filtered,121,69,15.877720106930415,14.05070653769883,10.4296721219279,18.185251628741383,17.407734493714994,"[14.171525012689884, 17.84112149934757]"
unknown,asian-global,uploaders,asia-28,without-hosting,full,121,69,19.79560728937103,17.5383485320893,12.832331289442418,23.58550088911327,21.24663966828998,"[17.71215981754054, 22.310686525431297]"
unknown,asian-global,uploaders,asia-28,without-hosting,audit-filtered,121,69,19.62584055341248,17.032474990121607,13.182605739243005,22.599075973835095,20.630960953220093,"[17.589070145056784, 22.039567888876462]"
unknown,asian-global,uploaders,eur-27,all,full,121,69,24.28490226575718,24.875522254771433,21.628224263123677,27.215096843382813,22.683551846858997,"[22.771430514894398, 25.614695707876102]"
unknown,asian-global,uploaders,eur-27,all,audit-filtered,121,69,24.1237304638812,25.028369372362903,21.011993502592286,27.08177044261065,22.85525254857845,"[22.812227199024495, 25.42437522005936]"
unknown,asian-global,uploaders,eur-27,without-hosting,full,121,69,22.51409378361369,22.364245721555832,18.562988579311533,26.679471505409825,20.733577109829913,"[20.891024701666595, 24.133206757348297]"
unknown,asian-global,uploaders,eur-27,without-hosting,audit-filtered,121,69,22.471574258734538,22.913027291732295,18.065706002999644,26.703585170268617,20.917305362971206,"[20.74339971552432, 24.031842660621212]"
unknown,asian-global,uploaders,usa-can,all,full,121,69,18.453744432557116,17.931896691810515,13.792878843321738,22.275187239247355,14.785101647134564,"[17.01356564037116, 20.083856186403057]"
unknown,asian-global,uploaders,usa-can,all,audit-filtered,121,69,19.079004104566096,18.387496389835956,13.945399187384737,23.389076176957655,15.18492604701552,"[17.42228922676912, 20.69305846137685]"
unknown,asian-global,uploaders,usa-can,without-hosting,full,121,69,8.893453282288379,8.41090817702964,6.576741341043558,10.687126954793072,7.333212846730067,"[8.05601604851874, 9.760209969187056]"
unknown,asian-global,uploaders,usa-can,without-hosting,audit-filtered,121,69,8.770452099921837,8.37850200456221,6.199008546676885,10.682664460074472,7.278279209652402,"[7.941578029545033, 9.548798553011387]"
unknown,asian-global,uploaders,other,all,full,121,69,41.10490379307445,41.43837955260424,35.23616552557333,46.879640570069874,44.47431956402004,"[38.99253734815203, 43.04221196433114]"
unknown,asian-global,uploaders,other,all,audit-filtered,121,69,40.887131588007634,40.817449318560094,34.824151443895644,47.54827481957504,44.51656438494099,"[38.85890951606586, 42.954054483426475]"
unknown,asian-global,uploaders,other,without-hosting,full,121,69,48.7517457190401,49.75989497022509,43.03485650942234,54.89603507665675,50.639703181464846,"[46.862055171705634, 50.641233467860246]"
unknown,asian-global,uploaders,other,without-hosting,audit-filtered,121,69,49.08849129209596,50.09450661655404,43.16031043433346,55.63758203417052,51.12888286029202,"[47.17708566616805, 50.93805883506277]"
unknown,asian-global,uploaders,unclassified,all,full,121,69,0.03387091493964498,0.028756834477931023,0.020056540342298288,0.045477478696736864,0.037645049802378545,"[0.029135876646866867, 0.03930713101408869]"
unknown,asian-global,uploaders,unclassified,all,audit-filtered,121,69,0.03241373661465745,0.028422845223155465,0.01700375872561303,0.043244439864274294,0.035522525750044116,"[0.0273392178890955, 0.03757458317081342]"
unknown,asian-global,uploaders,unclassified,without-hosting,full,121,69,0.04509992568680079,0.03717348533158447,0.025856078602478953,0.05790211495093558,0.04686719368519512,"[0.03914571485942863, 0.05175910222486023]"
unknown,asian-global,uploaders,unclassified,without-hosting,audit-filtered,121,69,0.04364179583518292,0.03757592895893771,0.02333481891339629,0.057445255986584995,0.04457161386427609,"[0.03675657590949472, 0.050361951834006255]"
