key,producer_group,observed_days,expected_days,complete_window,missing_days,home_country_codes,audit_eligible_days
3-body-problem-01,unknown,0,56,False,1|2|3|4|5|6|7|8|9|10|11|12|13|14|15|16|17|18|19|20|21|22|23|24|25|26|27|28|29|30|31|32|33|34|35|36|37|38|39|40|41|42|43|44|45|46|47|48|49|50|51|52|53|54|55|56,,0
ahsoka-101,unknown,55,56,False,46,,50
ahsoka-108,unknown,56,56,True,,,55
american-born-chinese-01,unknown,56,56,True,,,55
and-just-like-that-201,unknown,56,56,True,,,55
and-just-like-that-211,unknown,56,56,True,,,55
arcane-02.1,mixed,0,56,False,1|2|3|4|5|6|7|8|9|10|11|12|13|14|15|16|17|18|19|20|21|22|23|24|25|26|27|28|29|30|31|32|33|34|35|36|37|38|39|40|41|42|43|44|45|46|47|48|49|50|51|52|53|54|55|56,FRA|USA,0
arcane-02.2,mixed,0,56,False,1|2|3|4|5|6|7|8|9|10|11|12|13|14|15|16|17|18|19|20|21|22|23|24|25|26|27|28|29|30|31|32|33|34|35|36|37|38|39|40|41|42|43|44|45|46|47|48|49|50|51|52|53|54|55|56,FRA|USA,0
arcane-02.3,mixed,0,56,False,1|2|3|4|5|6|7|8|9|10|11|12|13|14|15|16|17|18|19|20|21|22|23|24|25|26|27|28|29|30|31|32|33|34|35|36|37|38|39|40|41|42|43|44|45|46|47|48|49|50|51|52|53|54|55|56,FRA|USA,0
army-of-the-dead,usa-only,56,56,True,,USA,55
avatar-the-last-airbender-2024-01,unknown,0,56,False,1|2|3|4|5|6|7|8|9|10|11|12|13|14|15|16|17|18|19|20|21|22|23|24|25|26|27|28|29|30|31|32|33|34|35|36|37|38|39|40|41|42|43|44|45|46|47|48|49|50|51|52|53|54|55|56,,0
avatar-the-last-airbender-2024-02,unknown,56,56,True,,,55
ballard-01,unknown,55,56,False,47,,54
beacon-23-101,unknown,56,56,True,,,53
beacon-23-108,unknown,55,56,False,15,,51
beef-02,unknown,56,56,True,,,55
blade-runner-black-lotus-101,unknown,56,56,True,,,55
blue-eye-samurai-01,unknown,56,56,True,,,55
bluff,unknown,56,56,True,,,54
book-of-boba-fett-107,unknown,56,56,True,,,54
bridgerton-02,unknown,56,56,True,,,54
bridgerton-04.1,unknown,56,56,True,,,55
bridgerton-04.2,unknown,56,56,True,,,54
brothers-01,unknown,8,56,False,9|10|11|12|13|14|15|16|17|18|19|20|21|22|23|24|25|26|27|28|29|30|31|32|33|34|35|36|37|38|39|40|41|42|43|44|45|46|47|48|49|50|51|52|53|54|55|56,,6
brothers-sun-01,unknown,0,56,False,1|2|3|4|5|6|7|8|9|10|11|12|13|14|15|16|17|18|19|20|21|22|23|24|25|26|27|28|29|30|31|32|33|34|35|36|37|38|39|40|41|42|43|44|45|46|47|48|49|50|51|52|53|54|55|56,,0
chief-of-war-101,unknown,56,56,True,,,55
chief-of-war-107,unknown,56,56,True,,,55
chilling-adventures-of-sabrina-01,unknown,7,56,False,8|9|10|11|12|13|14|15|16|17|18|19|20|21|22|23|24|25|26|27|28|29|30|31|32|33|34|35|36|37|38|39|40|41|42|43|44|45|46|47|48|49|50|51|52|53|54|55|56,,5
citadel-101,unknown,56,56,True,,,52
citadel-106,unknown,56,56,True,,,55
coyote-vs-acme,unknown,29,56,False,30|31|32|33|34|35|36|37|38|39|40|41|42|43|44|45|46|47|48|49|50|51|52|53|54|55|56,,27
crew-girl-01,unknown,14,56,False,15|16|17|18|19|20|21|22|23|24|25|26|27|28|29|30|31|32|33|34|35|36|37|38|39|40|41|42|43|44|45|46|47|48|49|50|51|52|53|54|55|56,,12
dang-01,unknown,21,56,False,22|23|24|25|26|27|28|29|30|31|32|33|34|35|36|37|38|39|40|41|42|43|44|45|46|47|48|49|50|51|52|53|54|55|56,,19
devs-108,unknown,56,56,True,,,55
dune-2021,usa-only,56,56,True,,USA,55
eternals,usa-only,53,56,False,25|26|27,USA,50
everything-everywhere-all-at-once,unknown,56,56,True,,,55
expanse-04,unknown,56,56,True,,,55
expanse-201,unknown,18,56,False,3|20|21|22|23|24|25|26|27|28|29|30|31|32|33|34|35|36|37|38|39|40|41|42|43|44|45|46|47|48|49|50|51|52|53|54|55|56,,0
expanse-203,unknown,16,56,False,17|18|19|20|21|22|23|24|25|26|27|28|29|30|31|32|33|34|35|36|37|38|39|40|41|42|43|44|45|46|47|48|49|50|51|52|53|54|55|56,,0
expanse-204,unknown,4,56,False,5|6|7|8|9|10|11|12|13|14|15|16|17|18|19|20|21|22|23|24|25|26|27|28|29|30|31|32|33|34|35|36|37|38|39|40|41|42|43|44|45|46|47|48|49|50|51|52|53|54|55|56,,0
expanse-210,unknown,22,56,False,23|24|25|26|27|28|29|30|31|32|33|34|35|36|37|38|39|40|41|42|43|44|45|46|47|48|49|50|51|52|53|54|55|56,,0
expanse-213,unknown,23,56,False,24|25|26|27|28|29|30|31|32|33|34|35|36|37|38|39|40|41|42|43|44|45|46|47|48|49|50|51|52|53|54|55|56,,0
expanse-301,unknown,14,56,False,15|16|17|18|19|20|21|22|23|24|25|26|27|28|29|30|31|32|33|34|35|36|37|38|39|40|41|42|43|44|45|46|47|48|49|50|51|52|53|54|55|56,,12
expanse-313,unknown,2,56,False,3|4|5|6|7|8|9|10|11|12|13|14|15|16|17|18|19|20|21|22|23|24|25|26|27|28|29|30|31|32|33|34|35|36|37|38|39|40|41|42|43|44|45|46|47|48|49|50|51|52|53|54|55|56,,0
expanse-501,unknown,56,56,True,,,55
expanse-510,unknown,56,56,True,,,55
expanse-601,unknown,55,56,False,52,,54
expanse-606,unknown,54,56,False,17|18,,35
fargo-501,unknown,56,56,True,,,55
fargo-510,unknown,0,56,False,1|2|3|4|5|6|7|8|9|10|11|12|13|14|15|16|17|18|19|20|21|22|23|24|25|26|27|28|29|30|31|32|33|34|35|36|37|38|39|40|41|42|43|44|45|46|47|48|49|50|51|52|53|54|55|56,,0
fistful-of-vengeance,non-usa-only,55,56,False,43,THA,53
for-all-mankind-201,unknown,56,56,True,,,55
for-all-mankind-210,unknown,56,56,True,,,55
for-all-mankind-301,unknown,56,56,True,,,55
for-all-mankind-401,unknown,56,56,True,,,55
for-all-mankind-410,unknown,0,56,False,1|2|3|4|5|6|7|8|9|10|11|12|13|14|15|16|17|18|19|20|21|22|23|24|25|26|27|28|29|30|31|32|33|34|35|36|37|38|39|40|41|42|43|44|45|46|47|48|49|50|51|52|53|54|55|56,,0
for-all-mankind-501,unknown,56,56,True,,,54
furious-2025,unknown,56,56,True,,,51
gen-v-101,unknown,56,56,True,,,55
gen-v-108,unknown,56,56,True,,,53
gen-v-201,unknown,56,56,True,,,55
gen-v-206,unknown,56,56,True,,,55
glass-onion,usa-only,56,56,True,,USA,0
goat-2026,unknown,56,56,True,,,54
godzilla-x-kong-the-new-empire,usa-only,0,56,False,1|2|3|4|5|6|7|8|9|10|11|12|13|14|15|16|17|18|19|20|21|22|23|24|25|26|27|28|29|30|31|32|33|34|35|36|37|38|39|40|41|42|43|44|45|46|47|48|49|50|51|52|53|54|55|56,USA,0
gray-man,unknown,56,56,True,,,55
guardians-of-the-galaxy-3,usa-only,56,56,True,,USA,55
his-and-hers-2026-01,unknown,56,56,True,,,55
hit-monkey-02,unknown,0,56,False,1|2|3|4|5|6|7|8|9|10|11|12|13|14|15|16|17|18|19|20|21|22|23|24|25|26|27|28|29|30|31|32|33|34|35|36|37|38|39|40|41|42|43|44|45|46|47|48|49|50|51|52|53|54|55|56,,0
house-of-the-dragon-101,unknown,56,56,True,,,21
house-of-the-dragon-103,unknown,56,56,True,,,32
house-of-the-dragon-110,unknown,56,56,True,,,54
house-of-the-dragon-201,unknown,0,56,False,1|2|3|4|5|6|7|8|9|10|11|12|13|14|15|16|17|18|19|20|21|22|23|24|25|26|27|28|29|30|31|32|33|34|35|36|37|38|39|40|41|42|43|44|45|46|47|48|49|50|51|52|53|54|55|56,,0
house-of-the-dragon-207,unknown,0,56,False,1|2|3|4|5|6|7|8|9|10|11|12|13|14|15|16|17|18|19|20|21|22|23|24|25|26|27|28|29|30|31|32|33|34|35|36|37|38|39|40|41|42|43|44|45|46|47|48|49|50|51|52|53|54|55|56,,0
house-of-the-dragon-301,unknown,53,56,False,13|53|54,,47
house-of-the-dragon-308,unknown,32,56,False,33|34|35|36|37|38|39|40|41|42|43|44|45|46|47|48|49|50|51|52|53|54|55|56,,30
human-flow,unknown,14,56,False,15|16|17|18|19|20|21|22|23|24|25|26|27|28|29|30|31|32|33|34|35|36|37|38|39|40|41|42|43|44|45|46|47|48|49|50|51|52|53|54|55|56,,12
interior-chinatown-01,unknown,0,56,False,1|2|3|4|5|6|7|8|9|10|11|12|13|14|15|16|17|18|19|20|21|22|23|24|25|26|27|28|29|30|31|32|33|34|35|36|37|38|39|40|41|42|43|44|45|46|47|48|49|50|51|52|53|54|55|56,,0
into-the-badlands-203,unknown,21,56,False,22|23|24|25|26|27|28|29|30|31|32|33|34|35|36|37|38|39|40|41|42|43|44|45|46|47|48|49|50|51|52|53|54|55|56,,0
into-the-badlands-308,unknown,8,56,False,9|10|11|12|13|14|15|16|17|18|19|20|21|22|23|24|25|26|27|28|29|30|31|32|33|34|35|36|37|38|39|40|41|42|43|44|45|46|47|48|49|50|51|52|53|54|55|56,,6
invincible-101,unknown,56,56,True,,,55
invincible-201,unknown,56,56,True,,,55
invincible-301,unknown,56,56,True,,,55
invincible-401,unknown,56,56,True,,,52
japan-sinks,non-usa-only,56,56,True,,JPN,55
killing-eve-201,unknown,35,56,False,36|37|38|39|40|41|42|43|44|45|46|47|48|49|50|51|52|53|54|55|56,,33
killing-eve-208,unknown,0,56,False,1|2|3|4|5|6|7|8|9|10|11|12|13|14|15|16|17|18|19|20|21|22|23|24|25|26|27|28|29|30|31|32|33|34|35|36|37|38|39|40|41|42|43|44|45|46|47|48|49|50|51|52|53|54|55|56,,0
kung-fu-101,unknown,56,56,True,,,55
kung-fu-113,unknown,56,56,True,,,55
laid-01,unknown,0,56,False,1|2|3|4|5|6|7|8|9|10|11|12|13|14|15|16|17|18|19|20|21|22|23|24|25|26|27|28|29|30|31|32|33|34|35|36|37|38|39|40|41|42|43|44|45|46|47|48|49|50|51|52|53|54|55|56,,0
lazarus-101,unknown,56,56,True,,,55
lazarus-108,unknown,56,56,True,,,55
lazarus-111,unknown,56,56,True,,,55
legend-of-aang-the-last-airbender,unknown,3,56,False,4|5|6|7|8|9|10|11|12|13|14|15|16|17|18|19|20|21|22|23|24|25|26|27|28|29|30|31|32|33|34|35|36|37|38|39|40|41|42|43|44|45|46|47|48|49|50|51|52|53|54|55|56,,1
lego-star-wars-holiday-special-2020,unknown,42,56,False,43|44|45|46|47|48|49|50|51|52|53|54|55|56,,37
lego-star-wars-the-mandalorian-2026,unknown,30,56,False,31|32|33|34|35|36|37|38|39|40|41|42|43|44|45|46|47|48|49|50|51|52|53|54|55|56,,28
loki-101,usa-only,54,56,False,52|53,USA,53
loki-106,usa-only,56,56,True,,USA,55
loki-201,usa-only,56,56,True,,USA,55
loki-206,usa-only,56,56,True,,USA,55
maniac-01,unknown,53,56,False,12|13|14,,52
masters-of-the-air-101,unknown,0,56,False,1|2|3|4|5|6|7|8|9|10|11|12|13|14|15|16|17|18|19|20|21|22|23|24|25|26|27|28|29|30|31|32|33|34|35|36|37|38|39|40|41|42|43|44|45|46|47|48|49|50|51|52|53|54|55|56,,0
masters-of-the-air-108,unknown,0,56,False,1|2|3|4|5|6|7|8|9|10|11|12|13|14|15|16|17|18|19|20|21|22|23|24|25|26|27|28|29|30|31|32|33|34|35|36|37|38|39|40|41|42|43|44|45|46|47|48|49|50|51|52|53|54|55|56,,0
matrix-resurrections,unknown,56,56,True,,,55
moana-2,usa-only,56,56,True,,USA,55
monarch-legacy-of-monsters-101,unknown,56,56,True,,,55
monarch-legacy-of-monsters-110,unknown,0,56,False,1|2|3|4|5|6|7|8|9|10|11|12|13|14|15|16|17|18|19|20|21|22|23|24|25|26|27|28|29|30|31|32|33|34|35|36|37|38|39|40|41|42|43|44|45|46|47|48|49|50|51|52|53|54|55|56,,0
monarch-legacy-of-monsters-201,unknown,56,56,True,,,54
monarch-legacy-of-monsters-208,unknown,56,56,True,,,55
mr-and-mrs-smith-2024-01,unknown,0,56,False,1|2|3|4|5|6|7|8|9|10|11|12|13|14|15|16|17|18|19|20|21|22|23|24|25|26|27|28|29|30|31|32|33|34|35|36|37|38|39|40|41|42|43|44|45|46|47|48|49|50|51|52|53|54|55|56,,0
mulan,unknown,56,56,True,,,55
murder-at-the-end-of-the-world-101,unknown,56,56,True,,,55
murder-at-the-end-of-the-world-107,unknown,56,56,True,,,55
night-agent-02,unknown,54,56,False,34|35,,53
night-agent-03,unknown,48,56,False,29|30|31|32|33|34|35|36,,44
no-more-bets,unknown,56,56,True,,,55
no-time-to-die,mixed,56,56,True,,GBR|USA,55
oa-02,unknown,0,56,False,1|2|3|4|5|6|7|8|9|10|11|12|13|14|15|16|17|18|19|20|21|22|23|24|25|26|27|28|29|30|31|32|33|34|35|36|37|38|39|40|41|42|43|44|45|46|47|48|49|50|51|52|53|54|55|56,,0
old-man-107,unknown,56,56,True,,,53
old-man-201,unknown,0,56,False,1|2|3|4|5|6|7|8|9|10|11|12|13|14|15|16|17|18|19|20|21|22|23|24|25|26|27|28|29|30|31|32|33|34|35|36|37|38|39|40|41|42|43|44|45|46|47|48|49|50|51|52|53|54|55|56,,0
one-piece-2023-02,unknown,56,56,True,,,54
pantheon-108,unknown,56,56,True,,,55
pitt-201,unknown,56,56,True,,,53
pitt-213,unknown,56,56,True,,,53
prisoners-of-the-ghostland,unknown,56,56,True,,,55
raya-and-the-last-dragon,usa-only,56,56,True,,USA,55
reacher-201,unknown,56,56,True,,,55
reacher-208,unknown,0,56,False,1|2|3|4|5|6|7|8|9|10|11|12|13|14|15|16|17|18|19|20|21|22|23|24|25|26|27|28|29|30|31|32|33|34|35|36|37|38|39|40|41|42|43|44|45|46|47|48|49|50|51|52|53|54|55|56,,0
reacher-301,unknown,54,56,False,2|16,,53
reacher-307,unknown,56,56,True,,,55
reacher-401,unknown,35,56,False,36|37|38|39|40|41|42|43|44|45|46|47|48|49|50|51|52|53|54|55|56,,31
reservation-dogs-101,unknown,56,56,True,,,55
reservation-dogs-201,unknown,56,56,True,,,55
reservation-dogs-301,unknown,56,56,True,,,55
reservation-dogs-310,unknown,56,56,True,,,55
season-2026-01,unknown,56,56,True,,,55
shadow-and-bone-01,unknown,56,56,True,,,55
shang-chi-and-the-legend-of-the-ten-rings,usa-only,56,56,True,,USA,55
she-ra-04,unknown,0,56,False,1|2|3|4|5|6|7|8|9|10|11|12|13|14|15|16|17|18|19|20|21|22|23|24|25|26|27|28|29|30|31|32|33|34|35|36|37|38|39|40|41|42|43|44|45|46|47|48|49|50|51|52|53|54|55|56,,0
shogun-2024-101,unknown,0,56,False,1|2|3|4|5|6|7|8|9|10|11|12|13|14|15|16|17|18|19|20|21|22|23|24|25|26|27|28|29|30|31|32|33|34|35|36|37|38|39|40|41|42|43|44|45|46|47|48|49|50|51|52|53|54|55|56,,0
shogun-2024-110,unknown,0,56,False,1|2|3|4|5|6|7|8|9|10|11|12|13|14|15|16|17|18|19|20|21|22|23|24|25|26|27|28|29|30|31|32|33|34|35|36|37|38|39|40|41|42|43|44|45|46|47|48|49|50|51|52|53|54|55|56,,0
silo-201,unknown,0,56,False,1|2|3|4|5|6|7|8|9|10|11|12|13|14|15|16|17|18|19|20|21|22|23|24|25|26|27|28|29|30|31|32|33|34|35|36|37|38|39|40|41|42|43|44|45|46|47|48|49|50|51|52|53|54|55|56,,0
silo-301,unknown,56,56,True,,,54
snowpiercer-209,unknown,56,56,True,,,55
snowpiercer-401,unknown,0,56,False,1|2|3|4|5|6|7|8|9|10|11|12|13|14|15|16|17|18|19|20|21|22|23|24|25|26|27|28|29|30|31|32|33|34|35|36|37|38|39|40|41|42|43|44|45|46|47|48|49|50|51|52|53|54|55|56,,0
spider-man-across-the-spider-verse,unknown,56,56,True,,,54
spider-man-no-way-home,unknown,55,56,False,8,,54
spider-noir-01,unknown,56,56,True,,,55
station-eleven-110,unknown,4,56,False,5|6|7|8|9|10|11|12|13|14|15|16|17|18|19|20|21|22|23|24|25|26|27|28|29|30|31|32|33|34|35|36|37|38|39|40|41|42|43|44|45|46|47|48|49|50|51|52|53|54|55|56,,2
succession-210,unknown,35,56,False,36|37|38|39|40|41|42|43|44|45|46|47|48|49|50|51|52|53|54|55|56,,33
succession-301,unknown,56,56,True,,,55
sugar-107,unknown,0,56,False,1|2|3|4|5|6|7|8|9|10|11|12|13|14|15|16|17|18|19|20|21|22|23|24|25|26|27|28|29|30|31|32|33|34|35|36|37|38|39|40|41|42|43|44|45|46|47|48|49|50|51|52|53|54|55|56,,0
sugar-201,unknown,56,56,True,,,55
summer-i-turned-pretty-311,unknown,56,56,True,,,55
tokyo-vice-01,unknown,56,56,True,,,55
tokyo-vice-201,unknown,0,56,False,1|2|3|4|5|6|7|8|9|10|11|12|13|14|15|16|17|18|19|20|21|22|23|24|25|26|27|28|29|30|31|32|33|34|35|36|37|38|39|40|41|42|43|44|45|46|47|48|49|50|51|52|53|54|55|56,,0
tokyo-vice-209,unknown,0,56,False,1|2|3|4|5|6|7|8|9|10|11|12|13|14|15|16|17|18|19|20|21|22|23|24|25|26|27|28|29|30|31|32|33|34|35|36|37|38|39|40|41|42|43|44|45|46|47|48|49|50|51|52|53|54|55|56,,0
toy-story-5,usa-only,21,56,False,22|23|24|25|26|27|28|29|30|31|32|33|34|35|36|37|38|39|40|41|42|43|44|45|46|47|48|49|50|51|52|53|54|55|56,USA,19
trese-01,unknown,56,56,True,,,55
tron-ares,unknown,56,56,True,,,55
true-detective-301,unknown,28,56,False,29|30|31|32|33|34|35|36|37|38|39|40|41|42|43|44|45|46|47|48|49|50|51|52|53|54|55|56,,26
true-detective-308,unknown,0,56,False,1|2|3|4|5|6|7|8|9|10|11|12|13|14|15|16|17|18|19|20|21|22|23|24|25|26|27|28|29|30|31|32|33|34|35|36|37|38|39|40|41|42|43|44|45|46|47|48|49|50|51|52|53|54|55|56,,0
turning-red,usa-only,56,56,True,,USA,54
twisted-metal-01,unknown,56,56,True,,,55
umbrella-academy-01,unknown,0,56,False,1|2|3|4|5|6|7|8|9|10|11|12|13|14|15|16|17|18|19|20|21|22|23|24|25|26|27|28|29|30|31|32|33|34|35|36|37|38|39|40|41|42|43|44|45|46|47|48|49|50|51|52|53|54|55|56,,0
umbrella-academy-02,unknown,56,56,True,,,55
vanguard,unknown,56,56,True,,,55
walking-dead-1008,unknown,0,56,False,1|2|3|4|5|6|7|8|9|10|11|12|13|14|15|16|17|18|19|20|21|22|23|24|25|26|27|28|29|30|31|32|33|34|35|36|37|38|39|40|41|42|43|44|45|46|47|48|49|50|51|52|53|54|55|56,,0
walking-dead-1124,unknown,56,56,True,,,55
walking-dead-709,unknown,29,56,False,30|31|32|33|34|35|36|37|38|39|40|41|42|43|44|45|46|47|48|49|50|51|52|53|54|55|56,,0
walking-dead-710,unknown,16,56,False,17|18|19|20|21|22|23|24|25|26|27|28|29|30|31|32|33|34|35|36|37|38|39|40|41|42|43|44|45|46|47|48|49|50|51|52|53|54|55|56,,0
walking-dead-713,unknown,15,56,False,16|17|18|19|20|21|22|23|24|25|26|27|28|29|30|31|32|33|34|35|36|37|38|39|40|41|42|43|44|45|46|47|48|49|50|51|52|53|54|55|56,,0
walking-dead-716,unknown,22,56,False,23|24|25|26|27|28|29|30|31|32|33|34|35|36|37|38|39|40|41|42|43|44|45|46|47|48|49|50|51|52|53|54|55|56,,0
walking-dead-801,unknown,16,56,False,17|18|19|20|21|22|23|24|25|26|27|28|29|30|31|32|33|34|35|36|37|38|39|40|41|42|43|44|45|46|47|48|49|50|51|52|53|54|55|56,,10
walking-dead-807,unknown,0,56,False,1|2|3|4|5|6|7|8|9|10|11|12|13|14|15|16|17|18|19|20|21|22|23|24|25|26|27|28|29|30|31|32|33|34|35|36|37|38|39|40|41|42|43|44|45|46|47|48|49|50|51|52|53|54|55|56,,0
walking-dead-811,unknown,21,56,False,22|23|24|25|26|27|28|29|30|31|32|33|34|35|36|37|38|39|40|41|42|43|44|45|46|47|48|49|50|51|52|53|54|55|56,,19
walking-dead-816,unknown,16,56,False,17|18|19|20|21|22|23|24|25|26|27|28|29|30|31|32|33|34|35|36|37|38|39|40|41|42|43|44|45|46|47|48|49|50|51|52|53|54|55|56,,14
walking-dead-908,unknown,35,56,False,36|37|38|39|40|41|42|43|44|45|46|47|48|49|50|51|52|53|54|55|56,,33
walking-dead-916,unknown,0,56,False,1|2|3|4|5|6|7|8|9|10|11|12|13|14|15|16|17|18|19|20|21|22|23|24|25|26|27|28|29|30|31|32|33|34|35|36|37|38|39|40|41|42|43|44|45|46|47|48|49|50|51|52|53|54|55|56,,0
warrior-310,unknown,55,56,False,51,,50
westworld-201,unknown,14,56,False,15|16|17|18|19|20|21|22|23|24|25|26|27|28|29|30|31|32|33|34|35|36|37|38|39|40|41|42|43|44|45|46|47|48|49|50|51|52|53|54|55|56,,12
westworld-203,unknown,15,56,False,16|17|18|19|20|21|22|23|24|25|26|27|28|29|30|31|32|33|34|35|36|37|38|39|40|41|42|43|44|45|46|47|48|49|50|51|52|53|54|55|56,,13
westworld-205,unknown,15,56,False,16|17|18|19|20|21|22|23|24|25|26|27|28|29|30|31|32|33|34|35|36|37|38|39|40|41|42|43|44|45|46|47|48|49|50|51|52|53|54|55|56,,13
westworld-207,unknown,14,56,False,15|16|17|18|19|20|21|22|23|24|25|26|27|28|29|30|31|32|33|34|35|36|37|38|39|40|41|42|43|44|45|46|47|48|49|50|51|52|53|54|55|56,,12
westworld-210,unknown,38,56,False,39|40|41|42|43|44|45|46|47|48|49|50|51|52|53|54|55|56,,36
westworld-301,unknown,56,56,True,,,54
westworld-308,unknown,56,56,True,,,55
westworld-401,unknown,56,56,True,,,55
westworld-408,unknown,56,56,True,,,55
wicked-2024,unknown,54,56,False,39|51,,53
wicked-for-good-2025,unknown,56,56,True,,,55
witcher-02,unknown,56,56,True,,,55
witcher-03.1,unknown,56,56,True,,,55
witcher-03.2,unknown,56,56,True,,,55
witcher-04,unknown,54,56,False,40|41,,53
wu-assassins-01,unknown,0,56,False,1|2|3|4|5|6|7|8|9|10|11|12|13|14|15|16|17|18|19|20|21|22|23|24|25|26|27|28|29|30|31|32|33|34|35|36|37|38|39|40|41|42|43|44|45|46|47|48|49|50|51|52|53|54|55|56,,0
yellowstone-210,unknown,3,56,False,4|5|6|7|8|9|10|11|12|13|14|15|16|17|18|19|20|21|22|23|24|25|26|27|28|29|30|31|32|33|34|35|36|37|38|39|40|41|42|43|44|45|46|47|48|49|50|51|52|53|54|55|56,,1
yellowstone-505,unknown,4,56,False,5|6|7|8|9|10|11|12|13|14|15|16|17|18|19|20|21|22|23|24|25|26|27|28|29|30|31|32|33|34|35|36|37|38|39|40|41|42|43|44|45|46|47|48|49|50|51|52|53|54|55|56,,2
you-04.2,unknown,56,56,True,,,54
