key,day,date,home_countries,role,mode,home_weight,world_weight,share,sensitivity_eligible,trailing_7_day_share_mean
beef-02,1,2026-04-17,USA,downloaders,all,33796,234043,14.440081523480728,False,
beef-02,1,2026-04-17,USA,downloaders,without-hosting,10229,161958,6.31583496956001,False,
beef-02,1,2026-04-17,USA,uploaders,all,10476,49789,21.040792142842797,False,
beef-02,1,2026-04-17,USA,uploaders,without-hosting,2773,28125,9.859555555555556,False,
beef-02,2,2026-04-18,USA,downloaders,all,23799,195480,12.174647022713321,True,
beef-02,2,2026-04-18,USA,downloaders,without-hosting,7918,140333,5.642293687158402,True,
beef-02,2,2026-04-18,USA,uploaders,all,6583,36126,18.222332945800808,True,
beef-02,2,2026-04-18,USA,uploaders,without-hosting,1807,21422,8.435253477733172,True,
beef-02,3,2026-04-19,USA,downloaders,all,26492,245900,10.77348515656771,True,
beef-02,3,2026-04-19,USA,downloaders,without-hosting,9473,182400,5.193530701754386,True,
beef-02,3,2026-04-19,USA,uploaders,all,6877,38091,18.054133522354363,True,
beef-02,3,2026-04-19,USA,uploaders,without-hosting,1958,23062,8.490156968172752,True,
beef-02,4,2026-04-20,USA,downloaders,all,25252,240983,10.478747463514024,True,
beef-02,4,2026-04-20,USA,downloaders,without-hosting,9090,180543,5.034811651517921,True,
beef-02,4,2026-04-20,USA,uploaders,all,6295,34150,18.43338213762811,True,
beef-02,4,2026-04-20,USA,uploaders,without-hosting,1858,20894,8.892505025366134,True,
beef-02,5,2026-04-21,USA,downloaders,all,25918,243034,10.664351489914992,True,
beef-02,5,2026-04-21,USA,downloaders,without-hosting,9287,183181,5.069848947216141,True,
beef-02,5,2026-04-21,USA,uploaders,all,6151,31535,19.5053115585857,True,
beef-02,5,2026-04-21,USA,uploaders,without-hosting,1898,19292,9.838274932614555,True,
beef-02,6,2026-04-22,USA,downloaders,all,24519,235486,10.41208394554241,True,
beef-02,6,2026-04-22,USA,downloaders,without-hosting,8836,179696,4.917193482325706,True,
beef-02,6,2026-04-22,USA,uploaders,all,5473,28651,19.10230009423755,True,
beef-02,6,2026-04-22,USA,uploaders,without-hosting,1652,17071,9.677230390721107,True,
beef-02,7,2026-04-23,USA,downloaders,all,24548,249176,9.851671107971875,True,
beef-02,7,2026-04-23,USA,downloaders,without-hosting,8965,192727,4.651657525930461,True,
beef-02,7,2026-04-23,USA,uploaders,all,4862,24885,19.537874221418527,True,
beef-02,7,2026-04-23,USA,uploaders,without-hosting,1599,15002,10.658578856152513,True,
beef-02,8,2026-04-24,USA,downloaders,all,24418,257162,9.495182025338114,True,10.550024030223204
beef-02,8,2026-04-24,USA,downloaders,without-hosting,8624,199004,4.333581234548049,True,4.977559604350152
beef-02,8,2026-04-24,USA,uploaders,all,4615,23156,19.930039730523408,True,18.969339172935495
beef-02,8,2026-04-24,USA,uploaders,without-hosting,1563,13823,11.307241553931853,True,9.614177314956013
beef-02,9,2026-04-25,USA,downloaders,all,25373,267667,9.479315716916915,True,10.16497670082372
beef-02,9,2026-04-25,USA,downloaders,without-hosting,9730,203726,4.776022697152057,True,4.853806605777818
beef-02,9,2026-04-25,USA,uploaders,all,4484,22926,19.558579778417517,True,19.160231577595027
beef-02,9,2026-04-25,USA,uploaders,without-hosting,1539,14026,10.972479680593183,True,9.976638201078872
beef-02,10,2026-04-26,USA,downloaders,all,23622,241050,9.799626633478532,True,10.025854054668125
beef-02,10,2026-04-26,USA,downloaders,without-hosting,9045,183024,4.941974822974037,True,4.817870051666339
beef-02,10,2026-04-26,USA,uploaders,all,4763,24652,19.32094759045919,True,19.341205015895714
beef-02,10,2026-04-26,USA,uploaders,without-hosting,1529,15415,9.918910152448914,True,10.180745798832607
beef-02,11,2026-04-27,USA,downloaders,all,23621,231498,10.203543875109073,True,9.986539256324559
beef-02,11,2026-04-27,USA,downloaders,without-hosting,8954,172939,5.17754815281689,True,4.8382609804233345
beef-02,11,2026-04-27,USA,uploaders,all,5665,28081,20.173782984936434,True,19.58983370836833
beef-02,11,2026-04-27,USA,uploaders,without-hosting,2104,17222,12.216931831378469,True,10.655663913977227
beef-02,12,2026-04-28,USA,downloaders,all,24003,250844,9.568895409098882,True,9.830045530493686
beef-02,12,2026-04-28,USA,downloaders,without-hosting,9147,192876,4.742425185093013,True,4.791486157262888
beef-02,12,2026-04-28,USA,uploaders,all,4817,24437,19.71191226418955,True,19.61934809488317
beef-02,12,2026-04-28,USA,uploaders,without-hosting,1466,15271,9.599895226245826,True,10.621609670210265
beef-02,13,2026-04-29,USA,downloaders,all,23325,256760,9.08435893441346,True,9.640370528903835
beef-02,13,2026-04-29,USA,downloaders,without-hosting,9331,199639,4.67393645530182,True,4.756735153402332
beef-02,13,2026-04-29,USA,uploaders,all,4309,23320,18.47770154373928,True,19.530119730526273
beef-02,13,2026-04-29,USA,uploaders,without-hosting,1348,14644,9.2051352089593,True,10.554167501387152
beef-02,14,2026-04-30,USA,downloaders,all,22345,265471,8.41711524045941,True,9.435433976402054
beef-02,14,2026-04-30,USA,downloaders,without-hosting,9001,210326,4.2795469889599955,True,4.703576505263695
beef-02,14,2026-04-30,USA,uploaders,all,4872,25565,19.05730490905535,True,19.46146697161725
beef-02,14,2026-04-30,USA,uploaders,without-hosting,1752,15282,11.464468001570475,True,10.669294522161147
beef-02,15,2026-05-01,USA,downloaders,all,22507,276712,8.133727485616815,True,9.240940470727583
beef-02,15,2026-05-01,USA,downloaders,without-hosting,9134,218985,4.171061944882069,True,4.68035946388284
beef-02,15,2026-05-01,USA,uploaders,all,3955,21994,17.982176957352006,True,19.183200861164188
beef-02,15,2026-05-01,USA,uploaders,without-hosting,1307,13664,9.565281030444964,True,10.420443018805875
beef-02,16,2026-05-02,USA,downloaders,all,22455,265379,8.461483387909368,True,9.095535852297933
beef-02,16,2026-05-02,USA,downloaders,without-hosting,9164,206995,4.427160076330346,True,4.630521946622595
beef-02,16,2026-05-02,USA,uploaders,all,3998,22371,17.871351303026238,True,18.94216822182258
beef-02,16,2026-05-02,USA,uploaders,without-hosting,1375,14096,9.754540295119183,True,10.246451678023876
beef-02,17,2026-05-03,USA,downloaders,all,23528,278217,8.456708252910499,True,8.903690369359643
beef-02,17,2026-05-03,USA,downloaders,without-hosting,9706,216677,4.479478671017229,True,4.564451067771623
beef-02,17,2026-05-03,USA,uploaders,all,4029,23200,17.36637931034483,True,18.662944181806242
beef-02,17,2026-05-03,USA,uploaders,without-hosting,1379,14802,9.316308606945007,True,10.16036574295189
beef-02,18,2026-05-04,USA,downloaders,all,23673,274678,8.61845506374737,True,8.677249110593687
beef-02,18,2026-05-04,USA,downloaders,without-hosting,9629,213139,4.5177091006338586,True,4.470188346031191
beef-02,18,2026-05-04,USA,uploaders,all,4053,22279,18.192019390457382,True,18.37983509688066
beef-02,18,2026-05-04,USA,uploaders,without-hosting,1304,13769,9.470549785750599,True,9.768025450719335
beef-02,19,2026-05-05,USA,downloaders,all,25020,285128,8.775006312954181,True,8.563836382573015
beef-02,19,2026-05-05,USA,downloaders,without-hosting,9690,219746,4.409636580415571,True,4.422647116791556
beef-02,19,2026-05-05,USA,uploaders,all,4701,23247,20.221964124403147,True,18.452699648339745
beef-02,19,2026-05-05,USA,uploaders,without-hosting,1448,13805,10.488953277797899,True,9.895033743798205
beef-02,20,2026-05-06,USA,downloaders,all,24028,293691,8.181387921318665,True,8.434840523559474
beef-02,20,2026-05-06,USA,downloaders,without-hosting,9714,231619,4.1939564543496,True,4.354078545226953
beef-02,20,2026-05-06,USA,uploaders,all,4633,23611,19.622209986870526,True,18.616200854501354
beef-02,20,2026-05-06,USA,uploaders,without-hosting,1762,14432,12.208980044345898,True,10.324154434567717
beef-02,21,2026-05-07,USA,downloaders,all,25846,307732,8.398866546215539,True,8.432233567238919
beef-02,21,2026-05-07,USA,downloaders,without-hosting,10153,241916,4.1969113245920076,True,4.34227345031724
beef-02,21,2026-05-07,USA,uploaders,all,4334,21230,20.414507772020727,True,18.810086977782124
beef-02,21,2026-05-07,USA,uploaders,without-hosting,1465,12839,11.410545992678557,True,10.3164512904403
beef-02,22,2026-05-08,USA,downloaders,all,25147,309555,8.123596776017186,True,8.4307863230104
beef-02,22,2026-05-08,USA,downloaders,without-hosting,10307,245663,4.195585008731474,True,4.345776745152869
beef-02,22,2026-05-08,USA,uploaders,all,4213,20929,20.129963208944528,True,19.11691358515248
beef-02,22,2026-05-08,USA,uploaders,without-hosting,1551,12722,12.19147932714982,True,10.691622475683852
beef-02,23,2026-05-09,USA,downloaders,all,23723,306153,7.748740009080427,True,8.328965840320553
beef-02,23,2026-05-09,USA,downloaders,without-hosting,9560,243919,3.919333877229736,True,4.273230145281354
beef-02,23,2026-05-09,USA,uploaders,all,4271,20949,20.38760800038188,True,19.476378827631862
beef-02,23,2026-05-09,USA,uploaders,without-hosting,1551,12818,12.100171633640194,True,11.026712666901139
beef-02,24,2026-05-10,USA,downloaders,all,24302,311306,7.806466948918428,True,8.236074225464543
beef-02,24,2026-05-10,USA,downloaders,without-hosting,9716,247627,3.92364322145808,True,4.193825081058618
beef-02,24,2026-05-10,USA,uploaders,all,4228,21930,19.279525763793888,True,19.74968546383887
beef-02,24,2026-05-10,USA,uploaders,without-hosting,1456,13291,10.954781431043564,True,11.260780213200933
beef-02,25,2026-05-11,USA,downloaders,all,24662,292256,8.438492280740173,True,8.210365256463515
beef-02,25,2026-05-11,USA,downloaders,without-hosting,9922,229673,4.3200550347668205,True,4.165588785934755
beef-02,25,2026-05-11,USA,uploaders,all,5087,23933,21.255170684828478,True,20.18727850589188
beef-02,25,2026-05-11,USA,uploaders,without-hosting,1909,14055,13.582355033795801,True,11.848180962921678
beef-02,26,2026-05-12,USA,downloaders,all,23100,259582,8.8989221132436,True,8.228067513647717
beef-02,26,2026-05-12,USA,downloaders,without-hosting,8917,200996,4.43640669466059,True,4.169413087969758
beef-02,26,2026-05-12,USA,uploaders,all,4278,21245,20.13650270651918,True,20.175069731908454
beef-02,26,2026-05-12,USA,uploaders,without-hosting,1531,12390,12.356739305891848,True,12.11500753836367
beef-02,27,2026-05-13,USA,downloaders,all,23302,271653,8.577854836869093,True,8.284705644440635
beef-02,27,2026-05-13,USA,downloaders,without-hosting,8542,212264,4.024233972788603,True,4.1451670191753305
beef-02,27,2026-05-13,USA,uploaders,all,5000,21190,23.596035865974518,True,20.74275914320903
beef-02,27,2026-05-13,USA,uploaders,without-hosting,1791,11500,15.57391304347826,True,12.595712252525434
beef-02,28,2026-05-14,USA,downloaders,all,23562,316532,7.443797151630799,True,8.148267159499957
beef-02,28,2026-05-14,USA,downloaders,without-hosting,9718,253947,3.8267827538817154,True,4.092291509073861
beef-02,28,2026-05-14,USA,uploaders,all,4147,19621,21.13551806737679,True,20.845760613974175
beef-02,28,2026-05-14,USA,uploaders,without-hosting,1550,10933,14.177261501875057,True,12.990957325267791
beef-02,29,2026-05-15,USA,downloaders,all,28463,320855,8.870985336055227,True,8.255036953791107
beef-02,29,2026-05-15,USA,downloaders,without-hosting,14170,255172,5.5531171131628865,True,4.286224666849776
beef-02,29,2026-05-15,USA,uploaders,all,4085,18221,22.419186652763294,True,21.17279253451972
beef-02,29,2026-05-15,USA,uploaders,without-hosting,1426,9838,14.494816019516161,True,13.32000542417727
beef-02,30,2026-05-16,USA,downloaders,all,25330,331236,7.647115651680373,True,8.240519188448243
beef-02,30,2026-05-16,USA,downloaders,without-hosting,10593,264564,4.003946115117703,True,4.2983121294052
beef-02,30,2026-05-16,USA,uploaders,all,4388,18257,24.03461685928685,True,21.69379380007757
beef-02,30,2026-05-16,USA,uploaders,without-hosting,1413,9828,14.377289377289378,True,13.645307958984294
beef-02,31,2026-05-17,USA,downloaders,all,24240,322736,7.510782807000148,True,8.198278596745629
beef-02,31,2026-05-17,USA,downloaders,without-hosting,10769,258869,4.160019160270252,True,4.332080120664082
beef-02,31,2026-05-17,USA,uploaders,all,3962,18792,21.08343976160068,True,21.951495799764256
beef-02,31,2026-05-17,USA,uploaders,without-hosting,1387,10686,12.979599475949842,True,13.934567679685191
beef-02,32,2026-05-18,USA,downloaders,all,24707,305994,8.074341326954123,True,8.14625703191905
beef-02,32,2026-05-18,USA,downloaders,without-hosting,10553,239926,4.398439518851646,True,4.343277904104771
beef-02,32,2026-05-18,USA,uploaders,all,4043,17600,22.97159090909091,True,22.1966986889446
beef-02,32,2026-05-18,USA,uploaders,without-hosting,1473,9730,15.13874614594039,True,14.156909267134418
beef-02,33,2026-05-19,USA,downloaders,all,25651,314723,8.150341729076045,True,8.039316977037972
beef-02,33,2026-05-19,USA,downloaders,without-hosting,10750,246928,4.353495755847859,True,4.33143348427438
beef-02,33,2026-05-19,USA,uploaders,all,4249,17698,24.00836252683919,True,22.74982152041889
beef-02,33,2026-05-19,USA,uploaders,without-hosting,1394,9061,15.384615384615385,True,14.589462992666354
beef-02,34,2026-05-20,USA,downloaders,all,25588,332348,7.6991587131560895,True,7.913788959364686
beef-02,34,2026-05-20,USA,downloaders,without-hosting,11279,263533,4.27991940288313,True,4.367959974287885
beef-02,34,2026-05-20,USA,uploaders,all,3684,16784,21.949475691134413,True,22.514598638298875
beef-02,34,2026-05-20,USA,uploaders,without-hosting,1356,9077,14.938856450369064,True,14.498740622222183
beef-02,35,2026-05-21,USA,downloaders,all,25897,345860,7.487711790898051,True,7.920062479260009
beef-02,35,2026-05-21,USA,downloaders,without-hosting,11252,277061,4.061199519239445,True,4.401448083624703
beef-02,35,2026-05-21,USA,uploaders,all,3704,16630,22.27300060132291,True,22.677096143148322
beef-02,35,2026-05-21,USA,uploaders,without-hosting,1371,9108,15.05270092226614,True,14.623803396563764
beef-02,36,2026-05-22,USA,downloaders,all,24386,335839,7.261217428589294,True,7.690095635336304
beef-02,36,2026-05-22,USA,downloaders,without-hosting,10494,272090,3.856812084236833,True,4.159118793778124
beef-02,36,2026-05-22,USA,uploaders,all,4118,16982,24.249205040631256,True,22.938527341415174
beef-02,36,2026-05-22,USA,uploaders,without-hosting,1403,9006,15.578503220075506,True,14.77861585378653
beef-02,37,2026-05-23,USA,downloaders,all,23464,317691,7.385793113434123,True,7.652763844158267
beef-02,37,2026-05-23,USA,downloaders,without-hosting,10433,255724,4.079789147674837,True,4.169953512714858
beef-02,37,2026-05-23,USA,uploaders,all,3968,16079,24.67815162634492,True,23.030460879566327
beef-02,37,2026-05-23,USA,uploaders,without-hosting,1470,8409,17.481270067784518,True,15.222041666714407
beef-02,38,2026-05-24,USA,downloaders,all,24282,334606,7.256893181831766,True,7.616493897705641
beef-02,38,2026-05-24,USA,downloaders,without-hosting,11059,270177,4.0932425780136725,True,4.160414000963917
beef-02,38,2026-05-24,USA,uploaders,all,3740,16212,23.0693313594868,True,23.314159679264343
beef-02,38,2026-05-24,USA,uploaders,without-hosting,1397,8636,16.176470588235293,True,15.678737539898043
beef-02,39,2026-05-25,USA,downloaders,all,24112,318306,7.575100689273843,True,7.545173806608459
beef-02,39,2026-05-25,USA,downloaders,without-hosting,10898,255256,4.269439307988843,True,4.141985399412088
beef-02,39,2026-05-25,USA,uploaders,all,3821,16064,23.78610557768924,True,23.43051891763553
beef-02,39,2026-05-25,USA,uploaders,without-hosting,1519,8681,17.497984103213916,True,16.01577153379426
beef-02,40,2026-05-26,USA,downloaders,all,24852,311461,7.979169141561865,True,7.520720579820718
beef-02,40,2026-05-26,USA,downloaders,without-hosting,11560,249643,4.6306125146709505,True,4.181573507815387
beef-02,40,2026-05-26,USA,uploaders,all,3880,15676,24.751212043888746,True,23.536640277214044
beef-02,40,2026-05-26,USA,uploaders,without-hosting,1550,8713,17.78950992769425,True,16.35932789709124
beef-02,41,2026-05-27,USA,downloaders,all,24244,314646,7.705167076651221,True,7.5215789174628815
beef-02,41,2026-05-27,USA,downloaders,without-hosting,10977,250955,4.3740909724851065,True,4.195026589187099
beef-02,41,2026-05-27,USA,uploaders,all,3715,15111,24.584739593673483,True,23.913106549005335
beef-02,41,2026-05-27,USA,uploaders,without-hosting,1469,8312,17.673243503368624,True,16.749954618948323
beef-02,42,2026-05-28,USA,downloaders,all,24122,318617,7.570845246801018,True,7.533455125449018
beef-02,42,2026-05-28,USA,downloaders,without-hosting,11103,253792,4.37484239061909,True,4.239832713669904
beef-02,42,2026-05-28,USA,uploaders,all,3491,14753,23.662983799905103,True,24.11167557737422
beef-02,42,2026-05-28,USA,uploaders,without-hosting,1297,7889,16.44061351248574,True,16.94822784612255
beef-02,43,2026-05-29,USA,downloaders,all,22545,305466,7.380526801673509,True,7.550499321603907
beef-02,43,2026-05-29,USA,downloaders,without-hosting,10315,243903,4.229140272977372,True,4.293022454918553
beef-02,43,2026-05-29,USA,uploaders,all,3336,14083,23.688134630405454,True,24.03152266162768
beef-02,43,2026-05-29,USA,uploaders,without-hosting,1319,7452,17.69994632313473,True,17.25129114655958
beef-02,44,2026-05-30,USA,downloaders,all,22304,308803,7.222727758473849,True,7.527204270895297
beef-02,44,2026-05-30,USA,downloaders,without-hosting,10188,247619,4.114385406612578,True,4.297964777623944
beef-02,44,2026-05-30,USA,uploaders,all,3110,13529,22.98765614605662,True,23.790023307300775
beef-02,44,2026-05-30,USA,uploaders,without-hosting,1169,6965,16.78391959798995,True,17.151669650874645
beef-02,45,2026-05-31,USA,downloaders,all,22921,322836,7.099889727291876,True,7.5047752059610255
beef-02,45,2026-05-31,USA,downloaders,without-hosting,10353,261349,3.961369662788073,True,4.279125789734573
beef-02,45,2026-05-31,USA,uploaders,all,3089,13283,23.255288714898743,True,23.816588643788197
beef-02,45,2026-05-31,USA,uploaders,without-hosting,1200,7146,16.79261125104954,True,17.23968974556239
beef-02,46,2026-06-01,USA,downloaders,all,23403,315623,7.414858866432421,True,7.481883516983679
beef-02,46,2026-06-01,USA,downloaders,without-hosting,10382,253362,4.097694208286957,True,4.2545907754914465
beef-02,46,2026-06-01,USA,uploaders,all,3116,12871,24.209463134177607,True,23.877068294715112
beef-02,46,2026-06-01,USA,uploaders,without-hosting,1222,6989,17.484618686507368,True,17.2377804003186
beef-02,47,2026-06-02,USA,downloaders,all,24549,324848,7.557072846377383,True,7.421584046243039
beef-02,47,2026-06-02,USA,downloaders,without-hosting,11213,260669,4.3016238985073025,True,4.207592401753782
beef-02,47,2026-06-02,USA,uploaders,all,3089,13117,23.549592132347335,True,23.705408307352048
beef-02,47,2026-06-02,USA,uploaders,without-hosting,1250,7199,17.363522711487708,True,17.176925083717666
beef-02,48,2026-06-03,USA,downloaders,all,23456,315271,7.439948488760463,True,7.383695676544359
beef-02,48,2026-06-03,USA,downloaders,without-hosting,10562,253670,4.163677218433397,True,4.177533294032109
beef-02,48,2026-06-03,USA,uploaders,all,3148,13608,23.13345091122869,True,23.498081352717076
beef-02,48,2026-06-03,USA,uploaders,without-hosting,1232,7228,17.044825677919203,True,17.08715110865346
beef-02,49,2026-06-04,USA,downloaders,all,23921,312542,7.6536913438833825,True,7.395530833270412
beef-02,49,2026-06-04,USA,downloaders,without-hosting,10923,249458,4.378693006437958,True,4.178083382006234
beef-02,49,2026-06-04,USA,uploaders,all,3214,13377,24.02631382223219,True,23.549985641620953
beef-02,49,2026-06-04,USA,uploaders,without-hosting,1213,7111,17.058079032484883,True,17.17536046865334
beef-02,50,2026-06-05,USA,downloaders,all,21906,304399,7.1964756783038055,True,7.369237815646168
beef-02,50,2026-06-05,USA,downloaders,without-hosting,10097,247185,4.084794789327831,True,4.157462598627727
beef-02,50,2026-06-05,USA,uploaders,all,2960,12484,23.710349247036206,True,23.553159158282483
beef-02,50,2026-06-05,USA,uploaders,without-hosting,1137,6784,16.76002358490566,True,17.04108579176347
beef-02,51,2026-06-06,USA,downloaders,all,21407,307638,6.958503175810531,True,7.331491446694266
beef-02,51,2026-06-06,USA,downloaders,without-hosting,9710,250395,3.8778729607220592,True,4.123675106357653
beef-02,51,2026-06-06,USA,uploaders,all,2697,11565,23.32036316472114,True,23.600688732377414
beef-02,51,2026-06-06,USA,uploaders,without-hosting,1104,6367,17.33940631380556,True,17.12044103687999
beef-02,52,2026-06-07,USA,downloaders,all,17932,276207,6.49223227506906,True,7.244683239233863
beef-02,52,2026-06-07,USA,downloaders,without-hosting,8191,230572,3.5524695106084,True,4.065260798903415
beef-02,52,2026-06-07,USA,uploaders,all,2850,11830,24.09129332206255,True,23.720117961972246
beef-02,52,2026-06-07,USA,uploaders,without-hosting,1119,6324,17.69449715370019,True,17.2492818801158
beef-02,53,2026-06-08,USA,downloaders,all,16975,244249,6.949874922722304,True,7.17825696156099
beef-02,53,2026-06-08,USA,downloaders,without-hosting,7437,203252,3.6590045854407336,True,4.002590852782526
beef-02,53,2026-06-08,USA,uploaders,all,3047,13374,22.7830118139674,True,23.516339201942213
beef-02,53,2026-06-08,USA,uploaders,without-hosting,1102,7304,15.08762322015334,True,16.906853956350936
beef-02,54,2026-06-09,USA,downloaders,all,17891,254862,7.019877423860756,True,7.1015147583443285
beef-02,54,2026-06-09,USA,downloaders,without-hosting,8296,213447,3.8866791287766986,True,3.9433130285352966
beef-02,54,2026-06-09,USA,uploaders,all,3058,13265,23.053147380324162,True,23.445418523081763
beef-02,54,2026-06-09,USA,uploaders,without-hosting,1069,7194,14.859605226577704,True,16.54915145850665
beef-02,55,2026-06-10,USA,downloaders,all,15068,230673,6.532190590142756,True,6.971835058541799
beef-02,55,2026-06-10,USA,downloaders,without-hosting,6849,197691,3.4644976250815667,True,3.8434302294850355
beef-02,55,2026-06-10,USA,uploaders,all,2993,12183,24.567019617499795,True,23.650214052549064
beef-02,55,2026-06-10,USA,uploaders,without-hosting,1072,6532,16.411512553582362,True,16.458678155029958
beef-02,56,2026-06-11,USA,downloaders,all,14537,217461,6.684876828488786,True,6.833432984913999
beef-02,56,2026-06-11,USA,downloaders,without-hosting,6358,186249,3.4137096038099535,True,3.705575457681035
beef-02,56,2026-06-11,USA,uploaders,all,2991,12417,24.087943947813482,True,23.659018356203536
beef-02,56,2026-06-11,USA,uploaders,without-hosting,1091,6828,15.978324545987112,True,16.3044275141017
beef-02,57,2026-06-12,USA,downloaders,all,23517,233925,10.05322218659827,True,7.241539628956067
beef-02,57,2026-06-12,USA,downloaders,without-hosting,14686,197028,7.453762916945815,True,4.186856618769318
beef-02,57,2026-06-12,USA,uploaders,all,3064,12139,25.24095889282478,True,23.87767687703047
beef-02,57,2026-06-12,USA,uploaders,without-hosting,1093,6737,16.223838503785068,True,16.22782964537019
beef-02,58,2026-06-13,USA,downloaders,all,22264,298654,7.4547804482779405,True,7.3124363821656955
beef-02,58,2026-06-13,USA,downloaders,without-hosting,9520,237840,4.002690884628321,True,4.2046877507559275
beef-02,58,2026-06-13,USA,uploaders,all,3057,11680,26.17294520547945,True,24.285188597138806
beef-02,58,2026-06-13,USA,uploaders,without-hosting,1065,6258,17.018216682646212,True,16.181945412347424
beef-02,59,2026-06-14,USA,downloaders,all,22968,343816,6.6803173790632195,True,7.33930568273629
beef-02,59,2026-06-14,USA,downloaders,without-hosting,10202,279776,3.6464886194670023,True,4.218119052021442
beef-02,59,2026-06-14,USA,uploaders,all,2960,11992,24.68312208138759,True,24.369735562756663
beef-02,59,2026-06-14,USA,uploaders,without-hosting,1090,6617,16.47272177724044,True,16.007406072853176
beef-02,60,2026-06-15,USA,downloaders,all,23917,335794,7.122521545947813,True,7.363969486054221
beef-02,60,2026-06-15,USA,downloaders,without-hosting,11009,274147,4.0157287878401,True,4.2690796523642085
beef-02,60,2026-06-15,USA,uploaders,all,2752,11630,23.662940670679276,True,24.495439685144074
beef-02,60,2026-06-15,USA,uploaders,without-hosting,1093,6477,16.87509649529103,True,16.26275939787285
beef-02,61,2026-06-16,USA,downloaders,all,26143,366610,7.131011156269605,True,7.3798457335412
beef-02,61,2026-06-16,USA,downloaders,without-hosting,12240,299015,4.093440128421651,True,4.298616938027773
beef-02,61,2026-06-16,USA,uploaders,all,2524,11132,22.673374056773266,True,24.441186353208234
beef-02,61,2026-06-16,USA,uploaders,without-hosting,1063,6486,16.389145852605612,True,16.481265201591118
beef-02,62,2026-06-17,USA,downloaders,all,25276,361939,6.983497219144662,True,7.444318109112899
beef-02,62,2026-06-17,USA,downloaders,without-hosting,11652,294868,3.9515986814439,True,4.368202803222393
beef-02,62,2026-06-17,USA,uploaders,all,2549,10620,24.001883239171374,True,24.360452584875606
beef-02,62,2026-06-17,USA,uploaders,without-hosting,1051,5724,18.361285814116002,True,16.75980423881021
beef-02,63,2026-06-18,USA,downloaders,all,24924,349673,7.127802260969534,True,7.507593170895862
beef-02,63,2026-06-18,USA,downloaders,without-hosting,11610,282883,4.104170275343517,True,4.466840042012901
beef-02,63,2026-06-18,USA,uploaders,all,2378,9910,23.995963673057517,True,24.34731254562475
beef-02,63,2026-06-18,USA,uploaders,without-hosting,966,5382,17.94871794871795,True,17.0412890106289
beef-02,64,2026-06-19,USA,downloaders,all,23562,327786,7.188226464827662,True,7.0983080677857755
beef-02,64,2026-06-19,USA,downloaders,without-hosting,11019,265935,4.143493710869198,True,3.9939444411448126
beef-02,64,2026-06-19,USA,uploaders,all,2383,10330,23.068731848983543,True,24.036994396504575
beef-02,64,2026-06-19,USA,uploaders,without-hosting,991,5795,17.10094909404659,True,17.166590523523407
beef-02,65,2026-06-20,USA,downloaders,all,22975,343019,6.697879709287241,True,6.990179390787106
beef-02,65,2026-06-20,USA,downloaders,without-hosting,10857,281682,3.8543463906106887,True,3.9727523705708654
beef-02,65,2026-06-20,USA,uploaders,all,2311,10299,22.439071754539274,True,23.50358390351312
beef-02,65,2026-06-20,USA,uploaders,without-hosting,916,5614,16.316351977199858,True,17.066324137031067
beef-02,66,2026-06-21,USA,downloaders,all,23663,355953,6.647787769733645,True,6.985532303740023
beef-02,66,2026-06-21,USA,downloaders,without-hosting,11223,292471,3.837303527529225,True,4.000011643151184
beef-02,66,2026-06-21,USA,uploaders,all,2326,10524,22.101862409730142,True,23.134832521847773
beef-02,66,2026-06-21,USA,uploaders,without-hosting,914,5630,16.234458259325045,True,17.032286491614588
beef-02,67,2026-06-22,USA,downloaders,all,26148,358756,7.288519216403349,True,7.0092462566622435
beef-02,67,2026-06-22,USA,downloaders,without-hosting,12314,288052,4.274922583422438,True,4.037039328234374
beef-02,67,2026-06-22,USA,uploaders,all,2341,11319,20.68203904938599,True,22.708989433091585
beef-02,67,2026-06-22,USA,uploaders,without-hosting,955,6532,14.620330679730557,True,16.71017708939166
beef-02,68,2026-06-23,USA,downloaders,all,24950,334359,7.462039305058336,True,7.05653599220349
beef-02,68,2026-06-23,USA,downloaders,without-hosting,11913,268057,4.444204031232164,True,4.087148457207305
beef-02,68,2026-06-23,USA,uploaders,all,2274,10260,22.16374269005848,True,22.636184952132332
beef-02,68,2026-06-23,USA,uploaders,without-hosting,942,5596,16.833452466047177,True,16.773649462740455
beef-02,69,2026-06-24,USA,downloaders,all,22055,306017,7.207115944539029,True,7.0884815244026855
beef-02,69,2026-06-24,USA,downloaders,without-hosting,10389,248680,4.177658034421746,True,4.119442650489853
beef-02,69,2026-06-24,USA,uploaders,all,2447,10323,23.704349510801123,True,22.593680133793725
beef-02,69,2026-06-24,USA,uploaders,without-hosting,1005,5555,18.09180918091809,True,16.735152800855037
beef-02,70,2026-06-25,USA,downloaders,all,24210,329176,7.354728169732909,True,7.120899511368881
beef-02,70,2026-06-25,USA,downloaders,without-hosting,11359,266253,4.266243009468438,True,4.142595898221985
beef-02,70,2026-06-25,USA,uploaders,all,2364,9644,24.512650352550807,True,22.667492516578477
beef-02,70,2026-06-25,USA,uploaders,without-hosting,949,5205,18.23246878001921,True,16.775688633898078
beef-02,71,2026-06-26,USA,downloaders,all,24113,319243,7.553180492602814,True,7.1730358010510455
beef-02,71,2026-06-26,USA,downloaders,without-hosting,11360,254618,4.461585590963718,True,4.188037595378345
beef-02,71,2026-06-26,USA,uploaders,all,2158,9170,23.533260632497274,True,22.733853771366153
beef-02,71,2026-06-26,USA,uploaders,without-hosting,891,4822,18.477810037328908,True,16.97238305436698
beef-02,72,2026-06-27,USA,downloaders,all,24446,334828,7.301062037822405,True,7.259204705127499
beef-02,72,2026-06-27,USA,downloaders,without-hosting,11708,270026,4.335878767229822,True,4.256827934895365
beef-02,72,2026-06-27,USA,uploaders,all,2212,9740,22.71047227926078,True,22.7726252748978
beef-02,72,2026-06-27,USA,uploaders,without-hosting,980,5386,18.1953212031192,True,17.240807229498312
beef-02,73,2026-06-28,USA,downloaders,all,23168,319069,7.261125336525955,True,7.3468243575264
beef-02,73,2026-06-28,USA,downloaders,without-hosting,10802,255576,4.226531442701975,True,4.3124319227771855
beef-02,73,2026-06-28,USA,uploaders,all,2212,9604,23.03206997084548,True,22.905512069342844
beef-02,73,2026-06-28,USA,uploaders,without-hosting,902,4920,18.333333333333332,True,17.54064652578521
beef-02,74,2026-06-29,USA,downloaders,all,24207,325721,7.431820484402295,True,7.367295967240535
beef-02,74,2026-06-29,USA,downloaders,without-hosting,11244,260644,4.313930111569804,True,4.318004426798239
beef-02,74,2026-06-29,USA,uploaders,all,2201,9435,23.32803391626921,True,23.28351133604045
beef-02,74,2026-06-29,USA,uploaders,without-hosting,961,4897,19.62425975086788,True,18.255493535947682
beef-02,75,2026-06-30,USA,downloaders,all,24803,325941,7.6096594168883325,True,7.38838455464482
beef-02,75,2026-06-30,USA,downloaders,without-hosting,11621,259712,4.474571833415475,True,4.322342684252996
beef-02,75,2026-06-30,USA,uploaders,all,2225,9397,23.677769500904542,True,23.49980088044703
beef-02,75,2026-06-30,USA,uploaders,without-hosting,929,5088,18.25864779874214,True,18.45909286918982
beef-02,76,2026-07-01,USA,downloaders,all,23472,309781,7.576965662839232,True,7.441220228687706
beef-02,76,2026-07-01,USA,downloaders,without-hosting,10850,248360,4.368658399098083,True,4.349628450635331
beef-02,76,2026-07-01,USA,uploaders,all,2185,9290,23.519913885898816,True,23.473452934032416
beef-02,76,2026-07-01,USA,uploaders,without-hosting,898,5151,17.433508056688023,True,18.36504985144267
beef-02,77,2026-07-02,USA,downloaders,all,22181,292871,7.573641637444472,True,7.47249358121793
beef-02,77,2026-07-02,USA,downloaders,without-hosting,10002,233553,4.28253972331762,True,4.351956552613785
beef-02,77,2026-07-02,USA,uploaders,all,2164,8727,24.79660822734044,True,23.51401834471665
beef-02,77,2026-07-02,USA,uploaders,without-hosting,882,4643,18.99633857419772,True,18.47417410775389
beef-02,78,2026-07-03,USA,downloaders,all,21621,296291,7.297217937770638,True,7.435927501956192
beef-02,78,2026-07-03,USA,downloaders,without-hosting,9930,239459,4.146847685825131,True,4.306993994736844
beef-02,78,2026-07-03,USA,uploaders,all,2136,8999,23.735970663407045,True,23.542976920560903
beef-02,78,2026-07-03,USA,uploaders,without-hosting,887,4691,18.908548283947987,True,18.535708142985186
beef-02,79,2026-07-04,USA,downloaders,all,23198,320161,7.245729492349162,True,7.42802285260287
beef-02,79,2026-07-04,USA,downloaders,without-hosting,10703,258196,4.145300469410835,True,4.279768523619846
beef-02,79,2026-07-04,USA,uploaders,all,2083,8653,24.072575985207443,True,23.737563164267566
beef-02,79,2026-07-04,USA,uploaders,without-hosting,833,4518,18.4373616644533,True,18.5702853517472
beef-02,80,2026-07-05,USA,downloaders,all,21761,300943,7.2309374200429986,True,7.423710293105304
beef-02,80,2026-07-05,USA,downloaders,without-hosting,9689,242837,3.989919163883593,True,4.245966769502934
beef-02,80,2026-07-05,USA,uploaders,all,2073,9032,22.951727192205492,True,23.726085624461856
beef-02,80,2026-07-05,USA,uploaders,without-hosting,856,4745,18.04004214963119,True,18.528386611218316
beef-02,81,2026-07-06,USA,downloaders,all,24424,322938,7.563061640314859,True,7.442459029664242
beef-02,81,2026-07-06,USA,downloaders,without-hosting,11119,259050,4.2922215788457825,True,4.24286555054236
beef-02,81,2026-07-06,USA,uploaders,all,2255,9296,24.257745266781413,True,23.85890153167788
beef-02,81,2026-07-06,USA,uploaders,without-hosting,923,4955,18.627648839556006,True,18.386013623888054
beef-02,82,2026-07-07,USA,downloaders,all,24417,320690,7.613895038822539,True,7.443064118511986
beef-02,82,2026-07-07,USA,downloaders,without-hosting,11172,257379,4.340680475097036,True,4.223738213639726
beef-02,82,2026-07-07,USA,uploaders,all,2193,8702,25.201103194667894,True,24.076520630786938
beef-02,82,2026-07-07,USA,uploaders,without-hosting,887,4433,20.009023234829687,True,18.636067257614844
beef-02,83,2026-07-08,USA,downloaders,all,23586,306982,7.683186636350014,True,7.458238543299241
beef-02,83,2026-07-08,USA,downloaders,without-hosting,10966,246629,4.446354646047302,True,4.234837677489614
beef-02,83,2026-07-08,USA,uploaders,all,2204,9074,24.28917787083976,True,24.186415485778497
beef-02,83,2026-07-08,USA,uploaders,without-hosting,864,4658,18.54873336195792,True,18.795385158367687
beef-02,84,2026-07-09,USA,downloaders,all,25425,337593,7.531258053336414,True,7.452183745569519
beef-02,84,2026-07-09,USA,downloaders,without-hosting,12047,273455,4.405478049404838,True,4.252400295502074
beef-02,84,2026-07-09,USA,uploaders,all,2261,9093,24.865280985373364,True,24.196225879783203
beef-02,84,2026-07-09,USA,uploaders,without-hosting,888,4735,18.753959873284057,True,18.760759629665735
beef-02,85,2026-07-10,USA,downloaders,all,25371,309130,8.20722673308964,True,7.582185002043661
beef-02,85,2026-07-10,USA,downloaders,without-hosting,13134,251655,5.2190498897299875,True,4.405572038917054
beef-02,85,2026-07-10,USA,uploaders,all,2138,8429,25.364811958713965,True,24.428917493398476
beef-02,85,2026-07-10,USA,uploaders,without-hosting,900,4532,19.858781994704326,True,18.896507302630926
beef-02,86,2026-07-11,USA,downloaders,all,23152,307724,7.523625066618139,True,7.621884369796372
beef-02,86,2026-07-11,USA,downloaders,without-hosting,10573,249708,4.234145481922886,True,4.418264183561632
beef-02,86,2026-07-11,USA,uploaders,all,2347,8559,27.42142773688515,True,24.907324886495296
beef-02,86,2026-07-11,USA,uploaders,without-hosting,847,4438,19.085173501577287,True,18.989051850791498
beef-02,87,2026-07-12,USA,downloaders,all,20758,291618,7.118216296662071,True,7.605781352170525
beef-02,87,2026-07-12,USA,downloaders,without-hosting,9384,230811,4.065664114795222,True,4.429084890834722
beef-02,87,2026-07-12,USA,uploaders,all,2119,8300,25.53012048192771,True,25.27566678502704
beef-02,87,2026-07-12,USA,uploaders,without-hosting,848,4349,19.498735341457806,True,19.197436592481015
beef-02,88,2026-07-13,USA,downloaders,all,22738,308973,7.359219090341227,True,7.576660987888578
beef-02,88,2026-07-13,USA,downloaders,without-hosting,10227,241716,4.2309983617137465,True,4.420338716958717
beef-02,88,2026-07-13,USA,uploaders,all,2209,8495,26.003531489111243,True,25.525064816788444
beef-02,88,2026-07-13,USA,uploaders,without-hosting,888,4458,19.919246298788696,True,19.381950515228542
beef-02,89,2026-07-14,USA,downloaders,all,22057,290777,7.585538058374631,True,7.572609990681733
beef-02,89,2026-07-14,USA,downloaders,without-hosting,10161,228085,4.454918122629722,True,4.4366583808919575
beef-02,89,2026-07-14,USA,uploaders,all,2237,8475,26.3952802359882,True,25.69566153697706
beef-02,89,2026-07-14,USA,uploaders,without-hosting,892,4457,20.013461969934934,True,19.382584620243573
beef-02,90,2026-07-15,USA,downloaders,all,22015,303347,7.257365327496234,True,7.511778375131193
beef-02,90,2026-07-15,USA,downloaders,without-hosting,9872,237637,4.154235241145108,True,4.394927037334502
beef-02,90,2026-07-15,USA,uploaders,all,2088,8679,24.05807120636018,True,25.662646299194257
beef-02,90,2026-07-15,USA,uploaders,without-hosting,857,4642,18.461869883670833,True,19.370175551916848
beef-02,91,2026-07-16,USA,downloaders,all,22072,297179,7.427173521682218,True,7.496909156323452
beef-02,91,2026-07-16,USA,downloaders,without-hosting,9745,232181,4.197156528742662,True,4.3651668200970475
beef-02,91,2026-07-16,USA,uploaders,all,2076,8278,25.078521381976323,True,25.69310921299468
beef-02,91,2026-07-16,USA,uploaders,without-hosting,852,4403,19.350442879854644,True,19.455387409998362
beef-02,92,2026-07-17,USA,downloaders,all,19564,294641,6.639944882076833,True,7.273011749035908
beef-02,92,2026-07-17,USA,downloaders,without-hosting,8430,232888,3.6197657242966574,True,4.136697653606572
beef-02,92,2026-07-17,USA,uploaders,all,1913,7711,24.808714822980157,True,25.613666765032708
beef-02,92,2026-07-17,USA,uploaders,without-hosting,809,4001,20.219945013746564,True,19.50698212700439
beef-02,93,2026-07-18,USA,downloaders,all,22914,313129,7.317750831127108,True,7.24360114396576
beef-02,93,2026-07-18,USA,downloaders,without-hosting,10264,245421,4.18220119712657,True,4.129277041492812
beef-02,93,2026-07-18,USA,uploaders,all,2088,8038,25.976611097287883,True,25.407264387947382
beef-02,93,2026-07-18,USA,uploaders,without-hosting,786,4024,19.532803180914513,True,19.57092922405257
beef-02,94,2026-07-19,USA,downloaders,all,20421,282033,7.240642052525768,True,7.261090537660574
beef-02,94,2026-07-19,USA,downloaders,without-hosting,8701,220729,3.9419378513924315,True,4.1116018610067
beef-02,94,2026-07-19,USA,uploaders,all,2239,8210,27.271619975639464,True,25.656050029906204
beef-02,94,2026-07-19,USA,uploaders,without-hosting,770,4063,18.95151365985725,True,19.492754698109632
beef-02,95,2026-07-20,USA,downloaders,all,22502,310246,7.252954107385752,True,7.245909825809792
beef-02,95,2026-07-20,USA,downloaders,without-hosting,10233,244214,4.190177467303267,True,4.105770304662345
beef-02,95,2026-07-20,USA,uploaders,all,1996,7891,25.294639462679,True,25.55477974041589
beef-02,95,2026-07-20,USA,uploaders,without-hosting,797,4076,19.553483807654562,True,19.440502913661902
beef-02,96,2026-07-21,USA,downloaders,all,22219,301792,7.3623555296363055,True,7.214026607418602
beef-02,96,2026-07-21,USA,downloaders,without-hosting,9973,235353,4.237464574490234,True,4.07470551207099
beef-02,96,2026-07-21,USA,uploaders,all,2051,7969,25.737231773120843,True,25.460772817149124
beef-02,96,2026-07-21,USA,uploaders,without-hosting,792,4047,19.570051890289104,True,19.377158616569634
beef-02,97,2026-07-22,USA,downloaders,all,20248,271263,7.464342722745085,True,7.243594806739867
beef-02,97,2026-07-22,USA,downloaders,without-hosting,9021,211869,4.257819690469111,True,4.0895032905458475
beef-02,97,2026-07-22,USA,uploaders,all,1957,7656,25.561650992685475,True,25.67556992948131
beef-02,97,2026-07-22,USA,uploaders,without-hosting,825,4022,20.512182993535554,True,19.670060489407454
beef-02,98,2026-07-23,USA,downloaders,all,21026,294497,7.139631303544688,True,7.2025173470059345
beef-02,98,2026-07-23,USA,downloaders,without-hosting,9659,230371,4.192802045396339,True,4.088881221496373
beef-02,98,2026-07-23,USA,uploaders,all,1843,7495,24.58972648432288,True,25.60574208695939
beef-02,98,2026-07-23,USA,uploaders,without-hosting,825,4086,20.190895741556535,True,19.7901251839363
beef-02,99,2026-07-24,USA,downloaders,all,20382,284871,7.154817443685037,True,7.276070570092821
beef-02,99,2026-07-24,USA,downloaders,without-hosting,9189,222498,4.12992476336866,True,4.161761084220944
beef-02,99,2026-07-24,USA,uploaders,all,1928,7637,25.24551525468116,True,25.668142148630956
beef-02,99,2026-07-24,USA,uploaders,without-hosting,842,4150,20.289156626506024,True,19.80001255718765
beef-02,100,2026-07-25,USA,downloaders,all,19931,276160,7.217192931633836,True,7.261705155879495
beef-02,100,2026-07-25,USA,downloaders,without-hosting,8826,217885,4.050760722399431,True,4.142983873545639
beef-02,100,2026-07-25,USA,uploaders,all,2046,7827,26.140283633576082,True,25.691523939529272
beef-02,100,2026-07-25,USA,uploaders,without-hosting,791,4212,18.779677113010447,True,19.692423118915638
beef-02,101,2026-07-26,USA,downloaders,all,18649,258102,7.225438005129755,True,7.259533149108637
beef-02,101,2026-07-26,USA,downloaders,without-hosting,8380,202119,4.146072363310723,True,4.172145946676824
beef-02,101,2026-07-26,USA,uploaders,all,1801,7985,22.554790231684407,True,25.017691118964258
beef-02,101,2026-07-26,USA,uploaders,without-hosting,813,4625,17.57837837837838,True,19.496260935847232
beef-02,102,2026-07-27,USA,downloaders,all,19627,274306,7.155147900519857,True,7.24556083384208
beef-02,102,2026-07-27,USA,downloaders,without-hosting,8800,216314,4.068160174561055,True,4.154714904856507
beef-02,102,2026-07-27,USA,uploaders,all,1866,8071,23.11981167141618,True,24.70700143449815
beef-02,102,2026-07-27,USA,uploaders,without-hosting,789,4577,17.23836574175224,True,19.16552978357547
beef-02,103,2026-07-28,USA,downloaders,all,19206,267590,7.17739825852984,True,7.2191383665411575
beef-02,103,2026-07-28,USA,downloaders,without-hosting,8623,211182,4.08320784915381,True,4.132678229808447
beef-02,103,2026-07-28,USA,uploaders,all,1796,7449,24.11061887501678,True,24.47462816334042
beef-02,103,2026-07-28,USA,uploaders,without-hosting,747,4087,18.277465133349644,True,18.980874532584117
beef-02,104,2026-07-29,USA,downloaders,all,20113,277805,7.2399704828926765,True,7.187085189419384
beef-02,104,2026-07-29,USA,downloaders,without-hosting,8939,218260,4.095574085952534,True,4.109500286306079
beef-02,104,2026-07-29,USA,uploaders,all,1759,7654,22.981447609093284,True,24.10602767997011
beef-02,104,2026-07-29,USA,uploaders,without-hosting,746,4337,17.200830066866498,True,18.507824114488535
beef-02,105,2026-07-30,USA,downloaders,all,19488,275851,7.064683470424251,False,
beef-02,105,2026-07-30,USA,downloaders,without-hosting,8721,216802,4.0225643674873846,False,
beef-02,105,2026-07-30,USA,uploaders,all,1717,7526,22.81424395429179,False,
beef-02,105,2026-07-30,USA,uploaders,without-hosting,745,4177,17.835767297103185,False,
no-more-bets,1,2023-09-19,CHN,downloaders,all,16,129,12.4031007751938,False,
no-more-bets,1,2023-09-19,CHN,downloaders,without-hosting,16,95,16.842105263157894,False,
no-more-bets,1,2023-09-19,CHN,uploaders,all,10,33,30.303030303030305,False,
no-more-bets,1,2023-09-19,CHN,uploaders,without-hosting,10,27,37.03703703703704,False,
no-more-bets,2,2023-09-20,CHN,downloaders,all,8,92,8.695652173913043,True,
no-more-bets,2,2023-09-20,CHN,downloaders,without-hosting,8,78,10.256410256410257,True,
no-more-bets,2,2023-09-20,CHN,uploaders,all,7,27,25.925925925925927,True,
no-more-bets,2,2023-09-20,CHN,uploaders,without-hosting,7,26,26.923076923076923,True,
no-more-bets,3,2023-09-21,CHN,downloaders,all,11,64,17.1875,True,
no-more-bets,3,2023-09-21,CHN,downloaders,without-hosting,11,47,23.404255319148938,True,
no-more-bets,3,2023-09-21,CHN,uploaders,all,9,27,33.333333333333336,True,
no-more-bets,3,2023-09-21,CHN,uploaders,without-hosting,9,22,40.90909090909091,True,
no-more-bets,4,2023-09-22,CHN,downloaders,all,7,64,10.9375,True,
no-more-bets,4,2023-09-22,CHN,downloaders,without-hosting,7,57,12.280701754385966,True,
no-more-bets,4,2023-09-22,CHN,uploaders,all,6,24,25.0,True,
no-more-bets,4,2023-09-22,CHN,uploaders,without-hosting,6,22,27.272727272727273,True,
no-more-bets,5,2023-09-23,CHN,downloaders,all,6,47,12.76595744680851,True,
no-more-bets,5,2023-09-23,CHN,downloaders,without-hosting,6,39,15.384615384615385,True,
no-more-bets,5,2023-09-23,CHN,uploaders,all,6,20,30.0,True,
no-more-bets,5,2023-09-23,CHN,uploaders,without-hosting,6,20,30.0,True,
no-more-bets,6,2023-09-24,CHN,downloaders,all,12,49,24.489795918367346,True,
no-more-bets,6,2023-09-24,CHN,downloaders,without-hosting,12,38,31.57894736842105,True,
no-more-bets,6,2023-09-24,CHN,uploaders,all,9,20,45.0,True,
no-more-bets,6,2023-09-24,CHN,uploaders,without-hosting,9,19,47.36842105263158,True,
no-more-bets,7,2023-09-25,CHN,downloaders,all,8,26,30.76923076923077,True,
no-more-bets,7,2023-09-25,CHN,downloaders,without-hosting,7,22,31.818181818181817,True,
no-more-bets,7,2023-09-25,CHN,uploaders,all,7,21,33.333333333333336,True,
no-more-bets,7,2023-09-25,CHN,uploaders,without-hosting,7,19,36.8421052631579,True,
no-more-bets,8,2023-09-26,CHN,downloaders,all,7,90,7.777777777777778,True,16.08905915515678
no-more-bets,8,2023-09-26,CHN,downloaders,without-hosting,6,72,8.333333333333334,True,19.008063604928108
no-more-bets,8,2023-09-26,CHN,uploaders,all,5,24,20.833333333333332,True,30.489417989417994
no-more-bets,8,2023-09-26,CHN,uploaders,without-hosting,5,21,23.80952380952381,True,33.30356360431548
no-more-bets,9,2023-09-27,CHN,downloaders,all,11,48,22.916666666666668,True,18.120632654121582
no-more-bets,9,2023-09-27,CHN,downloaders,without-hosting,11,45,24.444444444444443,True,21.034925631790134
no-more-bets,9,2023-09-27,CHN,uploaders,all,10,30,33.333333333333336,True,31.547619047619055
no-more-bets,9,2023-09-27,CHN,uploaders,without-hosting,10,28,35.714285714285715,True,34.55945057448817
no-more-bets,10,2023-09-28,CHN,downloaders,all,18,187,9.62566844919786,True,17.04037100400699
no-more-bets,10,2023-09-28,CHN,downloaders,without-hosting,18,150,12.0,True,19.40574630048314
no-more-bets,10,2023-09-28,CHN,uploaders,all,8,40,20.0,True,29.642857142857146
no-more-bets,10,2023-09-28,CHN,uploaders,without-hosting,8,34,23.529411764705884,True,32.07663926814745
no-more-bets,11,2023-09-29,CHN,downloaders,all,13,182,7.142857142857143,True,16.498279167272294
no-more-bets,11,2023-09-29,CHN,downloaders,without-hosting,13,141,9.21985815602837,True,18.9684829292892
no-more-bets,11,2023-09-29,CHN,uploaders,all,7,28,25.0,True,29.642857142857146
no-more-bets,11,2023-09-29,CHN,uploaders,without-hosting,7,25,28.0,True,32.18053537204356
no-more-bets,12,2023-09-30,CHN,downloaders,all,10,90,11.11111111111111,True,16.261872547886956
no-more-bets,12,2023-09-30,CHN,downloaders,without-hosting,10,77,12.987012987012987,True,18.625968301060283
no-more-bets,12,2023-09-30,CHN,uploaders,all,8,25,32.0,True,29.928571428571427
no-more-bets,12,2023-09-30,CHN,uploaders,without-hosting,8,22,36.36363636363637,True,33.089626281134464
no-more-bets,13,2023-10-01,CHN,downloaders,all,52,337,15.43026706231454,True,14.96765413987941
no-more-bets,13,2023-10-01,CHN,downloaders,without-hosting,50,241,20.74688796680498,True,17.07853124368656
no-more-bets,13,2023-10-01,CHN,uploaders,all,20,55,36.36363636363637,True,28.694805194805195
no-more-bets,13,2023-10-01,CHN,uploaders,without-hosting,19,45,42.22222222222222,True,32.35445501964741
no-more-bets,14,2023-10-02,CHN,downloaders,all,57,610,9.344262295081966,True,11.906944357858151
no-more-bets,14,2023-10-02,CHN,downloaders,without-hosting,50,456,10.964912280701755,True,14.099492738332268
no-more-bets,14,2023-10-02,CHN,uploaders,all,14,47,29.78723404255319,True,28.18821958183661
no-more-bets,14,2023-10-02,CHN,uploaders,without-hosting,13,36,36.111111111111114,True,32.25002728364073
no-more-bets,15,2023-10-03,CHN,downloaders,all,39,362,10.773480662983426,True,12.334901912887531
no-more-bets,15,2023-10-03,CHN,downloaders,without-hosting,36,241,14.937759336099585,True,15.042982167298874
no-more-bets,15,2023-10-03,CHN,uploaders,all,14,51,27.45098039215686,True,29.13359773309711
no-more-bets,15,2023-10-03,CHN,uploaders,without-hosting,13,40,32.5,True,33.49152388228019
no-more-bets,16,2023-10-04,CHN,downloaders,all,33,286,11.538461538461538,True,10.709444037429654
no-more-bets,16,2023-10-04,CHN,downloaders,without-hosting,26,192,13.541666666666666,True,13.485442484759192
no-more-bets,16,2023-10-04,CHN,uploaders,all,10,32,31.25,True,28.83597868547806
no-more-bets,16,2023-10-04,CHN,uploaders,without-hosting,10,26,38.46153846153846,True,33.88398856045915
no-more-bets,17,2023-10-05,CHN,downloaders,all,85,410,20.73170731707317,True,12.296021018554699
no-more-bets,17,2023-10-05,CHN,downloaders,without-hosting,84,313,26.837060702875398,True,15.605022585169962
no-more-bets,17,2023-10-05,CHN,uploaders,all,28,59,47.45762711864407,True,32.758496845284355
no-more-bets,17,2023-10-05,CHN,uploaders,without-hosting,27,49,55.10204081632653,True,38.3943641392621
no-more-bets,18,2023-10-06,CHN,downloaders,all,20,226,8.849557522123893,True,12.539835358449949
no-more-bets,18,2023-10-06,CHN,downloaders,without-hosting,19,167,11.377245508982035,True,15.91322077844906
no-more-bets,18,2023-10-06,CHN,uploaders,all,12,37,32.432432432432435,True,33.82027290706042
no-more-bets,18,2023-10-06,CHN,uploaders,without-hosting,11,26,42.30769230769231,True,40.43832018321814
no-more-bets,19,2023-10-07,CHN,downloaders,all,48,453,10.596026490066226,True,12.466251841157822
no-more-bets,19,2023-10-07,CHN,downloaders,without-hosting,48,352,13.636363636363637,True,16.005985156927725
no-more-bets,19,2023-10-07,CHN,uploaders,all,15,50,30.0,True,33.534558621346136
no-more-bets,19,2023-10-07,CHN,uploaders,without-hosting,15,44,34.09090909090909,True,40.11364485854282
no-more-bets,20,2023-10-08,CHN,downloaders,all,17,408,4.166666666666667,True,10.857166070350985
no-more-bets,20,2023-10-08,CHN,downloaders,without-hosting,16,324,4.938271604938271,True,13.747611390946762
no-more-bets,20,2023-10-08,CHN,uploaders,all,8,29,27.586206896551722,True,32.280640126048326
no-more-bets,20,2023-10-08,CHN,uploaders,without-hosting,8,22,36.36363636363637,True,39.27670402160198
no-more-bets,21,2023-10-09,CHN,downloaders,all,6,112,5.357142857142857,True,10.287577579216828
no-more-bets,21,2023-10-09,CHN,downloaders,without-hosting,4,67,5.970149253731344,True,13.034073815665277
no-more-bets,21,2023-10-09,CHN,uploaders,all,3,27,11.11111111111111,True,29.612622564413744
no-more-bets,21,2023-10-09,CHN,uploaders,without-hosting,2,13,15.384615384615385,True,36.31577606067402
no-more-bets,22,2023-10-10,CHN,downloaders,all,17,262,6.488549618320611,True,9.675444572836422
no-more-bets,22,2023-10-10,CHN,downloaders,without-hosting,15,210,7.142857142857143,True,11.920516359487783
no-more-bets,22,2023-10-10,CHN,uploaders,all,8,76,10.526315789473685,True,27.194813335459003
no-more-bets,22,2023-10-10,CHN,uploaders,without-hosting,6,61,9.836065573770492,True,33.078071142641235
no-more-bets,23,2023-10-11,CHN,downloaders,all,43,328,13.109756097560975,True,9.899915224136342
no-more-bets,23,2023-10-11,CHN,downloaders,without-hosting,37,244,15.163934426229508,True,12.15226889656819
no-more-bets,23,2023-10-11,CHN,uploaders,all,15,63,23.80952380952381,True,26.131888165390972
no-more-bets,23,2023-10-11,CHN,uploaders,without-hosting,12,53,22.641509433962263,True,30.818066995844635
no-more-bets,24,2023-10-12,CHN,downloaders,all,32,325,9.846153846153847,True,8.344836156862154
no-more-bets,24,2023-10-12,CHN,downloaders,without-hosting,28,237,11.814345991561181,True,10.006166794951875
no-more-bets,24,2023-10-12,CHN,uploaders,all,3,62,4.838709677419355,True,20.04347138807316
no-more-bets,24,2023-10-12,CHN,uploaders,without-hosting,2,49,4.081632653061225,True,23.529437258235305
no-more-bets,25,2023-10-13,CHN,downloaders,all,45,512,8.7890625,True,8.336194010844455
no-more-bets,25,2023-10-13,CHN,downloaders,without-hosting,43,411,10.46228710462287,True,9.875458451471994
no-more-bets,25,2023-10-13,CHN,uploaders,all,11,81,13.580246913580247,True,17.350302028237135
no-more-bets,25,2023-10-13,CHN,uploaders,without-hosting,10,73,13.698630136986301,True,19.442428376705873
no-more-bets,26,2023-10-14,CHN,downloaders,all,47,373,12.600536193029491,True,8.622552539839207
no-more-bets,26,2023-10-14,CHN,downloaders,without-hosting,37,292,12.67123287671233,True,9.737582628664663
no-more-bets,26,2023-10-14,CHN,uploaders,all,19,86,22.093023255813954,True,16.220733921924843
no-more-bets,26,2023-10-14,CHN,uploaders,without-hosting,16,72,22.22222222222222,True,17.746901681179178
no-more-bets,27,2023-10-15,CHN,downloaders,all,58,635,9.133858267716535,True,9.332151339989187
no-more-bets,27,2023-10-15,CHN,downloaders,without-hosting,54,518,10.424710424710424,True,10.521359602917828
no-more-bets,27,2023-10-15,CHN,uploaders,all,18,97,18.556701030927837,True,14.930804512549999
no-more-bets,27,2023-10-15,CHN,uploaders,without-hosting,18,79,22.78481012658228,True,15.807069361600023
no-more-bets,28,2023-10-16,CHN,downloaders,all,13,228,5.701754385964913,True,9.381381558392338
no-more-bets,28,2023-10-16,CHN,downloaders,without-hosting,7,173,4.046242774566474,True,10.24651582017999
no-more-bets,28,2023-10-16,CHN,uploaders,all,6,28,21.428571428571427,True,16.40472741504433
no-more-bets,28,2023-10-16,CHN,uploaders,without-hosting,4,17,23.529411764705884,True,16.97061170161295
no-more-bets,29,2023-10-17,CHN,downloaders,all,24,318,7.547169811320755,True,9.532613014535215
no-more-bets,29,2023-10-17,CHN,downloaders,without-hosting,20,252,7.936507936507937,True,10.359894504987247
no-more-bets,29,2023-10-17,CHN,uploaders,all,10,64,15.625,True,17.13311087369095
no-more-bets,29,2023-10-17,CHN,uploaders,without-hosting,9,53,16.9811320754717,True,17.991335487570268
no-more-bets,30,2023-10-18,CHN,downloaders,all,37,583,6.346483704974271,True,8.566431244165686
no-more-bets,30,2023-10-18,CHN,downloaders,without-hosting,30,452,6.6371681415929205,True,9.141785035753449
no-more-bets,30,2023-10-18,CHN,uploaders,all,11,69,15.942028985507246,True,16.009183041688583
no-more-bets,30,2023-10-18,CHN,uploaders,without-hosting,10,56,17.857142857142858,True,17.307854548024636
no-more-bets,31,2023-10-19,CHN,downloaders,all,25,222,11.26126126126126,True,8.768589446323888
no-more-bets,31,2023-10-19,CHN,downloaders,without-hosting,19,171,11.11111111111111,True,9.041322909974866
no-more-bets,31,2023-10-19,CHN,uploaders,all,10,54,18.51851851851852,True,17.96344144755989
no-more-bets,31,2023-10-19,CHN,uploaders,without-hosting,7,43,16.27906976744186,True,19.05034556436473
no-more-bets,32,2023-10-20,CHN,downloaders,all,121,422,28.672985781990523,True,11.609149915179676
no-more-bets,32,2023-10-20,CHN,downloaders,without-hosting,118,349,33.810888252149,True,12.376837359621458
no-more-bets,32,2023-10-20,CHN,uploaders,all,79,123,64.22764227642277,True,25.198783642251676
no-more-bets,32,2023-10-20,CHN,uploaders,without-hosting,78,116,67.24137931034483,True,26.699309731987373
no-more-bets,33,2023-10-21,CHN,downloaders,all,59,669,8.819133034379671,True,11.06894946394399
no-more-bets,33,2023-10-21,CHN,downloaders,without-hosting,47,523,8.98661567877629,True,11.850463474202021
no-more-bets,33,2023-10-21,CHN,uploaders,all,18,77,23.376623376623378,True,25.382155088081596
no-more-bets,33,2023-10-21,CHN,uploaders,without-hosting,16,63,25.396825396825395,True,27.1528244712164
no-more-bets,34,2023-10-22,CHN,downloaders,all,18,233,7.725321888412017,True,10.867729981186201
no-more-bets,34,2023-10-22,CHN,downloaders,without-hosting,17,183,9.289617486338798,True,11.688307340148933
no-more-bets,34,2023-10-22,CHN,uploaders,all,8,55,14.545454545454545,True,24.809119875871122
no-more-bets,34,2023-10-22,CHN,uploaders,without-hosting,7,50,14.0,True,25.897851595990357
no-more-bets,35,2023-10-23,CHN,downloaders,all,35,297,11.784511784511784,True,11.736695323835752
no-more-bets,35,2023-10-23,CHN,downloaders,without-hosting,31,206,15.048543689320388,True,13.260064613685206
no-more-bets,35,2023-10-23,CHN,uploaders,all,12,67,17.91044776119403,True,24.306530780531496
no-more-bets,35,2023-10-23,CHN,uploaders,without-hosting,11,49,22.448979591836736,True,25.74350414272334
no-more-bets,36,2023-10-24,CHN,downloaders,all,15,215,6.976744186046512,True,11.655205948796578
no-more-bets,36,2023-10-24,CHN,downloaders,without-hosting,12,131,9.16030534351145,True,13.434892814685709
no-more-bets,36,2023-10-24,CHN,uploaders,all,9,74,12.162162162162161,True,23.811839660840377
no-more-bets,36,2023-10-24,CHN,uploaders,without-hosting,8,49,16.3265306122449,True,25.649989647976657
no-more-bets,37,2023-10-25,CHN,downloaders,all,44,317,13.8801261829653,True,12.731440588509583
no-more-bets,37,2023-10-25,CHN,downloaders,without-hosting,38,230,16.52173913043478,True,14.84697438452026
no-more-bets,37,2023-10-25,CHN,uploaders,all,14,75,18.666666666666668,True,24.201073615291723
no-more-bets,37,2023-10-25,CHN,uploaders,without-hosting,13,54,24.074074074074073,True,26.53812267896683
no-more-bets,38,2023-10-26,CHN,downloaders,all,190,868,21.889400921658986,True,14.249746254280685
no-more-bets,38,2023-10-26,CHN,downloaders,without-hosting,180,666,27.027027027027028,True,17.120676658222532
no-more-bets,38,2023-10-26,CHN,uploaders,all,80,126,63.492063492063494,True,30.625865754369578
no-more-bets,38,2023-10-26,CHN,uploaders,without-hosting,79,115,68.69565217391305,True,34.026205879891286
no-more-bets,39,2023-10-27,CHN,downloaders,all,43,486,8.847736625514404,True,11.417567803355524
no-more-bets,39,2023-10-27,CHN,downloaders,without-hosting,40,335,11.940298507462687,True,13.996306694695917
no-more-bets,39,2023-10-27,CHN,uploaders,all,9,57,15.789473684210526,True,23.70612738405354
no-more-bets,39,2023-10-27,CHN,uploaders,without-hosting,7,45,15.555555555555555,True,26.642516772064237
no-more-bets,40,2023-10-28,CHN,downloaders,all,77,1304,5.904907975460123,True,11.001249937795588
no-more-bets,40,2023-10-28,CHN,downloaders,without-hosting,66,1041,6.340057636887608,True,13.618226974426106
no-more-bets,40,2023-10-28,CHN,uploaders,all,4,58,6.896551724137931,True,21.351831433698482
no-more-bets,40,2023-10-28,CHN,uploaders,without-hosting,2,34,5.882352941176471,True,23.854734992685824
no-more-bets,41,2023-10-29,CHN,downloaders,all,38,743,5.114401076716016,True,10.628261250410446
no-more-bets,41,2023-10-29,CHN,downloaders,without-hosting,36,568,6.338028169014085,True,13.196571357665432
no-more-bets,41,2023-10-29,CHN,uploaders,all,9,46,19.565217391304348,True,22.068940411677023
no-more-bets,41,2023-10-29,CHN,uploaders,without-hosting,8,27,29.62962962962963,True,26.087539225490055
no-more-bets,42,2023-10-30,CHN,downloaders,all,163,588,27.72108843537415,True,12.904915057676499
no-more-bets,42,2023-10-30,CHN,downloaders,without-hosting,160,503,31.809145129224653,True,15.59094299193747
no-more-bets,42,2023-10-30,CHN,uploaders,all,82,116,70.6896551724138,True,29.60882718470842
no-more-bets,42,2023-10-30,CHN,uploaders,without-hosting,81,105,77.14285714285714,True,33.90095030420726
no-more-bets,43,2023-10-31,CHN,downloaders,all,24,249,9.63855421686747,True,13.285173633508064
no-more-bets,43,2023-10-31,CHN,downloaders,without-hosting,21,183,11.475409836065573,True,15.921672205159487
no-more-bets,43,2023-10-31,CHN,uploaders,all,14,44,31.818181818181817,True,32.41682999271122
no-more-bets,43,2023-10-31,CHN,uploaders,without-hosting,13,38,34.21052631578947,True,36.45580683328505
no-more-bets,44,2023-11-01,CHN,downloaders,all,140,1726,8.111239860950175,True,12.461047016077332
no-more-bets,44,2023-11-01,CHN,downloaders,without-hosting,127,1389,9.143268538516919,True,14.86760497774265
no-more-bets,44,2023-11-01,CHN,uploaders,all,19,38,50.0,True,36.893020468901696
no-more-bets,44,2023-11-01,CHN,uploaders,without-hosting,18,30,60.0,True,41.58808196556019
no-more-bets,45,2023-11-02,CHN,downloaders,all,89,1130,7.876106194690266,True,10.459147769367515
no-more-bets,45,2023-11-02,CHN,downloaders,without-hosting,82,874,9.382151029748284,True,12.346908406702829
no-more-bets,45,2023-11-02,CHN,uploaders,all,16,38,42.10526315789474,True,33.83776327830616
no-more-bets,45,2023-11-02,CHN,uploaders,without-hosting,15,26,57.69230769230769,True,40.016175611045135
no-more-bets,46,2023-11-03,CHN,downloaders,all,35,530,6.60377358490566,True,10.138581620709122
no-more-bets,46,2023-11-03,CHN,downloaders,without-hosting,31,383,8.093994778067884,True,11.797436445360715
no-more-bets,46,2023-11-03,CHN,uploaders,all,14,43,32.55813953488372,True,36.23328697125948
no-more-bets,46,2023-11-03,CHN,uploaders,without-hosting,11,26,42.30769230769231,True,43.837909432778964
no-more-bets,47,2023-11-04,CHN,downloaders,all,44,476,9.243697478991596,True,10.615551549785044
no-more-bets,47,2023-11-04,CHN,downloaders,without-hosting,39,339,11.504424778761061,True,12.535203179914065
no-more-bets,47,2023-11-04,CHN,uploaders,all,16,44,36.36363636363637,True,40.442870491187826
no-more-bets,47,2023-11-04,CHN,uploaders,without-hosting,14,25,56.0,True,50.99757329832518
no-more-bets,48,2023-11-05,CHN,downloaders,all,44,528,8.333333333333334,True,11.075399015016092
no-more-bets,48,2023-11-05,CHN,downloaders,without-hosting,41,394,10.406091370558375,True,13.116355065848964
no-more-bets,48,2023-11-05,CHN,uploaders,all,20,50,40.0,True,43.36212514957292
no-more-bets,48,2023-11-05,CHN,uploaders,without-hosting,19,34,55.88235294117647,True,54.747962342831876
no-more-bets,49,2023-11-06,CHN,downloaders,all,44,576,7.638888888888889,True,8.2065133655182
no-more-bets,49,2023-11-06,CHN,downloaders,without-hosting,30,416,7.211538461538462,True,9.60241125617951
no-more-bets,49,2023-11-06,CHN,uploaders,all,14,49,28.571428571428573,True,37.34523563514646
no-more-bets,49,2023-11-06,CHN,uploaders,without-hosting,10,26,38.46153846153846,True,49.22205967407206
no-more-bets,50,2023-11-07,CHN,downloaders,all,38,828,4.5893719806763285,True,7.485201617490892
no-more-bets,50,2023-11-07,CHN,downloaders,without-hosting,32,682,4.69208211143695,True,8.63336443837542
no-more-bets,50,2023-11-07,CHN,uploaders,all,10,44,22.727272727272727,True,36.04653433644516
no-more-bets,50,2023-11-07,CHN,uploaders,without-hosting,8,26,30.76923076923077,True,48.73044602456367
no-more-bets,51,2023-11-08,CHN,downloaders,all,34,1015,3.3497536945812807,True,6.804989308009621
no-more-bets,51,2023-11-08,CHN,downloaders,without-hosting,31,883,3.5107587768969424,True,7.828720186715422
no-more-bets,51,2023-11-08,CHN,uploaders,all,4,28,14.285714285714286,True,30.94449352011863
no-more-bets,51,2023-11-08,CHN,uploaders,without-hosting,3,16,18.75,True,42.83758888170653
no-more-bets,52,2023-11-09,CHN,downloaders,all,27,440,6.136363636363637,True,6.556454656820104
no-more-bets,52,2023-11-09,CHN,downloaders,without-hosting,24,329,7.2948328267477205,True,7.530531872001057
no-more-bets,52,2023-11-09,CHN,uploaders,all,5,23,21.73913043478261,True,28.035045988245468
no-more-bets,52,2023-11-09,CHN,uploaders,without-hosting,3,11,27.272727272727273,True,38.49193453605218
no-more-bets,53,2023-11-10,CHN,downloaders,all,56,694,8.069164265129682,True,6.765796182566392
no-more-bets,53,2023-11-10,CHN,downloaders,without-hosting,52,523,9.94263862332696,True,7.794623849895211
no-more-bets,53,2023-11-10,CHN,uploaders,all,8,39,20.512820512820515,True,26.31428612795073
no-more-bets,53,2023-11-10,CHN,uploaders,without-hosting,7,27,25.925925925925927,True,36.15168219579984
no-more-bets,54,2023-11-11,CHN,downloaders,all,90,1486,6.056527590847914,True,6.310486198545867
no-more-bets,54,2023-11-11,CHN,downloaders,without-hosting,76,1206,6.301824212271973,True,7.051395197539627
no-more-bets,54,2023-11-11,CHN,uploaders,all,7,43,16.27906976744186,True,23.44506232849437
no-more-bets,54,2023-11-11,CHN,uploaders,without-hosting,5,23,21.73913043478261,True,31.25727225791164
no-more-bets,55,2023-11-12,CHN,downloaders,all,67,1744,3.841743119266055,True,5.668830453679113
no-more-bets,55,2023-11-12,CHN,downloaders,without-hosting,58,1438,4.033379694019471,True,6.141007815176927
no-more-bets,55,2023-11-12,CHN,uploaders,all,13,51,25.49019607843137,True,21.37223319684171
no-more-bets,55,2023-11-12,CHN,uploaders,without-hosting,10,32,31.25,True,27.73836469488643
no-more-bets,56,2023-11-13,CHN,downloaders,all,37,771,4.7989623865110245,True,5.263126667625131
no-more-bets,56,2023-11-13,CHN,downloaders,without-hosting,33,621,5.314009661835748,True,5.869932272362253
no-more-bets,56,2023-11-13,CHN,uploaders,all,12,48,25.0,True,20.862029115209054
no-more-bets,56,2023-11-13,CHN,uploaders,without-hosting,10,30,33.333333333333336,True,27.0057639622857
no-more-bets,57,2023-11-14,CHN,downloaders,all,97,1208,8.02980132450331,True,5.754616573886129
no-more-bets,57,2023-11-14,CHN,downloaders,without-hosting,85,959,8.86339937434828,True,6.465834738492442
no-more-bets,57,2023-11-14,CHN,uploaders,all,11,33,33.333333333333336,True,22.377180630360566
no-more-bets,57,2023-11-14,CHN,uploaders,without-hosting,9,19,47.36842105263158,True,29.37707685991439
no-more-bets,58,2023-11-15,CHN,downloaders,all,174,2179,7.985314364387333,True,6.416839526715565
no-more-bets,58,2023-11-15,CHN,downloaders,without-hosting,168,1825,9.205479452054794,True,7.2793662635149925
no-more-bets,58,2023-11-15,CHN,uploaders,all,21,46,45.65217391304348,True,26.858103434264738
no-more-bets,58,2023-11-15,CHN,uploaders,without-hosting,20,34,58.8235294117647,True,35.10186677588077
no-more-bets,59,2023-11-16,CHN,downloaders,all,76,798,9.523809523809524,True,6.900760367779264
no-more-bets,59,2023-11-16,CHN,downloaders,without-hosting,67,603,11.11111111111111,True,7.824548875566904
no-more-bets,59,2023-11-16,CHN,uploaders,all,13,29,44.827586206896555,True,30.156454258852445
no-more-bets,59,2023-11-16,CHN,uploaders,without-hosting,10,17,58.8235294117647,True,39.6091242243147
no-more-bets,60,2023-11-17,CHN,downloaders,all,85,802,10.598503740648379,True,7.262094578567649
no-more-bets,60,2023-11-17,CHN,downloaders,without-hosting,74,606,12.211221122112212,True,8.148632089679085
no-more-bets,60,2023-11-17,CHN,uploaders,all,15,33,45.45454545454545,True,33.71955782195601
no-more-bets,60,2023-11-17,CHN,uploaders,without-hosting,13,23,56.52173913043478,True,43.97995468210167
no-more-bets,61,2023-11-18,CHN,downloaders,all,46,636,7.232704402515723,True,7.430119837377335
no-more-bets,61,2023-11-18,CHN,downloaders,without-hosting,38,505,7.524752475247524,True,8.323336127247021
no-more-bets,61,2023-11-18,CHN,uploaders,all,17,34,50.0,True,38.53683356946431
no-more-bets,61,2023-11-18,CHN,uploaders,without-hosting,14,18,77.77777777777777,True,51.985475731100976
no-more-bets,62,2023-11-19,CHN,downloaders,all,69,1448,4.765193370165746,True,7.562041301791576
no-more-bets,62,2023-11-19,CHN,downloaders,without-hosting,65,1208,5.380794701986755,True,8.51582398552806
no-more-bets,62,2023-11-19,CHN,uploaders,all,16,68,23.529411764705884,True,38.25672152464639
no-more-bets,62,2023-11-19,CHN,uploaders,without-hosting,14,18,77.77777777777777,True,58.63230112792638
no-more-bets,63,2023-11-20,CHN,downloaders,all,30,524,5.7251908396946565,True,7.694359652246382
no-more-bets,63,2023-11-20,CHN,downloaders,without-hosting,27,394,6.852791878172589,True,8.735650016433322
no-more-bets,63,2023-11-20,CHN,uploaders,all,16,41,39.02439024390244,True,40.26020584520388
no-more-bets,63,2023-11-20,CHN,uploaders,without-hosting,15,29,51.724137931034484,True,61.25955892759797
no-more-bets,64,2023-11-21,CHN,downloaders,all,47,352,13.352272727272727,True,8.45471270978487
no-more-bets,64,2023-11-21,CHN,downloaders,without-hosting,40,252,15.873015873015873,True,9.737023801957264
no-more-bets,64,2023-11-21,CHN,uploaders,all,18,40,45.0,True,41.92687251187055
no-more-bets,64,2023-11-21,CHN,uploaders,without-hosting,15,23,65.21739130434783,True,63.80941182070029
no-more-bets,65,2023-11-22,CHN,downloaders,all,39,471,8.280254777070065,True,8.49684705445383
no-more-bets,65,2023-11-22,CHN,downloaders,without-hosting,34,380,8.947368421052632,True,9.700150797528385
no-more-bets,65,2023-11-22,CHN,uploaders,all,14,24,58.333333333333336,True,43.738466714769096
no-more-bets,65,2023-11-22,CHN,uploaders,without-hosting,12,14,85.71428571428571,True,67.65094843534615
no-more-bets,66,2023-11-23,CHN,downloaders,all,41,624,6.57051282051282,True,8.074947525411444
no-more-bets,66,2023-11-23,CHN,downloaders,without-hosting,36,483,7.453416149068323,True,9.177622945807986
no-more-bets,66,2023-11-23,CHN,uploaders,all,16,28,57.142857142857146,True,45.497791134192035
no-more-bets,66,2023-11-23,CHN,uploaders,without-hosting,12,15,80.0,True,70.67615851937977
no-more-bets,67,2023-11-24,CHN,downloaders,all,37,302,12.251655629139073,True,8.311112080910116
no-more-bets,67,2023-11-24,CHN,downloaders,without-hosting,34,210,16.19047619047619,True,9.746087955574268
no-more-bets,67,2023-11-24,CHN,uploaders,all,17,32,53.125,True,46.593570354971256
no-more-bets,67,2023-11-24,CHN,uploaders,without-hosting,15,19,78.94736842105263,True,73.87981984661089
no-more-bets,68,2023-11-25,CHN,downloaders,all,71,927,7.659115426105718,True,8.37202794142297
no-more-bets,68,2023-11-25,CHN,downloaders,without-hosting,60,770,7.792207792207792,True,9.784295857997165
no-more-bets,68,2023-11-25,CHN,uploaders,all,27,37,72.97297297297297,True,49.87542363682454
no-more-bets,68,2023-11-25,CHN,uploaders,without-hosting,22,28,78.57142857142857,True,73.99319853141813
no-more-bets,69,2023-11-26,CHN,downloaders,all,82,1198,6.844741235392321,True,8.66910620788391
no-more-bets,69,2023-11-26,CHN,downloaders,without-hosting,69,963,7.165109034267913,True,10.039197905465901
no-more-bets,69,2023-11-26,CHN,uploaders,all,29,47,61.702127659574465,True,55.32866876466291
no-more-bets,69,2023-11-26,CHN,uploaders,without-hosting,26,32,81.25,True,74.48923027744989
no-more-bets,70,2023-11-27,CHN,downloaders,all,62,750,8.266666666666667,True,9.032174183165626
no-more-bets,70,2023-11-27,CHN,downloaders,without-hosting,53,588,9.013605442176871,True,10.347885557466514
no-more-bets,70,2023-11-27,CHN,uploaders,all,16,36,44.44444444444444,True,56.102962221883196
no-more-bets,70,2023-11-27,CHN,uploaders,without-hosting,15,20,75.0,True,77.81435343015924
no-more-bets,71,2023-11-28,CHN,downloaders,all,67,1107,6.052393857271906,True,7.989334344594082
no-more-bets,71,2023-11-28,CHN,downloaders,without-hosting,57,913,6.24315443592552,True,8.972191066453606
no-more-bets,71,2023-11-28,CHN,uploaders,all,18,45,40.0,True,55.38867650759748
no-more-bets,71,2023-11-28,CHN,uploaders,without-hosting,16,21,76.19047619047619,True,79.38193698532044
no-more-bets,72,2023-11-29,CHN,downloaders,all,87,1165,7.467811158798283,True,7.8732709705552555
no-more-bets,72,2023-11-29,CHN,downloaders,without-hosting,79,922,8.568329718004339,True,8.91804268030385
no-more-bets,72,2023-11-29,CHN,uploaders,all,23,57,40.35087719298246,True,52.81975420183307
no-more-bets,72,2023-11-29,CHN,uploaders,without-hosting,20,31,64.51612903225806,True,76.35362888788792
no-more-bets,73,2023-11-30,CHN,downloaders,all,104,720,14.444444444444445,True,8.99811834540263
no-more-bets,73,2023-11-30,CHN,downloaders,without-hosting,96,537,17.877094972067038,True,10.407139655017952
no-more-bets,73,2023-11-30,CHN,uploaders,all,18,52,34.61538461538461,True,49.60154384076556
no-more-bets,73,2023-11-30,CHN,uploaders,without-hosting,15,29,51.724137931034484,True,72.31422002089285
no-more-bets,74,2023-12-01,CHN,downloaders,all,55,344,15.988372093023257,False,
no-more-bets,74,2023-12-01,CHN,downloaders,without-hosting,46,232,19.82758620689655,False,
no-more-bets,74,2023-12-01,CHN,uploaders,all,16,37,43.24324324324324,False,
no-more-bets,74,2023-12-01,CHN,uploaders,without-hosting,15,25,60.0,False,
no-more-bets,75,2023-12-02,CHN,downloaders,all,7,24,29.166666666666668,False,
no-more-bets,75,2023-12-02,CHN,downloaders,without-hosting,4,10,40.0,False,
no-more-bets,75,2023-12-02,CHN,uploaders,all,3,3,100.0,False,
no-more-bets,75,2023-12-02,CHN,uploaders,without-hosting,2,2,100.0,False,
no-more-bets,76,2023-12-03,CHN,downloaders,all,48,318,15.09433962264151,True,
no-more-bets,76,2023-12-03,CHN,downloaders,without-hosting,44,223,19.730941704035875,True,
no-more-bets,76,2023-12-03,CHN,uploaders,all,21,44,47.72727272727273,True,
no-more-bets,76,2023-12-03,CHN,uploaders,without-hosting,19,25,76.0,True,
no-more-bets,77,2023-12-04,CHN,downloaders,all,75,539,13.91465677179963,True,
no-more-bets,77,2023-12-04,CHN,downloaders,without-hosting,68,410,16.585365853658537,True,
no-more-bets,77,2023-12-04,CHN,uploaders,all,19,38,50.0,True,
no-more-bets,77,2023-12-04,CHN,uploaders,without-hosting,16,21,76.19047619047619,True,
no-more-bets,78,2023-12-05,CHN,downloaders,all,77,804,9.577114427860696,True,
no-more-bets,78,2023-12-05,CHN,downloaders,without-hosting,68,622,10.932475884244372,True,
no-more-bets,78,2023-12-05,CHN,uploaders,all,17,44,38.63636363636363,True,
no-more-bets,78,2023-12-05,CHN,uploaders,without-hosting,15,21,71.42857142857143,True,
no-more-bets,79,2023-12-06,CHN,downloaders,all,55,631,8.716323296354991,True,
no-more-bets,79,2023-12-06,CHN,downloaders,without-hosting,50,493,10.141987829614605,True,
no-more-bets,79,2023-12-06,CHN,uploaders,all,20,38,52.63157894736842,True,
no-more-bets,79,2023-12-06,CHN,uploaders,without-hosting,17,20,85.0,True,
no-more-bets,80,2023-12-07,CHN,downloaders,all,52,451,11.529933481152993,True,
no-more-bets,80,2023-12-07,CHN,downloaders,without-hosting,50,327,15.290519877675841,True,
no-more-bets,80,2023-12-07,CHN,uploaders,all,21,40,52.5,True,
no-more-bets,80,2023-12-07,CHN,uploaders,without-hosting,20,27,74.07407407407408,True,
no-more-bets,81,2023-12-08,CHN,downloaders,all,45,266,16.917293233082706,True,
no-more-bets,81,2023-12-08,CHN,downloaders,without-hosting,42,183,22.950819672131146,True,
no-more-bets,81,2023-12-08,CHN,uploaders,all,20,34,58.8235294117647,True,
no-more-bets,81,2023-12-08,CHN,uploaders,without-hosting,18,19,94.73684210526316,True,
no-more-bets,82,2023-12-09,CHN,downloaders,all,57,436,13.073394495412844,True,12.689007904043624
no-more-bets,82,2023-12-09,CHN,downloaders,without-hosting,52,315,16.50793650793651,True,16.020006761328126
no-more-bets,82,2023-12-09,CHN,uploaders,all,23,38,60.526315789473685,True,51.54929435889188
no-more-bets,82,2023-12-09,CHN,uploaders,without-hosting,20,23,86.95652173913044,True,80.62664079107363
no-more-bets,83,2023-12-10,CHN,downloaders,all,75,412,18.203883495145632,True,13.133228457258499
no-more-bets,83,2023-12-10,CHN,downloaders,without-hosting,69,316,21.835443037974684,True,16.32064980903367
no-more-bets,83,2023-12-10,CHN,uploaders,all,37,49,75.51020408163265,True,55.51828455237187
no-more-bets,83,2023-12-10,CHN,uploaders,without-hosting,36,37,97.29729729729729,True,83.66911183354466
no-more-bets,84,2023-12-11,CHN,downloaders,all,93,920,10.108695652173912,True,12.589519725883395
no-more-bets,84,2023-12-11,CHN,downloaders,without-hosting,91,730,12.465753424657533,True,15.732133747747813
no-more-bets,84,2023-12-11,CHN,uploaders,all,23,45,51.111111111111114,True,55.677014711102025
no-more-bets,84,2023-12-11,CHN,uploaders,without-hosting,23,33,69.6969696969697,True,82.74146804875802
no-more-bets,85,2023-12-12,CHN,downloaders,all,116,1000,11.6,True,12.878503379046151
no-more-bets,85,2023-12-12,CHN,downloaders,without-hosting,103,741,13.900134952766532,True,16.15608504325098
no-more-bets,85,2023-12-12,CHN,uploaders,all,21,34,61.76470588235294,True,58.98106360338621
no-more-bets,85,2023-12-12,CHN,uploaders,without-hosting,19,24,79.16666666666667,True,83.84691022562876
no-more-bets,86,2023-12-13,CHN,downloaders,all,113,1109,10.189359783588818,True,13.088937162936698
no-more-bets,86,2023-12-13,CHN,downloaders,without-hosting,101,822,12.287104622871047,True,16.462530299430473
no-more-bets,86,2023-12-13,CHN,uploaders,all,18,34,52.94117647058823,True,59.02529182098904
no-more-bets,86,2023-12-13,CHN,uploaders,without-hosting,17,22,77.27272727272727,True,82.74301412173267
no-more-bets,87,2023-12-14,CHN,downloaders,all,88,1029,8.551992225461614,True,12.663516983552217
no-more-bets,87,2023-12-14,CHN,downloaders,without-hosting,76,786,9.669211195928753,True,15.659486202038028
no-more-bets,87,2023-12-14,CHN,uploaders,all,24,55,43.63636363636363,True,57.75905805475528
no-more-bets,87,2023-12-14,CHN,uploaders,without-hosting,18,21,85.71428571428571,True,84.40590149890575
no-more-bets,88,2023-12-15,CHN,downloaders,all,111,1544,7.189119170984456,True,11.273777831823896
no-more-bets,88,2023-12-15,CHN,downloaders,without-hosting,99,1204,8.222591362126245,True,13.555453586323043
no-more-bets,88,2023-12-15,CHN,uploaders,all,24,57,42.10526315789474,True,55.37073430420243
no-more-bets,88,2023-12-15,CHN,uploaders,without-hosting,22,30,73.33333333333333,True,81.34825738863006
no-more-bets,89,2023-12-16,CHN,downloaders,all,47,298,15.771812080536913,True,11.659266058270193
no-more-bets,89,2023-12-16,CHN,downloaders,without-hosting,42,210,20.0,True,14.054319799474971
no-more-bets,89,2023-12-16,CHN,uploaders,all,25,45,55.55555555555556,True,54.66062569935698
no-more-bets,89,2023-12-16,CHN,uploaders,without-hosting,22,23,95.65217391304348,True,82.59049341347477
no-more-bets,90,2023-12-17,CHN,downloaders,all,59,949,6.217070600632244,True,9.946864216196852
no-more-bets,90,2023-12-17,CHN,downloaders,without-hosting,58,778,7.455012853470437,True,11.999972630260077
no-more-bets,90,2023-12-17,CHN,uploaders,all,14,32,43.75,True,50.123453687695175
no-more-bets,90,2023-12-17,CHN,uploaders,without-hosting,14,17,82.3529411764706,True,80.45558539621382
no-more-bets,91,2023-12-18,CHN,downloaders,all,44,463,9.503239740820735,True,9.860370514574967
no-more-bets,91,2023-12-18,CHN,downloaders,without-hosting,37,344,10.755813953488373,True,11.755695562950198
no-more-bets,91,2023-12-18,CHN,uploaders,all,10,20,50.0,True,49.96472352896502
no-more-bets,91,2023-12-18,CHN,uploaders,without-hosting,9,11,81.81818181818181,True,82.18718712781556
no-more-bets,92,2023-12-19,CHN,downloaders,all,41,453,9.050772626931566,True,9.496195175565191
no-more-bets,92,2023-12-19,CHN,downloaders,without-hosting,36,350,10.285714285714286,True,11.239349753371306
no-more-bets,92,2023-12-19,CHN,uploaders,all,12,29,41.37931034482759,True,47.05252416646139
no-more-bets,92,2023-12-19,CHN,uploaders,without-hosting,10,13,76.92307692307692,True,81.86667430730274
no-more-bets,93,2023-12-20,CHN,downloaders,all,50,954,5.241090146750524,True,8.789299513159722
no-more-bets,93,2023-12-20,CHN,downloaders,without-hosting,40,807,4.956629491945477,True,10.192139020381939
no-more-bets,93,2023-12-20,CHN,uploaders,all,11,30,36.666666666666664,True,44.7275941944726
no-more-bets,93,2023-12-20,CHN,uploaders,without-hosting,8,11,72.72727272727273,True,81.21732365795208
no-more-bets,94,2023-12-21,CHN,downloaders,all,52,526,9.885931558935361,True,8.979862275084542
no-more-bets,94,2023-12-21,CHN,downloaders,without-hosting,45,406,11.083743842364532,True,10.394215112729906
no-more-bets,94,2023-12-21,CHN,uploaders,all,23,37,62.16216216216216,True,47.37413684101524
no-more-bets,94,2023-12-21,CHN,uploaders,without-hosting,19,23,82.6086956521739,True,80.77366793479325
no-more-bets,95,2023-12-22,CHN,downloaders,all,40,204,19.607843137254903,True,10.753965698837463
no-more-bets,95,2023-12-22,CHN,downloaders,without-hosting,36,103,34.95145631067961,True,14.212624391094673
no-more-bets,95,2023-12-22,CHN,uploaders,all,24,47,51.06382978723404,True,48.653932073777995
no-more-bets,95,2023-12-22,CHN,uploaders,without-hosting,21,25,84.0,True,82.29747745860277
no-more-bets,96,2023-12-23,CHN,downloaders,all,70,428,16.35514018691589,True,10.837298285463033
no-more-bets,96,2023-12-23,CHN,downloaders,without-hosting,60,333,18.01801801801802,True,13.929484107954393
no-more-bets,96,2023-12-23,CHN,uploaders,all,27,48,56.25,True,48.75313842298435
no-more-bets,96,2023-12-23,CHN,uploaders,without-hosting,24,30,80.0,True,80.06145261388228
no-more-bets,97,2023-12-24,CHN,downloaders,all,87,1029,8.454810495626822,True,11.1569754133194
no-more-bets,97,2023-12-24,CHN,downloaders,without-hosting,70,886,7.900677200902934,True,13.993150443301888
no-more-bets,97,2023-12-24,CHN,uploaders,all,35,51,68.62745098039215,True,52.3070599916118
no-more-bets,97,2023-12-24,CHN,uploaders,without-hosting,31,39,79.48717948717949,True,79.6520580868407
no-more-bets,98,2023-12-25,CHN,downloaders,all,61,242,25.206611570247933,True,13.400314246094712
no-more-bets,98,2023-12-25,CHN,downloaders,without-hosting,47,166,28.313253012048193,True,16.50135602309615
no-more-bets,98,2023-12-25,CHN,uploaders,all,18,27,66.66666666666667,True,54.68801237256418
no-more-bets,98,2023-12-25,CHN,uploaders,without-hosting,13,16,81.25,True,79.57088925567187
no-more-bets,99,2023-12-26,CHN,downloaders,all,61,810,7.530864197530864,True,13.183184470466042
no-more-bets,99,2023-12-26,CHN,downloaders,without-hosting,57,659,8.649468892261002,True,16.26760668117425
no-more-bets,99,2023-12-26,CHN,uploaders,all,23,52,44.23076923076923,True,55.09536364198442
no-more-bets,99,2023-12-26,CHN,uploaders,without-hosting,22,32,68.75,True,78.40330683808945
no-more-bets,100,2023-12-27,CHN,downloaders,all,218,2751,7.924391130498001,True,13.566513182429967
no-more-bets,100,2023-12-27,CHN,downloaders,without-hosting,206,2420,8.512396694214877,True,16.775573424355592
no-more-bets,100,2023-12-27,CHN,uploaders,all,81,136,59.55882352941177,True,58.36567176523372
no-more-bets,100,2023-12-27,CHN,uploaders,without-hosting,77,106,72.64150943396227,True,78.3910549390451
no-more-bets,101,2023-12-28,CHN,downloaders,all,172,1248,13.782051282051283,True,14.12310171430367
no-more-bets,101,2023-12-28,CHN,downloaders,without-hosting,163,1041,15.658021133525457,True,17.429041608807154
no-more-bets,101,2023-12-28,CHN,uploaders,all,66,106,62.264150943396224,True,58.380241591124296
no-more-bets,101,2023-12-28,CHN,uploaders,without-hosting,63,81,77.77777777777777,True,77.70092381413136
no-more-bets,102,2023-12-29,CHN,downloaders,all,231,2770,8.339350180505415,True,12.513317006196601
no-more-bets,102,2023-12-29,CHN,downloaders,without-hosting,222,2449,9.064924458962842,True,13.730965629990473
no-more-bets,102,2023-12-29,CHN,uploaders,all,82,133,61.65413533834587,True,59.89314238414027
no-more-bets,102,2023-12-29,CHN,uploaders,without-hosting,79,111,71.17117117117117,True,75.86823398144153
no-more-bets,103,2023-12-30,CHN,downloaders,all,217,1888,11.49364406779661,True,11.818817560608133
no-more-bets,103,2023-12-30,CHN,downloaders,without-hosting,209,1645,12.70516717325228,True,12.971986937881082
no-more-bets,103,2023-12-30,CHN,uploaders,all,78,117,66.66666666666667,True,61.38123762223551
no-more-bets,103,2023-12-30,CHN,uploaders,without-hosting,76,99,76.76767676767676,True,75.40647351968107
no-more-bets,104,2023-12-31,CHN,downloaders,all,250,4049,6.1743640405038285,True,11.493039495590564
no-more-bets,104,2023-12-31,CHN,downloaders,without-hosting,239,3677,6.49986401958118,True,12.771870769120834
no-more-bets,104,2023-12-31,CHN,uploaders,all,75,122,61.47540983606557,True,60.359517458760294
no-more-bets,104,2023-12-31,CHN,uploaders,without-hosting,71,100,71.0,True,74.19401930722685
no-more-bets,105,2024-01-01,CHN,downloaders,all,224,3091,7.246845681009382,True,8.927358654270769
no-more-bets,105,2024-01-01,CHN,downloaders,without-hosting,215,2745,7.832422586520948,True,9.846037851188369
no-more-bets,105,2024-01-01,CHN,uploaders,all,69,121,57.02479338842975,True,58.982106990440734
no-more-bets,105,2024-01-01,CHN,uploaders,without-hosting,66,101,65.34653465346534,True,71.92209568629333
