key,role,week,observed_days,daily_sum,weekly_weight
beef-02,downloaders,1,7,1644102,1392812
beef-02,downloaders,2,7,1770452,1522973
beef-02,downloaders,3,7,1981537,1742765
beef-02,downloaders,4,7,2067037,1840186
beef-02,downloaders,5,7,2273752,2052257
beef-02,downloaders,6,7,2251166,2049959
beef-02,downloaders,7,7,2205389,2012425
beef-02,downloaders,8,7,1835489,1667468
beef-02,downloaders,9,7,2290411,2114147
beef-02,downloaders,10,7,2355066,2171318
beef-02,downloaders,11,7,2227454,2058387
beef-02,downloaders,12,7,2205598,2039490
beef-02,downloaders,13,7,2108748,1950396
beef-02,downloaders,14,7,2067601,1912988
beef-02,downloaders,15,7,1914685,1769119
beef-02,uploaders,1,7,243227,167408
beef-02,uploaders,2,7,172137,104264
beef-02,uploaders,3,7,157932,92201
beef-02,uploaders,4,7,149797,81854
beef-02,uploaders,5,7,123982,64406
beef-02,uploaders,6,7,110877,54161
beef-02,uploaders,7,7,93868,45278
beef-02,uploaders,8,7,87118,42860
beef-02,uploaders,9,7,79103,39022
beef-02,uploaders,10,7,72699,35793
beef-02,uploaders,11,7,65363,30958
beef-02,uploaders,12,7,62849,29147
beef-02,uploaders,13,7,59215,27519
beef-02,uploaders,14,7,54970,25271
beef-02,uploaders,15,7,54149,25557
no-more-bets,downloaders,1,7,471,647
no-more-bets,downloaders,2,7,1544,2022
no-more-bets,downloaders,3,7,2257,2881
no-more-bets,downloaders,4,7,2663,2895
no-more-bets,downloaders,5,7,2744,3170
no-more-bets,downloaders,6,7,4521,5040
no-more-bets,downloaders,7,7,5215,6407
no-more-bets,downloaders,8,7,6978,9166
no-more-bets,downloaders,9,7,7595,9711
no-more-bets,downloaders,10,7,4624,6466
no-more-bets,downloaders,11,7,4217,5386
no-more-bets,downloaders,12,7,3920,5390
no-more-bets,downloaders,13,7,6392,8266
no-more-bets,downloaders,14,7,3836,5469
no-more-bets,downloaders,15,7,16607,21283
no-more-bets,uploaders,1,7,172,165
no-more-bets,uploaders,2,7,249,232
no-more-bets,uploaders,3,7,285,266
no-more-bets,uploaders,4,7,493,325
no-more-bets,uploaders,5,7,509,339
no-more-bets,uploaders,6,7,552,424
no-more-bets,uploaders,7,7,306,250
no-more-bets,uploaders,8,7,276,228
no-more-bets,uploaders,9,7,284,260
no-more-bets,uploaders,10,7,244,219
no-more-bets,uploaders,11,7,276,205
no-more-bets,uploaders,12,7,288,225
no-more-bets,uploaders,13,7,277,191
no-more-bets,uploaders,14,7,269,194
no-more-bets,uploaders,15,7,787,695
