evidence_branch,role,region,mode,objects,equal_object_mean_share,volume_weighted_share
known_us_producer,downloaders,asia-28,all,22,24.713477413536545,25.635650817440414
known_us_producer,downloaders,asia-28,without-hosting,22,27.01012266629523,28.057357342776797
known_us_producer,downloaders,eur-27,all,22,18.21802522014372,17.665730440683294
known_us_producer,downloaders,eur-27,without-hosting,22,15.78028051692084,15.231104173384137
known_us_producer,downloaders,usa-can,all,22,12.070399689744182,11.931946006085195
known_us_producer,downloaders,usa-can,without-hosting,22,8.50267408009892,8.472128141486875
known_us_producer,downloaders,other,all,22,44.96962368925314,44.73818462465402
known_us_producer,downloaders,other,without-hosting,22,48.675018256422966,48.20770012915189
known_us_producer,downloaders,unclassified,all,22,0.02847398732240497,0.028488111137076964
known_us_producer,downloaders,unclassified,without-hosting,22,0.03190448026204003,0.03171021320030063
known_us_producer,uploaders,asia-28,all,22,23.01694890015644,24.631029972546166
known_us_producer,uploaders,asia-28,without-hosting,22,25.798910999595766,27.193451890101567
known_us_producer,uploaders,eur-27,all,22,17.53352890037883,16.13098597454197
known_us_producer,uploaders,eur-27,without-hosting,22,15.676433574085957,14.247085117657038
known_us_producer,uploaders,usa-can,all,22,11.729479335875082,10.050183524659385
known_us_producer,uploaders,usa-can,without-hosting,22,6.193060468805106,5.549002540212864
known_us_producer,uploaders,other,all,22,47.690477744797455,49.160140296044375
known_us_producer,uploaders,other,without-hosting,22,52.29580171541307,52.979198792720666
known_us_producer,uploaders,unclassified,all,22,0.029565118792194926,0.02766023220810549
known_us_producer,uploaders,unclassified,without-hosting,22,0.03579324210010066,0.03126165930786741
complete_non_us_producers,downloaders,asia-28,all,2,25.7699790844756,26.073767320848358
complete_non_us_producers,downloaders,asia-28,without-hosting,2,28.919725467389682,28.27072922032806
complete_non_us_producers,downloaders,eur-27,all,2,11.321992998430451,10.543583493855396
complete_non_us_producers,downloaders,eur-27,without-hosting,2,9.094366105169502,8.04286893644613
complete_non_us_producers,downloaders,usa-can,all,2,25.779443257374496,11.933099883141274
complete_non_us_producers,downloaders,usa-can,without-hosting,2,21.85186894383564,8.314199051283495
complete_non_us_producers,downloaders,other,all,2,37.115403715827966,51.438725337898106
complete_non_us_producers,downloaders,other,without-hosting,2,40.11843747421374,55.36007630636299
complete_non_us_producers,downloaders,unclassified,all,2,0.013180943891488411,0.010823964256864698
complete_non_us_producers,downloaders,unclassified,without-hosting,2,0.015602009391430723,0.012126485579323618
complete_non_us_producers,uploaders,asia-28,all,2,30.619582027722096,26.158359816296237
complete_non_us_producers,uploaders,asia-28,without-hosting,2,43.94120068742629,28.720412302501856
complete_non_us_producers,uploaders,eur-27,all,2,10.090235913521074,9.455164924934499
complete_non_us_producers,uploaders,eur-27,without-hosting,2,9.645809921776678,8.18716378417871
complete_non_us_producers,uploaders,usa-can,all,2,22.878298943702283,9.429947997091025
complete_non_us_producers,uploaders,usa-can,without-hosting,2,4.971016025342061,3.2322558441961426
complete_non_us_producers,uploaders,other,all,2,36.39204576545463,54.945382002211616
complete_non_us_producers,uploaders,other,without-hosting,2,41.40993221526738,59.84754454903709
complete_non_us_producers,uploaders,unclassified,all,2,0.01983734959991477,0.011145259466621505
complete_non_us_producers,uploaders,unclassified,without-hosting,2,0.032041150187586215,0.012623520086206654
baseline_us_country_or_producer,downloaders,asia-28,all,140,20.02090083160046,22.793214056627463
baseline_us_country_or_producer,downloaders,asia-28,without-hosting,140,22.542734885383794,25.53059290739659
baseline_us_country_or_producer,downloaders,eur-27,all,140,22.73006544721053,22.26523701458599
baseline_us_country_or_producer,downloaders,eur-27,without-hosting,140,19.572850225806736,18.89965351137221
baseline_us_country_or_producer,downloaders,usa-can,all,140,14.477103425444911,12.352646510138555
baseline_us_country_or_producer,downloaders,usa-can,without-hosting,140,9.953932644124533,8.486284913956608
baseline_us_country_or_producer,downloaders,other,all,140,42.74423006026444,42.56123059049311
baseline_us_country_or_producer,downloaders,other,without-hosting,140,47.89771563604306,47.05149216699085
baseline_us_country_or_producer,downloaders,unclassified,all,140,0.027700235479659826,0.027671828154883834
baseline_us_country_or_producer,downloaders,unclassified,without-hosting,140,0.03276660864187301,0.03197650028374392
baseline_us_country_or_producer,uploaders,asia-28,all,140,15.584439001258952,19.653671442602615
baseline_us_country_or_producer,uploaders,asia-28,without-hosting,140,18.71615610279169,22.720676080332595
baseline_us_country_or_producer,uploaders,eur-27,all,140,23.779266012282818,20.7065526994295
baseline_us_country_or_producer,uploaders,eur-27,without-hosting,140,21.89924713553676,18.625125567980707
baseline_us_country_or_producer,uploaders,usa-can,all,140,17.93080168615603,13.275006908188296
baseline_us_country_or_producer,uploaders,usa-can,without-hosting,140,8.977737231237997,6.694823207569197
baseline_us_country_or_producer,uploaders,other,all,140,42.67198921919911,46.33068966317167
baseline_us_country_or_producer,uploaders,other,without-hosting,140,50.36270370053875,51.91822031016072
baseline_us_country_or_producer,uploaders,unclassified,all,140,0.0335040811030893,0.03407928660791944
baseline_us_country_or_producer,uploaders,unclassified,without-hosting,140,0.04415582989479631,0.04115483395677867
us_commissioner_or_platform,downloaders,asia-28,all,104,19.601972510318966,21.175792390118183
us_commissioner_or_platform,downloaders,asia-28,without-hosting,104,22.16701283832626,23.879780865378862
us_commissioner_or_platform,downloaders,eur-27,all,104,23.56267910589797,24.296737016941233
us_commissioner_or_platform,downloaders,eur-27,without-hosting,104,20.250957215576705,20.601939871411858
us_commissioner_or_platform,downloaders,usa-can,all,104,15.00745915703777,12.39153045071339
us_commissioner_or_platform,downloaders,usa-can,without-hosting,104,10.562739359646047,8.418794749345148
us_commissioner_or_platform,downloaders,other,all,104,41.800374301314115,42.10773994102303
us_commissioner_or_platform,downloaders,other,without-hosting,104,46.98656994794634,47.06639753618193
us_commissioner_or_platform,downloaders,unclassified,all,104,0.027514925431178026,0.028200201204169384
us_commissioner_or_platform,downloaders,unclassified,without-hosting,104,0.03272063850464862,0.03308697768219739
us_commissioner_or_platform,uploaders,asia-28,all,104,14.905884720372201,15.998701019599345
us_commissioner_or_platform,uploaders,asia-28,without-hosting,104,18.73942523292275,19.059202421070164
us_commissioner_or_platform,uploaders,eur-27,all,104,24.995068234176923,24.170685381700064
us_commissioner_or_platform,uploaders,eur-27,without-hosting,104,23.11933072224006,22.28532182282432
us_commissioner_or_platform,uploaders,usa-can,all,104,19.818306907528026,15.461497371189914
us_commissioner_or_platform,uploaders,usa-can,without-hosting,104,9.738595259714835,7.410813699462841
us_commissioner_or_platform,uploaders,other,all,104,40.245218952553195,44.32736173701334
us_commissioner_or_platform,uploaders,other,without-hosting,104,48.35487754464137,51.19149717210893
us_commissioner_or_platform,uploaders,unclassified,all,104,0.035521185369661354,0.0417544904973389
us_commissioner_or_platform,uploaders,unclassified,without-hosting,104,0.04777124048099229,0.05316488453374889
