key,known_us_producer,complete_non_us_producers,baseline_us_country_or_producer,us_commissioner_or_platform,frozen_usa_production,producer_group
3-body-problem-01,True,False,True,True,True,unknown
ahsoka-101,False,False,True,False,True,unknown
ahsoka-108,False,False,True,False,True,unknown
american-born-chinese-01,False,False,True,False,True,unknown
and-just-like-that-201,False,False,True,True,True,unknown
and-just-like-that-211,False,False,True,True,True,unknown
arcane-02.1,True,False,True,True,True,mixed
arcane-02.2,True,False,True,True,True,mixed
arcane-02.3,True,False,True,True,True,mixed
army-of-the-dead,True,False,True,True,True,usa-only
avatar-the-last-airbender-2024-01,False,False,True,True,True,unknown
avatar-the-last-airbender-2024-02,False,False,True,True,True,unknown
ballard-01,False,False,True,True,True,unknown
beacon-23-101,False,False,True,False,True,unknown
beacon-23-108,False,False,True,False,True,unknown
beef-02,True,False,True,True,True,unknown
blade-runner-black-lotus-101,False,False,True,True,True,unknown
blue-eye-samurai-01,False,False,True,True,True,unknown
bluff,False,False,True,True,True,unknown
book-of-boba-fett-107,False,False,True,False,True,unknown
bridgerton-02,False,False,True,True,True,unknown
bridgerton-04.1,False,False,True,True,True,unknown
bridgerton-04.2,False,False,True,True,True,unknown
brothers-01,False,False,True,False,True,unknown
brothers-sun-01,False,False,True,True,True,unknown
chief-of-war-101,False,False,True,True,True,unknown
chief-of-war-107,False,False,True,True,True,unknown
chilling-adventures-of-sabrina-01,False,False,True,True,True,unknown
citadel-101,False,False,True,True,True,unknown
citadel-106,False,False,True,True,True,unknown
coyote-vs-acme,False,False,True,False,True,unknown
crew-girl-01,False,False,False,True,True,unknown
dang-01,False,False,True,True,True,unknown
devs-108,False,False,True,True,True,unknown
dune-2021,True,False,True,False,True,usa-only
eternals,True,False,True,False,True,usa-only
everything-everywhere-all-at-once,True,False,True,False,True,unknown
expanse-04,False,False,True,True,True,unknown
expanse-201,False,False,True,True,True,unknown
expanse-203,False,False,True,True,True,unknown
expanse-204,False,False,True,True,True,unknown
expanse-210,False,False,True,True,True,unknown
expanse-213,False,False,True,True,True,unknown
expanse-301,False,False,True,True,True,unknown
expanse-313,False,False,True,True,True,unknown
expanse-501,False,False,True,True,True,unknown
expanse-510,False,False,True,True,True,unknown
expanse-601,False,False,True,False,True,unknown
expanse-606,False,False,True,False,True,unknown
fargo-501,False,False,True,False,True,unknown
fargo-510,False,False,True,False,True,unknown
fistful-of-vengeance,False,True,True,True,True,non-usa-only
for-all-mankind-201,False,False,True,True,True,unknown
for-all-mankind-210,False,False,True,True,True,unknown
for-all-mankind-301,False,False,True,True,True,unknown
for-all-mankind-401,False,False,True,True,True,unknown
for-all-mankind-410,False,False,True,True,True,unknown
for-all-mankind-501,False,False,True,True,True,unknown
furious-2025,False,False,False,False,False,unknown
gen-v-101,False,False,True,True,True,unknown
gen-v-108,False,False,True,True,True,unknown
gen-v-201,False,False,True,True,True,unknown
gen-v-206,False,False,True,True,True,unknown
glass-onion,True,False,True,True,True,usa-only
goat-2026,False,False,True,False,True,unknown
godzilla-x-kong-the-new-empire,True,False,True,False,True,usa-only
gray-man,False,False,True,True,True,unknown
guardians-of-the-galaxy-3,True,False,True,False,True,usa-only
his-and-hers-2026-01,False,False,True,True,True,unknown
hit-monkey-02,False,False,True,True,True,unknown
house-of-the-dragon-101,False,False,True,True,True,unknown
house-of-the-dragon-103,False,False,True,True,True,unknown
house-of-the-dragon-110,False,False,True,True,True,unknown
house-of-the-dragon-201,False,False,True,True,True,unknown
house-of-the-dragon-207,False,False,True,True,True,unknown
house-of-the-dragon-301,False,False,True,True,True,unknown
house-of-the-dragon-308,False,False,True,True,True,unknown
human-flow,False,False,True,False,True,unknown
interior-chinatown-01,False,False,True,True,True,unknown
into-the-badlands-203,False,False,True,True,True,unknown
into-the-badlands-308,False,False,True,True,True,unknown
invincible-101,False,False,True,True,True,unknown
invincible-201,False,False,True,True,True,unknown
invincible-301,False,False,True,True,True,unknown
invincible-401,False,False,True,True,True,unknown
japan-sinks,False,True,False,True,True,non-usa-only
killing-eve-201,False,False,True,True,True,unknown
killing-eve-208,False,False,True,True,True,unknown
kung-fu-101,False,False,True,True,True,unknown
kung-fu-113,False,False,True,False,True,unknown
laid-01,False,False,True,True,True,unknown
lazarus-101,False,False,False,True,True,unknown
lazarus-108,False,False,False,True,True,unknown
lazarus-111,False,False,False,True,True,unknown
legend-of-aang-the-last-airbender,False,False,True,False,True,unknown
lego-star-wars-holiday-special-2020,False,False,True,False,True,unknown
lego-star-wars-the-mandalorian-2026,False,False,True,False,True,unknown
loki-101,True,False,True,False,True,usa-only
loki-106,True,False,True,False,True,usa-only
loki-201,True,False,True,False,True,usa-only
loki-206,True,False,True,False,True,usa-only
maniac-01,False,False,True,True,True,unknown
masters-of-the-air-101,False,False,True,True,True,unknown
masters-of-the-air-108,False,False,True,True,True,unknown
matrix-resurrections,False,False,True,False,True,unknown
moana-2,True,False,True,False,True,usa-only
monarch-legacy-of-monsters-101,False,False,True,True,True,unknown
monarch-legacy-of-monsters-110,False,False,True,True,True,unknown
monarch-legacy-of-monsters-201,False,False,True,True,True,unknown
monarch-legacy-of-monsters-208,False,False,True,True,True,unknown
mr-and-mrs-smith-2024-01,False,False,True,True,True,unknown
mulan,False,False,True,False,True,unknown
murder-at-the-end-of-the-world-101,False,False,True,True,True,unknown
murder-at-the-end-of-the-world-107,False,False,True,True,True,unknown
night-agent-02,False,False,True,True,True,unknown
night-agent-03,False,False,True,True,True,unknown
no-more-bets,False,False,False,False,False,unknown
no-time-to-die,True,False,True,False,True,mixed
oa-02,False,False,True,True,True,unknown
old-man-107,False,False,True,False,True,unknown
old-man-201,False,False,True,False,True,unknown
one-piece-2023-02,False,False,True,True,True,unknown
pantheon-108,False,False,True,False,True,unknown
pitt-201,False,False,True,True,True,unknown
pitt-213,False,False,True,True,True,unknown
prisoners-of-the-ghostland,False,False,True,False,True,unknown
raya-and-the-last-dragon,True,False,True,False,True,usa-only
reacher-201,False,False,True,True,True,unknown
reacher-208,False,False,True,True,True,unknown
reacher-301,False,False,True,True,True,unknown
reacher-307,False,False,True,True,True,unknown
reacher-401,False,False,True,True,True,unknown
reservation-dogs-101,False,False,True,True,True,unknown
reservation-dogs-201,False,False,True,True,True,unknown
reservation-dogs-301,False,False,True,True,True,unknown
reservation-dogs-310,False,False,True,True,True,unknown
season-2026-01,False,False,False,True,True,unknown
shadow-and-bone-01,False,False,True,True,True,unknown
shang-chi-and-the-legend-of-the-ten-rings,True,False,True,False,True,usa-only
she-ra-04,False,False,True,True,True,unknown
shogun-2024-101,False,False,True,True,True,unknown
shogun-2024-110,False,False,True,True,True,unknown
silo-201,False,False,True,True,True,unknown
silo-301,False,False,True,True,True,unknown
snowpiercer-209,False,False,True,False,True,unknown
snowpiercer-401,False,False,True,False,True,unknown
spider-man-across-the-spider-verse,False,False,True,False,True,unknown
spider-man-no-way-home,True,False,True,False,True,unknown
spider-noir-01,False,False,True,False,True,unknown
station-eleven-110,False,False,True,True,True,unknown
succession-210,False,False,True,True,True,unknown
succession-301,False,False,True,True,True,unknown
sugar-107,False,False,True,True,True,unknown
sugar-201,False,False,True,True,True,unknown
summer-i-turned-pretty-311,False,False,True,True,True,unknown
tokyo-vice-01,False,False,True,True,True,unknown
tokyo-vice-201,False,False,True,True,True,unknown
tokyo-vice-209,False,False,True,True,True,unknown
toy-story-5,True,False,True,False,True,usa-only
trese-01,False,False,False,True,True,unknown
tron-ares,False,False,True,False,True,unknown
true-detective-301,False,False,True,True,True,unknown
true-detective-308,False,False,True,True,True,unknown
turning-red,True,False,True,False,True,usa-only
twisted-metal-01,False,False,True,True,True,unknown
umbrella-academy-01,False,False,True,True,True,unknown
umbrella-academy-02,False,False,True,True,True,unknown
vanguard,False,False,False,False,False,unknown
walking-dead-1008,False,False,True,True,True,unknown
walking-dead-1124,False,False,True,False,True,unknown
walking-dead-709,False,False,True,True,True,unknown
walking-dead-710,False,False,True,True,True,unknown
walking-dead-713,False,False,True,True,True,unknown
walking-dead-716,False,False,True,True,True,unknown
walking-dead-801,False,False,True,True,True,unknown
walking-dead-807,False,False,True,True,True,unknown
walking-dead-811,False,False,True,True,True,unknown
walking-dead-816,False,False,True,True,True,unknown
walking-dead-908,False,False,True,True,True,unknown
walking-dead-916,False,False,True,True,True,unknown
warrior-310,False,False,True,False,True,unknown
westworld-201,False,False,True,True,True,unknown
westworld-203,False,False,True,True,True,unknown
westworld-205,False,False,True,True,True,unknown
westworld-207,False,False,True,True,True,unknown
westworld-210,False,False,True,True,True,unknown
westworld-301,False,False,True,True,True,unknown
westworld-308,False,False,True,True,True,unknown
westworld-401,False,False,True,True,True,unknown
westworld-408,False,False,True,True,True,unknown
wicked-2024,False,False,True,False,True,unknown
wicked-for-good-2025,False,False,True,False,True,unknown
witcher-02,False,False,True,True,True,unknown
witcher-03.1,False,False,True,True,True,unknown
witcher-03.2,False,False,True,True,True,unknown
witcher-04,False,False,True,True,True,unknown
wu-assassins-01,False,False,True,True,True,unknown
yellowstone-210,False,False,True,False,True,unknown
yellowstone-505,False,False,True,False,True,unknown
you-04.2,False,False,True,False,True,unknown
