key,producer_group,eight_week_eligible,reasons,available_weeks,partial_weeks,unresolved_tags
3-body-problem-01,unknown,True,producer-country-unresolved|matching-language-missing,8,,blb|plan b entertainment|primitive streak|the three body universe
ahsoka-101,unknown,True,producer-country-unresolved,8,,golem creations|lucasfilm
ahsoka-108,unknown,True,producer-country-unresolved,8,,golem creations|lucasfilm
american-born-chinese-01,unknown,True,producer-country-unresolved|matching-language-missing,8,,20th television|family owned|mister john|the detective agency
and-just-like-that-201,unknown,True,producer-country-unresolved,8,,hbo entertainment|michael patrick king productions|pretty matches productions|rialto films
and-just-like-that-211,unknown,True,producer-country-unresolved,8,,hbo entertainment|michael patrick king productions|pretty matches productions|rialto films
arcane-02.1,mixed,True,,8,,
arcane-02.2,mixed,True,,8,,
arcane-02.3,mixed,True,,8,,
army-of-the-dead,usa-only,True,matching-genre-missing,8,,
avatar-the-last-airbender-2024-01,unknown,True,producer-country-unresolved,8,,albert kim pictures|binary solo|nickelodeon productions|pocketwatch productions|rideback
avatar-the-last-airbender-2024-02,unknown,True,producer-country-unresolved,8,,albert kim pictures|binary solo|nickelodeon productions|pocketwatch productions|rideback
ballard-01,unknown,True,producer-country-unresolved,8,,alaimo productions|amazon mgm studios|bitter root productions|fabel entertainment|hieronymus pictures
beacon-23-101,unknown,True,producer-country-unresolved,8,,boat rocker media|mgm studios|peephole productions season 2|platform one media season 2|spectrum originals season 2|studio 8 television season 2
beacon-23-108,unknown,True,producer-country-unresolved,8,,boat rocker media|mgm studios|peephole productions season 2|platform one media season 2|spectrum originals season 2|studio 8 television season 2
beef-02,unknown,True,producer-country-unresolved|matching-language-missing,8,,bugsy bell productions|buji productions|celadon pictures season 2|domo arigato productions season 1|universal remote season 1
blade-runner-black-lotus-101,unknown,True,producer-country-unresolved|matching-language-missing,8,,alcon television group|sola digital arts|williams street
blue-eye-samurai-01,unknown,True,producer-country-unresolved,8,,3 arts entertainment|blue spirit|j a green construction corp|netflix animation studios
bluff,unknown,True,producer-country-unresolved|matching-genre-missing,8,,agbo|big indie pictures|cinestar pictures|purple pebble pictures
book-of-boba-fett-107,unknown,True,producer-country-unresolved,8,,golem creations|lucasfilm
bridgerton-02,unknown,True,producer-country-unresolved|matching-genre-missing,8,,cvd productions|shondaland
bridgerton-04.1,unknown,True,producer-country-unresolved|matching-genre-missing,8,,cvd productions|shondaland
bridgerton-04.2,unknown,True,producer-country-unresolved|matching-genre-missing,8,,cvd productions|shondaland
brothers-01,unknown,False,producer-country-unresolved|incomplete-eight-week-window|matching-genre-missing,2,2,
brothers-sun-01,unknown,True,producer-country-unresolved|matching-language-missing,8,,brad falchuk teley vision
chief-of-war-101,unknown,True,producer-country-unresolved|matching-language-missing,8,,about blank|chernin entertainment|fifth season|hard j productions|on the roam
chief-of-war-107,unknown,True,producer-country-unresolved|matching-language-missing,8,,about blank|chernin entertainment|fifth season|hard j productions|on the roam
chilling-adventures-of-sabrina-01,unknown,False,producer-country-unresolved|incomplete-eight-week-window,1,,archie comics|berlanti productions|muckle man productions season 2|warner bros television
citadel-101,unknown,True,producer-country-unresolved,8,,amazon mgm studios|gozie agbo|midnight radio|picrow|pkm
citadel-106,unknown,True,producer-country-unresolved,8,,amazon mgm studios|gozie agbo|midnight radio|picrow|pkm
coyote-vs-acme,unknown,False,producer-country-unresolved|incomplete-eight-week-window|matching-genre-missing,5,5,
crew-girl-01,unknown,False,producer-country-unresolved|incomplete-eight-week-window|matching-genre-missing,2,,
dang-01,unknown,False,producer-country-unresolved|incomplete-eight-week-window,3,,3 arts entertainment|alan yang pictures|fremulon|titmouse|universal television
devs-108,unknown,True,producer-country-unresolved,8,,dna tv|fxp|scott rudin productions
dune-2021,usa-only,True,matching-genre-missing,8,,
eternals,usa-only,True,,8,,
everything-everywhere-all-at-once,unknown,True,producer-country-unresolved|matching-language-missing|matching-genre-missing,8,,gozie agbo|iac films|ley line entertainment|year of the rat
expanse-04,unknown,True,producer-country-unresolved,8,,alcon entertainment|alcon television group|amazon studios|amazon studios s 46|hivemind|hivemind s 46|just so|just so s 46|penguin in a parka|seandanielco|seandanielco s 13
expanse-201,unknown,False,producer-country-unresolved|incomplete-eight-week-window,3,3,alcon entertainment|alcon television group|amazon studios|amazon studios s 46|hivemind|hivemind s 46|just so|just so s 46|penguin in a parka|seandanielco|seandanielco s 13
expanse-203,unknown,False,producer-country-unresolved|incomplete-eight-week-window,3,3,alcon entertainment|alcon television group|amazon studios|amazon studios s 46|hivemind|hivemind s 46|just so|just so s 46|penguin in a parka|seandanielco|seandanielco s 13
expanse-204,unknown,False,producer-country-unresolved|incomplete-eight-week-window,1,1,alcon entertainment|alcon television group|amazon studios|amazon studios s 46|hivemind|hivemind s 46|just so|just so s 46|penguin in a parka|seandanielco|seandanielco s 13
expanse-210,unknown,False,producer-country-unresolved|incomplete-eight-week-window,4,4,alcon entertainment|alcon television group|amazon studios|amazon studios s 46|hivemind|hivemind s 46|just so|just so s 46|penguin in a parka|seandanielco|seandanielco s 13
expanse-213,unknown,False,producer-country-unresolved|incomplete-eight-week-window,4,4,alcon entertainment|alcon television group|amazon studios|amazon studios s 46|hivemind|hivemind s 46|just so|just so s 46|penguin in a parka|seandanielco|seandanielco s 13
expanse-301,unknown,False,producer-country-unresolved|incomplete-eight-week-window,2,,alcon entertainment|alcon television group|amazon studios|amazon studios s 46|hivemind|hivemind s 46|just so|just so s 46|penguin in a parka|seandanielco|seandanielco s 13
expanse-313,unknown,False,producer-country-unresolved|incomplete-eight-week-window,1,1,alcon entertainment|alcon television group|amazon studios|amazon studios s 46|hivemind|hivemind s 46|just so|just so s 46|penguin in a parka|seandanielco|seandanielco s 13
expanse-501,unknown,True,producer-country-unresolved,8,,alcon entertainment|alcon television group|amazon studios|amazon studios s 46|hivemind|hivemind s 46|just so|just so s 46|penguin in a parka|seandanielco|seandanielco s 13
expanse-510,unknown,True,producer-country-unresolved,8,,alcon entertainment|alcon television group|amazon studios|amazon studios s 46|hivemind|hivemind s 46|just so|just so s 46|penguin in a parka|seandanielco|seandanielco s 13
expanse-601,unknown,True,producer-country-unresolved,8,,alcon television group|amazon studios s 46|hivemind s 46|just so s 46|penguin in a parka|seandanielco s 13
expanse-606,unknown,True,producer-country-unresolved,8,,alcon television group|amazon studios s 46|hivemind s 46|just so s 46|penguin in a parka|seandanielco s 13
fargo-501,unknown,True,producer-country-unresolved,8,,26 keys productions|fxp|mgm television|mike zoss productions 20142017|nomadic pictures 2015|the littlefield company
fargo-510,unknown,True,producer-country-unresolved,8,,26 keys productions|fxp|mgm television|mike zoss productions 20142017|nomadic pictures 2015|the littlefield company
fistful-of-vengeance,non-usa-only,True,,8,,
for-all-mankind-201,unknown,True,producer-country-unresolved,8,,delicatessen media|sony pictures television|tall ship productions
for-all-mankind-210,unknown,True,producer-country-unresolved,8,,delicatessen media|sony pictures television|tall ship productions
for-all-mankind-301,unknown,True,producer-country-unresolved,8,,delicatessen media|sony pictures television|tall ship productions
for-all-mankind-401,unknown,True,producer-country-unresolved,8,,delicatessen media|sony pictures television|tall ship productions
for-all-mankind-410,unknown,True,producer-country-unresolved,8,,delicatessen media|sony pictures television|tall ship productions
for-all-mankind-501,unknown,True,producer-country-unresolved,8,,delicatessen media|sony pictures television|tall ship productions
furious-2025,unknown,True,producer-country-unresolved|matching-genre-missing,8,,edko films|xyz films|zhejiang hengdian film
gen-v-101,unknown,True,producer-country-unresolved,8,,amazon mgm studios|fazekas penny arcade|kfl nightsky productions|kickstart entertainment|kripke enterprises|original film|point grey pictures|sony pictures television
gen-v-108,unknown,True,producer-country-unresolved,8,,amazon mgm studios|fazekas penny arcade|kfl nightsky productions|kickstart entertainment|kripke enterprises|original film|point grey pictures|sony pictures television
gen-v-201,unknown,True,producer-country-unresolved,8,,amazon mgm studios|fazekas penny arcade|kfl nightsky productions|kickstart entertainment|kripke enterprises|original film|point grey pictures|sony pictures television
gen-v-206,unknown,True,producer-country-unresolved,8,,amazon mgm studios|fazekas penny arcade|kfl nightsky productions|kickstart entertainment|kripke enterprises|original film|point grey pictures|sony pictures television
glass-onion,usa-only,True,matching-genre-missing,8,,
goat-2026,unknown,True,producer-country-unresolved|matching-genre-missing,8,,columbia pictures|modern magic|sony pictures animation|unanimous media
godzilla-x-kong-the-new-empire,usa-only,True,matching-genre-missing,8,,
gray-man,unknown,True,producer-country-unresolved|matching-genre-missing,8,,agbo|roth kirschenbaum films
guardians-of-the-galaxy-3,usa-only,True,matching-genre-missing,8,,
his-and-hers-2026-01,unknown,True,producer-country-unresolved,8,,campout productions|fifth season|freckle films|headhunter films inc|small wishes|viva maude
hit-monkey-02,unknown,True,producer-country-unresolved,8,,20th television animation season 2|floyd county productions|marvel television season 1|speck gordon inc
house-of-the-dragon-101,unknown,True,producer-country-unresolved,8,,1 26 pictures inc|bastard sword|grrm|hbo entertainment
house-of-the-dragon-103,unknown,True,producer-country-unresolved,8,,1 26 pictures inc|bastard sword|grrm|hbo entertainment
house-of-the-dragon-110,unknown,True,producer-country-unresolved,8,,1 26 pictures inc|bastard sword|grrm|hbo entertainment
house-of-the-dragon-201,unknown,True,producer-country-unresolved,8,,1 26 pictures inc|bastard sword|grrm|hbo entertainment
house-of-the-dragon-207,unknown,True,producer-country-unresolved,8,,1 26 pictures inc|bastard sword|grrm|hbo entertainment
house-of-the-dragon-301,unknown,True,producer-country-unresolved,8,,1 26 pictures inc|bastard sword|grrm|hbo entertainment
house-of-the-dragon-308,unknown,False,producer-country-unresolved|incomplete-eight-week-window,5,5,1 26 pictures inc|bastard sword|grrm|hbo entertainment
human-flow,unknown,False,producer-country-unresolved|incomplete-eight-week-window|matching-language-missing|matching-genre-missing,2,,ac films|participant media
interior-chinatown-01,unknown,True,producer-country-unresolved,8,,20th television|msd imaginary machines|participant|rideback|waititi
into-the-badlands-203,unknown,False,producer-country-unresolved|incomplete-eight-week-window,3,,amc studios|double feature films|film magic pictures|millar gough ink|millar/gough ink
into-the-badlands-308,unknown,False,producer-country-unresolved|incomplete-eight-week-window,2,2,amc studios|double feature films|film magic pictures|millar gough ink|millar/gough ink
invincible-101,unknown,True,producer-country-unresolved,8,,amazon mgm studios|amazon studios|image comics|point grey pictures|skybound animation|skybound entertainment|skybound north|wind sun sky entertainment
invincible-201,unknown,True,producer-country-unresolved,8,,amazon mgm studios|point grey pictures|skybound animation|skybound north|wind sun sky entertainment
invincible-301,unknown,True,producer-country-unresolved,8,,amazon mgm studios|point grey pictures|skybound animation|skybound north|wind sun sky entertainment
invincible-401,unknown,True,producer-country-unresolved,8,,amazon mgm studios|point grey pictures|skybound animation|skybound north|wind sun sky entertainment
japan-sinks,non-usa-only,True,matching-language-missing,8,,
killing-eve-201,unknown,False,producer-country-unresolved|incomplete-eight-week-window,5,,bbc america original production|endeavor content|sid gentle films|sid gentle films ltd
killing-eve-208,unknown,False,producer-country-unresolved|incomplete-eight-week-window,0,,bbc america original production|endeavor content|sid gentle films|sid gentle films ltd
kung-fu-101,unknown,True,producer-country-unresolved,8,,berlanti productions|kinga productions season 3|quinn s house seasons 12|quinn's house|warner bros television
kung-fu-113,unknown,True,producer-country-unresolved,8,,berlanti productions|kinga productions season 3|quinn s house seasons 12|warner bros television
laid-01,unknown,True,producer-country-unresolved,8,,all3media international|davis entertainment|fierce baby productions|porchlight films|that s bananas|universal television
lazarus-101,unknown,True,producer-country-unresolved,8,,sola entertainment|williams street
lazarus-108,unknown,True,producer-country-unresolved,8,,sola entertainment|williams street
lazarus-111,unknown,True,producer-country-unresolved,8,,sola entertainment|williams street
legend-of-aang-the-last-airbender,unknown,False,producer-country-unresolved|incomplete-eight-week-window|matching-genre-missing,1,1,avatar studios|nickelodeon movies|paramount pictures
lego-star-wars-holiday-special-2020,unknown,False,producer-country-unresolved|incomplete-eight-week-window,6,,atomic cartoons|lucasfilm animation|the lego group
lego-star-wars-the-mandalorian-2026,unknown,False,producer-country-unresolved|incomplete-eight-week-window|matching-genre-missing,5,5,
loki-101,usa-only,True,,8,,
loki-106,usa-only,True,,8,,
loki-201,usa-only,True,,8,,
loki-206,usa-only,True,,8,,
maniac-01,unknown,True,producer-country-unresolved,8,,anonymous content|paramount television|parliament of owls|rubicon tv
masters-of-the-air-101,unknown,True,producer-country-unresolved,8,,amblin television|apple studios|playtone
masters-of-the-air-108,unknown,True,producer-country-unresolved,8,,amblin television|apple studios|playtone
matrix-resurrections,unknown,True,producer-country-unresolved|matching-genre-missing,8,,venus castina productions|village roadshow pictures|warner bros pictures
moana-2,usa-only,True,matching-genre-missing,8,,
monarch-legacy-of-monsters-101,unknown,True,producer-country-unresolved,8,,chris black broadcasting system|legendary television|milkfed criminal masterminds|safehouse pictures|toho
monarch-legacy-of-monsters-110,unknown,True,producer-country-unresolved,8,,chris black broadcasting system|legendary television|milkfed criminal masterminds|safehouse pictures|toho
monarch-legacy-of-monsters-201,unknown,True,producer-country-unresolved,8,,chris black broadcasting system|legendary television|milkfed criminal masterminds|safehouse pictures|toho
monarch-legacy-of-monsters-208,unknown,True,producer-country-unresolved,8,,chris black broadcasting system|legendary television|milkfed criminal masterminds|safehouse pictures|toho
mr-and-mrs-smith-2024-01,unknown,True,producer-country-unresolved,8,,20th television|amazon mgm studios|big indie pictures|gilga|new regency|super frog
mulan,unknown,True,producer-country-unresolved|matching-language-missing|matching-genre-missing,8,,good fear content|jason t reed productions|walt disney pictures
murder-at-the-end-of-the-world-101,unknown,True,producer-country-unresolved,8,,fxp|mysterium valley
murder-at-the-end-of-the-world-107,unknown,True,producer-country-unresolved,8,,fxp|mysterium valley
night-agent-02,unknown,True,producer-country-unresolved,8,,exhibit a|middkid productions|project x entertainment|sony pictures television
night-agent-03,unknown,False,producer-country-unresolved|incomplete-eight-week-window,7,,exhibit a|middkid productions|project x entertainment|sony pictures television
no-more-bets,unknown,True,producer-country-unresolved|matching-genre-missing,8,,bad monkey shanghai culture communication ltd|beijing shanglion culture communication co|dirty monkeys|shanghai ticketmaster film tv culture co ltd
no-time-to-die,mixed,True,matching-genre-missing,8,,
oa-02,unknown,False,producer-country-unresolved|incomplete-eight-week-window,0,,anonymous content|netflix|plan b entertainment
old-man-107,unknown,True,producer-country-unresolved|matching-language-missing,8,,20th television|quaker moving pictures|the littlefield company
old-man-201,unknown,False,producer-country-unresolved|incomplete-eight-week-window|matching-language-missing,7,,20th television|quaker moving pictures|the littlefield company
one-piece-2023-02,unknown,True,producer-country-unresolved,8,,boy detective inc|kaji productions|tomorrow studios
pantheon-108,unknown,True,producer-country-unresolved,8,,amc studios|sesfonstein productions|titmouse inc
pitt-201,unknown,True,producer-country-unresolved,8,,john wells productions|r scott gemmill productions|warner bros television
pitt-213,unknown,True,producer-country-unresolved,8,,john wells productions|r scott gemmill productions|warner bros television
prisoners-of-the-ghostland,unknown,True,producer-country-unresolved|matching-language-missing|matching-genre-missing,8,,boss boss bang bang|eleven arts|patriot pictures|saturn films|union patriot capital management|untitled entertainment|xyz films
raya-and-the-last-dragon,usa-only,True,matching-genre-missing,8,,
reacher-201,unknown,True,producer-country-unresolved,8,,amazon mgm studios|blackjack films|paramount television studios|skydance television seasons 13
reacher-208,unknown,True,producer-country-unresolved,8,,amazon mgm studios|blackjack films|paramount television studios|skydance television seasons 13
reacher-301,unknown,True,producer-country-unresolved,8,,amazon mgm studios|blackjack films|paramount television studios|skydance television seasons 13
reacher-307,unknown,True,producer-country-unresolved,8,,amazon mgm studios|blackjack films|paramount television studios|skydance television seasons 13
reacher-401,unknown,False,producer-country-unresolved|incomplete-eight-week-window,5,,amazon mgm studios|blackjack films|paramount television studios|skydance television seasons 13
reservation-dogs-101,unknown,True,producer-country-unresolved,8,,crazy eagle media|dive|fxp|waititi
reservation-dogs-201,unknown,True,producer-country-unresolved,8,,crazy eagle media|dive|fxp|waititi
reservation-dogs-301,unknown,True,producer-country-unresolved,8,,crazy eagle media|dive|fxp|waititi
reservation-dogs-310,unknown,True,producer-country-unresolved,8,,crazy eagle media|dive|fxp|waititi
season-2026-01,unknown,True,producer-country-unresolved,8,,pccw|sk global
shadow-and-bone-01,unknown,True,producer-country-unresolved,8,,21 laps entertainment|chronology|loom studios
shang-chi-and-the-legend-of-the-ten-rings,usa-only,True,matching-genre-missing,8,,
she-ra-04,unknown,False,producer-country-unresolved|incomplete-eight-week-window,0,,dreamworks animation television|mattel creations|mattel television|ne4u
shogun-2024-101,unknown,True,producer-country-unresolved|matching-language-missing,8,,fxp|gate 34|michael de luca productions
shogun-2024-110,unknown,True,producer-country-unresolved|matching-language-missing,8,,fxp|gate 34|michael de luca productions
silo-201,unknown,True,producer-country-unresolved,8,,amc studios|apple studios season 2|mimir films|nemo films
silo-301,unknown,True,producer-country-unresolved,8,,amc studios|apple studios season 2|mimir films|nemo films
snowpiercer-209,unknown,True,producer-country-unresolved,8,,cj entertainment|dog fish films|itv studios|lone lemon productions|studio t|tomorrow studios
snowpiercer-401,unknown,True,producer-country-unresolved,8,,cj entertainment|dog fish films|itv studios|lone lemon productions|studio t|tomorrow studios
spider-man-across-the-spider-verse,unknown,True,producer-country-unresolved|matching-genre-missing,8,,arad productions|columbia pictures|lord miller productions|marvel entertainment|pascal pictures|sony pictures animation
spider-man-no-way-home,unknown,True,producer-country-unresolved|matching-genre-missing,8,,columbia pictures|pascal pictures
spider-noir-01,unknown,True,producer-country-unresolved,8,,amazon mgm studios|bohemian risk productions|lord miller productions|oren|pascal pictures|sony pictures television
station-eleven-110,unknown,False,producer-country-unresolved|incomplete-eight-week-window,1,1,pacesetter productions|paramount television studios|shadowfox productions|stone village television|super frog|tractor beam
succession-210,unknown,False,producer-country-unresolved|incomplete-eight-week-window,5,,gary sanchez productions|hbo entertainment|hot seat productions season 4|hyperobject industries|hyperobject industries season 24|project zeus
succession-301,unknown,True,producer-country-unresolved,8,,gary sanchez productions|hbo entertainment|hot seat productions season 4|hyperobject industries|hyperobject industries season 24|project zeus
sugar-107,unknown,True,producer-country-unresolved,8,,apple studios|chapel place productions|kinberg genre|protokino|short drive entertainment
sugar-201,unknown,True,producer-country-unresolved,8,,apple studios|chapel place productions|kinberg genre|protokino|short drive entertainment
summer-i-turned-pretty-311,unknown,True,producer-country-unresolved,8,,amazon mgm studios|big red bus|jenny kissed me|neon stories|sunswept entertainment|wiip
tokyo-vice-01,unknown,True,producer-country-unresolved|matching-language-missing,8,,boku films|fifth season|forward pass|gerson saines productions|grisbi|sro productions|wowow
tokyo-vice-201,unknown,True,producer-country-unresolved|matching-language-missing,8,,boku films|fifth season|forward pass|gerson saines productions|grisbi|sro productions|wowow
tokyo-vice-209,unknown,True,producer-country-unresolved|matching-language-missing,8,,boku films|fifth season|forward pass|gerson saines productions|grisbi|sro productions|wowow
toy-story-5,usa-only,False,incomplete-eight-week-window|matching-genre-missing,3,,
trese-01,unknown,True,producer-country-unresolved|matching-language-missing,8,,base entertainment|lex otis animation
tron-ares,unknown,True,producer-country-unresolved|matching-genre-missing,8,,sean bailey productions|walt disney pictures
true-detective-301,unknown,False,producer-country-unresolved|incomplete-eight-week-window,4,,anonymous content|hbo entertainment|lee caplin picture entertainment|lee caplin picture entertainment s 13|neon black|parliament of owls|passenger|peligrosa s 4
true-detective-308,unknown,False,producer-country-unresolved|incomplete-eight-week-window,0,,anonymous content|hbo entertainment|lee caplin picture entertainment|lee caplin picture entertainment s 13|neon black|parliament of owls|passenger|peligrosa s 4
turning-red,usa-only,True,matching-genre-missing,8,,
twisted-metal-01,unknown,True,producer-country-unresolved,8,,artists first|electric avenue|inspire entertainment|make it with gravy|playstation productions|reese wernick productions|sony pictures television|universal television|wicked deed
umbrella-academy-01,unknown,False,producer-country-unresolved|incomplete-eight-week-window,0,,borderline entertainment|dark horse entertainment|irish cowboy|universal cable productions|universal content productions
umbrella-academy-02,unknown,True,producer-country-unresolved,8,,borderline entertainment|dark horse entertainment|irish cowboy|universal cable productions|universal content productions
vanguard,unknown,True,producer-country-unresolved|matching-language-missing|matching-genre-missing,8,,china film international media co|epitome capital|shanghai lix entertainment|shenzhen media film television|tencent pictures
walking-dead-1008,unknown,False,producer-country-unresolved|incomplete-eight-week-window,0,,amc|amc studios|circle of confusion|idiot box productions|skybound entertainment|valhalla entertainment
walking-dead-1124,unknown,True,producer-country-unresolved,8,,amc studios|circle of confusion|idiot box productions|skybound entertainment|valhalla entertainment
walking-dead-709,unknown,False,producer-country-unresolved|incomplete-eight-week-window,5,5,amc|amc studios|circle of confusion|idiot box productions|skybound entertainment|valhalla entertainment
walking-dead-710,unknown,False,producer-country-unresolved|incomplete-eight-week-window,3,3,amc|amc studios|circle of confusion|idiot box productions|skybound entertainment|valhalla entertainment
walking-dead-713,unknown,False,producer-country-unresolved|incomplete-eight-week-window,3,3,amc|amc studios|circle of confusion|idiot box productions|skybound entertainment|valhalla entertainment
walking-dead-716,unknown,False,producer-country-unresolved|incomplete-eight-week-window,4,4,amc|amc studios|circle of confusion|idiot box productions|skybound entertainment|valhalla entertainment
walking-dead-801,unknown,False,producer-country-unresolved|incomplete-eight-week-window,3,3,amc|amc studios|circle of confusion|idiot box productions|skybound entertainment|valhalla entertainment
walking-dead-807,unknown,False,producer-country-unresolved|incomplete-eight-week-window,0,,amc|amc studios|circle of confusion|idiot box productions|skybound entertainment|valhalla entertainment
walking-dead-811,unknown,False,producer-country-unresolved|incomplete-eight-week-window,3,,amc|amc studios|circle of confusion|idiot box productions|skybound entertainment|valhalla entertainment
walking-dead-816,unknown,False,producer-country-unresolved|incomplete-eight-week-window,3,3,amc|amc studios|circle of confusion|idiot box productions|skybound entertainment|valhalla entertainment
walking-dead-908,unknown,False,producer-country-unresolved|incomplete-eight-week-window,5,,amc|amc studios|circle of confusion|idiot box productions|skybound entertainment|valhalla entertainment
walking-dead-916,unknown,False,producer-country-unresolved|incomplete-eight-week-window,0,,amc|amc studios|circle of confusion|idiot box productions|skybound entertainment|valhalla entertainment
warrior-310,unknown,True,producer-country-unresolved|matching-language-missing,8,,bruce lee entertainment|perfect storm entertainment|tropper ink productions
westworld-201,unknown,False,producer-country-unresolved|incomplete-eight-week-window,2,,bad robot|bad robot productions|hbo entertainment|jerry weintraub productions pilot only|kilter films|warner bros television
westworld-203,unknown,False,producer-country-unresolved|incomplete-eight-week-window,3,3,bad robot|bad robot productions|hbo entertainment|jerry weintraub productions pilot only|kilter films|warner bros television
westworld-205,unknown,False,producer-country-unresolved|incomplete-eight-week-window,3,3,bad robot|bad robot productions|hbo entertainment|jerry weintraub productions pilot only|kilter films|warner bros television
westworld-207,unknown,False,producer-country-unresolved|incomplete-eight-week-window,2,,bad robot|bad robot productions|hbo entertainment|jerry weintraub productions pilot only|kilter films|warner bros television
westworld-210,unknown,False,producer-country-unresolved|incomplete-eight-week-window,6,6,bad robot|bad robot productions|hbo entertainment|jerry weintraub productions pilot only|kilter films|warner bros television
westworld-301,unknown,True,producer-country-unresolved,8,,bad robot|bad robot productions|hbo entertainment|jerry weintraub productions pilot only|kilter films|warner bros television
westworld-308,unknown,True,producer-country-unresolved,8,,bad robot|bad robot productions|hbo entertainment|jerry weintraub productions pilot only|kilter films|warner bros television
westworld-401,unknown,True,producer-country-unresolved,8,,bad robot|hbo entertainment|jerry weintraub productions pilot only|kilter films|warner bros television
westworld-408,unknown,True,producer-country-unresolved,8,,bad robot|hbo entertainment|jerry weintraub productions pilot only|kilter films|warner bros television
wicked-2024,unknown,True,producer-country-unresolved|matching-genre-missing,8,,marc platt productions|universal pictures
wicked-for-good-2025,unknown,True,producer-country-unresolved|matching-genre-missing,8,,marc platt productions|universal pictures
witcher-02,unknown,True,producer-country-unresolved,8,,hivemind|little schmidt productions|platige image
witcher-03.1,unknown,True,producer-country-unresolved,8,,hivemind|little schmidt productions|platige image
witcher-03.2,unknown,True,producer-country-unresolved,8,,hivemind|little schmidt productions|platige image
witcher-04,unknown,True,producer-country-unresolved,8,,hivemind|little schmidt productions|platige image
wu-assassins-01,unknown,False,producer-country-unresolved|incomplete-eight-week-window|matching-language-missing,0,,flame ventures|nomadic pictures|nomadic pictures entertainment|wirthwhile tv
yellowstone-210,unknown,False,producer-country-unresolved|incomplete-eight-week-window,1,1,101 studios|101 studios seasons 25|bosque ranch productions|linson entertainment|mtv entertainment studios seasons 45|treehouse films
yellowstone-505,unknown,False,producer-country-unresolved|incomplete-eight-week-window,1,1,101 studios seasons 25|bosque ranch productions|linson entertainment|mtv entertainment studios seasons 45|treehouse films
you-04.2,unknown,True,producer-country-unresolved,8,,a e studios|alloy entertainment|berlanti productions|man sewing dinosaur|warner bros television seasons 35|warner horizon television seasons 12
