collection_key,change,reason,before_counts,after_counts,added_actors,added_creator_roles
brothers-01,added,new-representation-review-and-current-corpus,,"{""actors"": 2, ""creators"": 0, ""unique_creators"": 0, ""unique_people"": 2}","[""people/Q102141285.json"", ""people/Q20090990.json""]",[]
coyote-vs-acme,added,new-representation-review-and-current-corpus,,"{""actors"": 3, ""creators"": 0, ""unique_creators"": 0, ""unique_people"": 3}","[""people/Q24250404.json"", ""people/Q3558573.json"", ""people/Q5386105.json""]",[]
dang-01,added,principal-credit-review-repair,,"{""actors"": 2, ""creators"": 0, ""unique_creators"": 0, ""unique_people"": 2}","[""people/Q100724379.json"", ""people/Q63381497.json""]",[]
laid-01,added,principal-credit-review-repair,"{""actors"": 1, ""creators"": 0, ""unique_creators"": 0, ""unique_people"": 1}","{""actors"": 1, ""creators"": 2, ""unique_creators"": 1, ""unique_people"": 2}",[],"[""people/Q6959303.json#developer"", ""people/Q6959303.json#writer""]"
lego-star-wars-the-mandalorian-2026,added,new-representation-review-and-current-corpus,,"{""actors"": 5, ""creators"": 0, ""unique_creators"": 0, ""unique_people"": 5}","[""people/Q2388576.json"", ""people/Q254205.json"", ""people/Q529851.json"", ""people/Q5386105.json"", ""people/Q7153868.json""]",[]
reservation-dogs-101,added,sourced-person-identity-evidence-repair,"{""actors"": 1, ""creators"": 0, ""unique_creators"": 0, ""unique_people"": 1}","{""actors"": 1, ""creators"": 1, ""unique_creators"": 1, ""unique_people"": 2}",[],"[""people/Q2388576.json#creator""]"
reservation-dogs-201,added,sourced-person-identity-evidence-repair,"{""actors"": 1, ""creators"": 0, ""unique_creators"": 0, ""unique_people"": 1}","{""actors"": 1, ""creators"": 1, ""unique_creators"": 1, ""unique_people"": 2}",[],"[""people/Q2388576.json#creator""]"
reservation-dogs-301,added,sourced-person-identity-evidence-repair,"{""actors"": 1, ""creators"": 0, ""unique_creators"": 0, ""unique_people"": 1}","{""actors"": 1, ""creators"": 1, ""unique_creators"": 1, ""unique_people"": 2}",[],"[""people/Q2388576.json#creator""]"
reservation-dogs-310,added,sourced-person-identity-evidence-repair,"{""actors"": 1, ""creators"": 0, ""unique_creators"": 0, ""unique_people"": 1}","{""actors"": 1, ""creators"": 1, ""unique_creators"": 1, ""unique_people"": 2}",[],"[""people/Q2388576.json#creator""]"
