CHN_downloaders,CHN_percentage,EGY_downloaders,EGY_percentage,JPN_downloaders,JPN_percentage,KOR_downloaders,KOR_percentage,NGA_downloaders,NGA_percentage,ZAF_downloaders,ZAF_percentage,africa_60_downloaders,africa_60_percentage,asia_28_downloaders,asia_28_percentage,cohort_year,collection_key,cumulative_world_downloaders,week_15_USA_downloaders,week_15_USA_percentage,week_15_available,week_15_world_downloaders,week_1_USA_downloaders,week_1_USA_percentage,week_1_available,week_1_world_downloaders,week_5_USA_downloaders,week_5_USA_percentage,week_5_available,week_5_world_downloaders
7275,4.292694,167,0.098540,651,0.384130,2506,1.478693,130,0.076708,2130,1.256830,4218,2.488877,19437,11.469016,2017,expanse-201,169474,,,False,,12351,14.855486,True,83141,,,False,
6385,3.016345,396,0.187075,839,0.396353,2489,1.175831,251,0.118575,4199,1.983655,8167,3.858182,22851,10.795068,2017,expanse-203,211680,,,False,,22921,16.378226,True,139948,,,False,
3034,2.370887,190,0.148473,447,0.349303,1138,0.889278,168,0.131282,2567,2.005955,4555,3.559456,11921,9.315537,2017,expanse-204,127969,,,False,,21590,16.871274,True,127969,,,False,
8685,3.253906,490,0.183582,1199,0.449215,4377,1.639879,379,0.141995,4831,1.809973,9186,3.441610,30934,11.589674,2017,expanse-210,266910,,,False,,27140,16.230116,True,167220,,,False,
8949,3.476312,496,0.192675,1382,0.536849,5310,2.062713,343,0.133241,4253,1.652112,8662,3.364824,33123,12.866899,2017,expanse-213,257428,,,False,,24447,15.245359,True,160357,,,False,
4757,1.923505,1194,0.482797,871,0.352191,1468,0.593589,2698,1.090943,7332,2.964712,41458,16.763644,33455,13.527611,2017,into-the-badlands-203,247309,,,False,,25083,16.712418,True,150086,,,False,
46287,3.234991,7057,0.493213,4572,0.319536,32229,2.252480,1930,0.134887,17268,1.206858,57379,4.010210,245037,17.125598,2017,walking-dead-709,1430823,,,False,,102367,12.820266,True,798478,5717,13.551247,True,42188
30826,2.660554,5854,0.505251,3527,0.304411,28880,2.492597,1717,0.148192,14851,1.281771,47091,4.064366,201170,17.362732,2017,walking-dead-710,1158631,,,False,,97968,12.862685,True,761645,,,False,
20204,2.074622,4892,0.502329,3162,0.324686,19721,2.025026,1753,0.180005,15466,1.588107,43439,4.460479,162527,16.688881,2017,walking-dead-713,973864,,,False,,92199,13.014204,True,708449,,,False,
16982,1.486685,5751,0.503470,3969,0.347465,24596,2.153251,1983,0.173601,17158,1.502093,49644,4.346071,183342,16.050629,2017,walking-dead-716,1142273,,,False,,85424,11.487680,True,743614,,,False,
94438,3.365334,10651,0.379552,11975,0.426734,44766,1.595253,3587,0.127824,29935,1.066745,127407,4.540197,451585,16.092403,2017,walking-dead-801,2806200,,,False,,249520,12.165553,True,2051037,,,False,
211494,5.159625,16330,0.398388,103109,2.515456,115556,2.819114,4835,0.117955,41576,1.014291,165719,4.042894,795828,19.415084,2017,walking-dead-807,4099019,,,False,,,,False,,,,False,
52459,6.291549,2709,0.324898,3374,0.404653,6898,0.827296,2153,0.258215,31727,3.805105,56355,6.758807,267372,32.066644,2018,chilling-adventures-of-sabrina-01,833801,,,False,,81527,9.777753,True,833801,,,False,
8528,2.095836,558,0.137134,1886,0.463502,3117,0.766032,541,0.132956,6642,1.632334,15295,3.758890,39540,9.717328,2018,expanse-301,406902,,,False,,47183,15.497376,True,304458,,,False,
4508,2.174091,265,0.127803,1276,0.615382,1789,0.862788,304,0.146611,3679,1.774286,8233,3.970562,18131,8.744110,2018,expanse-313,207351,,,False,,39512,19.055611,True,207351,,,False,
2964,7.423548,200,0.500914,594,1.487715,3444,8.625742,38,0.095174,776,1.943547,3445,8.628247,14942,37.423298,2018,human-flow,39927,,,False,,3067,13.439965,True,22820,,,False,
13468,4.194410,992,0.308944,2564,0.798520,2377,0.740282,2616,0.814715,8731,2.719141,53324,16.606975,49014,15.264689,2018,into-the-badlands-308,321094,,,False,,53319,16.839848,True,316624,,,False,
938810,7.912353,56906,0.479608,554628,4.674442,334541,2.819534,11384,0.095945,131985,1.112378,441457,3.720629,2672053,22.520241,2018,maniac-01,11865117,807098,39.846440,True,2025521,271299,24.060395,True,1127575,988786,38.823865,True,2546851
35716,2.147393,7133,0.428865,5400,0.324670,22919,1.377985,2682,0.161253,23850,1.433960,103382,6.215752,264063,15.876556,2018,walking-dead-811,1663226,,,False,,111293,10.974288,True,1014125,,,False,
31706,1.800112,6546,0.371650,5235,0.297218,22566,1.281187,2572,0.146026,21999,1.248996,91519,5.196002,250209,14.205645,2018,walking-dead-816,1761335,,,False,,161500,12.394541,True,1302993,,,False,
113048,3.954914,9159,0.320422,58602,2.050154,45577,1.594483,3652,0.127763,38265,1.338677,110149,3.853494,478011,16.722916,2018,walking-dead-908,2858419,,,False,,497182,25.729037,True,1932377,35579,15.918446,True,223508
180876,7.856150,13483,0.585619,7672,0.333225,21029,0.913372,3130,0.135948,30192,1.311356,88540,3.845638,465512,20.219002,2018,westworld-201,2302349,,,False,,189889,11.233118,True,1690439,,,False,
166204,8.555702,12229,0.629514,6716,0.345720,20942,1.078034,2800,0.144136,25735,1.324763,77582,3.993697,405172,20.857084,2018,westworld-203,1942611,,,False,,157700,10.845838,True,1454014,,,False,
143907,7.971949,8911,0.493639,6468,0.358305,17546,0.971988,2577,0.142757,24371,1.350069,67771,3.754279,361453,20.023244,2018,westworld-205,1805167,,,False,,139649,10.339859,True,1350589,,,False,
91621,4.824088,10005,0.526790,19396,1.021251,28176,1.483541,2527,0.133053,24018,1.264611,79227,4.171511,335515,17.665751,2018,westworld-207,1899240,,,False,,128014,10.581060,True,1209841,,,False,
234936,7.019106,24698,0.737894,19417,0.580115,37519,1.120943,5404,0.161454,38734,1.157243,155656,4.650483,691025,20.645527,2018,westworld-210,3347093,,,False,,164349,10.561902,True,1556055,86011,16.131912,True,533173
994468,7.823496,35230,0.277155,473777,3.727212,389392,3.063353,12032,0.094656,157579,1.239677,379458,2.985202,2607905,20.516432,2019,expanse-04,12711299,,,False,,698793,23.267242,True,3003334,764526,33.837358,True,2259414
103968,6.901308,5558,0.368935,60315,4.003659,38451,2.552345,3140,0.208431,22832,1.515569,67674,4.492143,313228,20.791810,2019,killing-eve-201,1506497,,,False,,131666,28.850334,True,456376,115097,35.364190,True,325462
62831,4.102445,4671,0.304985,31386,2.049296,44941,2.934348,5055,0.330058,30502,1.991577,84780,5.535569,293226,19.145702,2019,killing-eve-208,1531550,,,False,,64692,13.861344,True,466708,33512,17.536001,True,191104
673603,8.076043,31760,0.380781,399910,4.794649,242765,2.910587,7577,0.090843,101410,1.215837,300974,3.608474,1865700,22.368476,2019,oa-02,8340756,,,False,,442682,31.181047,True,1419715,628042,38.948317,True,1612501
3906,3.179332,90,0.073256,3645,2.966888,6293,5.122257,87,0.070815,1145,0.931985,2287,1.861529,20902,17.013414,2019,she-ra-04,122856,,,False,,2006,22.881259,True,8767,5011,18.504431,True,27080
19398,4.245856,933,0.204216,8652,1.893759,13159,2.880257,3000,0.656643,14251,3.119275,38031,8.324268,83005,18.168228,2019,succession-210,456869,,,False,,28323,17.797984,True,159136,18185,21.082347,True,86257
50175,2.533889,5039,0.254475,11552,0.583388,14407,0.727568,3258,0.164532,28720,1.450389,74647,3.769750,261713,13.216774,2019,true-detective-301,1980158,,,False,,104961,12.495491,True,839991,,,False,
559370,6.499299,30329,0.352391,337014,3.915753,194476,2.259609,7302,0.084842,78957,0.917398,239150,2.778675,1628480,18.921247,2019,true-detective-308,8606621,,,False,,686104,27.490928,True,2495747,1031418,37.032231,True,2785190
159689,3.290716,22672,0.467203,31369,0.646422,44443,0.915838,26969,0.555751,210812,4.344209,456029,9.397403,1529316,31.514660,2019,umbrella-academy-01,4852713,,,False,,110522,10.143960,True,1089535,65178,10.393176,True,627123
59464,2.457376,5256,0.217207,25777,1.065246,56087,2.317820,4603,0.190221,38613,1.595699,100888,4.169241,358357,14.809260,2019,walking-dead-1008,2419817,,,False,,87204,12.649572,True,689383,40847,13.166513,True,310234
559246,6.475161,31923,0.369617,338225,3.916097,206397,2.389742,10051,0.116374,98637,1.142056,322083,3.729198,1758816,20.364235,2019,walking-dead-916,8636789,,,False,,141614,11.187204,True,1265857,1110978,37.749398,True,2943035
541894,8.171988,22757,0.343185,279433,4.213966,233414,3.519981,16380,0.247017,117122,1.766249,402217,6.065600,1739977,26.239580,2019,wu-assassins-01,6631116,,,False,,260111,23.136299,True,1124255,474525,36.763538,True,1290749
8332,6.685335,242,0.194173,2461,1.974629,1598,1.282185,230,0.184545,4530,3.634730,8306,6.664474,20223,16.226300,2019,yellowstone-210,124631,,,False,,35873,28.783369,True,124631,,,False,
76115,4.713896,4116,0.254909,44501,2.756002,28346,1.755503,2518,0.155943,22462,1.391099,61492,3.808276,242727,15.032384,2020,devs-108,1614694,,,False,,92375,23.734584,True,389200,59312,30.009360,True,197645
111906,3.747483,4758,0.159335,39340,1.317409,22962,0.768946,7834,0.262343,59608,1.996140,168418,5.639945,393638,13.182062,2020,expanse-501,2986164,,,False,,159878,15.876096,True,1007036,87704,23.081883,True,379969
96760,6.781951,5309,0.372110,54442,3.815864,30854,2.162571,4501,0.315477,41392,2.901184,96490,6.763027,325913,22.843387,2020,lego-star-wars-holiday-special-2020,1426728,,,False,,61072,22.579870,True,270471,149553,38.880180,True,384651
1479556,4.803754,104636,0.339727,590734,1.917968,597956,1.941416,140881,0.457406,620607,2.014958,1961658,6.369020,7525126,24.432230,2020,mulan,30799996,530343,28.214416,True,1879688,614580,14.187361,True,4331884,623364,21.206334,True,2939518
196477,4.467648,17014,0.386878,106095,2.412471,68141,1.549443,14406,0.327575,116695,2.653502,294144,6.688476,1015733,23.096531,2020,umbrella-academy-02,4397773,,,False,,82721,13.449979,True,615027,179618,28.230328,True,636259
400603,7.054381,21129,0.372069,137778,2.426189,112387,1.979068,12045,0.212105,76930,1.354692,246642,4.343219,1123313,19.780876,2020,westworld-301,5678783,,,False,,252811,17.198952,True,1469921,216397,25.560079,True,846621
333615,5.752998,23294,0.401692,110739,1.909630,77125,1.329976,9808,0.169133,73945,1.275139,230083,3.967649,954224,16.455043,2020,westworld-308,5798976,,,False,,164146,11.219746,True,1463010,117011,21.441857,True,545713
644124,5.463645,40820,0.346247,297758,2.525669,246061,2.087160,66350,0.562800,266286,2.258715,778210,6.601001,3277447,27.800249,2021,army-of-the-dead,11789272,331590,31.255332,True,1060907,210243,10.537952,True,1995103,263635,23.720470,True,1111424
78851,6.887777,1004,0.087701,19679,1.718996,38246,3.340857,3093,0.270179,15001,1.310364,44694,3.904102,215529,18.826848,2021,blade-runner-black-lotus-101,1144796,,,False,,36714,18.331794,True,200275,20211,18.312041,True,110370
1257109,3.404316,132748,0.359488,205887,0.557553,898227,2.432445,228144,0.617826,874838,2.369106,2719934,7.365722,8798037,23.825538,2021,dune-2021,36926918,113085,7.428508,True,1522311,359458,7.590139,True,4735855,192471,6.113919,True,3148079
304103,7.865306,13550,0.350457,172455,4.460368,95109,2.459895,3227,0.083463,38687,1.000599,116429,3.011314,803127,20.772039,2021,expanse-510,3866385,,,False,,162349,24.676138,True,657919,216775,35.976088,True,602553
115414,4.395528,2413,0.091899,34962,1.331524,91575,3.487623,7026,0.267584,27698,1.054875,88441,3.368265,390645,14.877668,2021,expanse-601,2625714,,,False,,82110,14.838254,True,553367,42919,14.464527,True,296719
114615,7.845485,4828,0.330480,60770,4.159753,33164,2.270101,1964,0.134437,16288,1.114926,46224,3.164068,298504,20.432828,2021,for-all-mankind-201,1460904,,,False,,60202,29.143632,True,206570,71055,36.749228,True,193351
185229,7.198352,7896,0.306854,105623,4.104711,64427,2.503756,2787,0.108308,24162,0.938981,67694,2.630718,505289,19.636494,2021,for-all-mankind-210,2573214,,,False,,67611,27.170253,True,248842,111187,36.825057,True,301933
169095,5.002831,13164,0.389469,93579,2.768621,54207,1.603764,24000,0.710062,74780,2.212435,247294,7.316421,711453,21.048993,2021,invincible-101,3379986,,,False,,41786,12.079078,True,345937,91631,24.441386,True,374901
210077,6.948284,9334,0.308721,127736,4.224861,80752,2.670868,8653,0.286197,47252,1.562857,147233,4.869723,616711,20.397680,2021,kung-fu-101,3023437,,,False,,20437,12.923768,True,158135,213276,39.349380,True,542006
175448,7.423841,8002,0.338594,106344,4.499800,71305,3.017173,2958,0.125164,29639,1.254134,94750,4.009216,490634,20.760503,2021,kung-fu-113,2363305,,,False,,93159,32.637553,True,285435,138947,37.174664,True,373768
1336396,7.599681,60783,0.345655,453650,2.579771,360616,2.050714,70333,0.399963,317483,1.805430,1032121,5.869361,4886223,27.786475,2021,loki-101,17584897,,,False,,451316,15.362971,True,2937687,722655,26.393719,True,2737981
1286312,6.524339,72903,0.369773,539396,2.735886,499424,2.533142,59696,0.302786,293333,1.487823,934243,4.738600,4937918,25.045752,2021,loki-106,19715591,32338,6.621944,True,488346,448859,13.822257,True,3247364,636703,27.951806,True,2277860
1741900,4.366023,149759,0.375367,279016,0.699346,971729,2.435611,284291,0.712567,1151080,2.885149,3713555,9.307919,10209924,25.590882,2021,matrix-resurrections,39896725,104640,7.594534,True,1377833,717143,7.949756,True,9020943,198740,6.090641,True,3263039
1598455,5.934580,119039,0.441956,156622,0.581490,640742,2.378881,181874,0.675243,798595,2.964942,2253824,8.367767,8306319,30.838851,2021,no-time-to-die,26934593,83596,7.640276,True,1094149,503838,7.566089,True,6659160,286701,11.834419,True,2422603
97676,2.834277,9378,0.272123,34380,0.997609,51865,1.504973,32017,0.929041,148722,4.315485,447838,12.994970,892069,25.885276,2021,prisoners-of-the-ghostland,3446241,,,False,,186381,18.027491,True,1033871,25313,8.387509,True,301794
1319574,4.199622,130933,0.416702,654696,2.083609,671274,2.136369,167786,0.533989,717248,2.282684,2209421,7.031613,8551968,27.217143,2021,raya-and-the-last-dragon,31421255,612133,27.327671,True,2239975,525932,14.877286,True,3535134,659729,21.575445,True,3057777
163625,6.398110,7536,0.294675,98305,3.843949,73097,2.858259,3409,0.133300,28491,1.114063,85206,3.331748,490273,19.170789,2021,reservation-dogs-101,2557396,,,False,,101979,32.840200,True,310531,184566,36.835036,True,501061
708207,6.095141,37719,0.324626,367622,3.163917,239585,2.061974,35541,0.305881,201819,1.736943,619675,5.333196,2439964,20.999404,2021,shadow-and-bone-01,11619206,280097,32.974274,True,849441,292956,18.135356,True,1615386,369754,29.091719,True,1270994
1987758,5.083736,141798,0.362652,255419,0.653240,861391,2.203027,322168,0.823952,1248245,3.192415,3362116,8.598688,12965382,33.159261,2021,shang-chi-and-the-legend-of-the-ten-rings,39100335,95207,7.018137,True,1356585,559917,7.279272,True,7691937,198450,7.024831,True,2824979
275426,7.048885,12773,0.326895,156946,4.016666,92672,2.371723,10291,0.263374,51279,1.312366,183625,4.699453,754851,19.318647,2021,snowpiercer-209,3907370,,,False,,43726,11.034674,True,396260,303549,37.581434,True,807710
48419,3.319328,5101,0.349695,23865,1.636047,35055,2.403169,11819,0.810243,25071,1.718723,101559,6.962300,209688,14.375001,2021,succession-301,1458699,,,False,,25344,12.477292,True,203121,17048,12.836286,True,132811
450407,3.119643,46591,0.322702,87963,0.609256,307054,2.126741,58620,0.406018,215640,1.493582,924392,6.402594,2756573,19.092785,2021,witcher-02,14437773,47195,7.851374,True,601105,193005,5.661618,True,3409008,90696,6.664888,True,1360803
255411,3.577813,8079,0.113171,69688,0.976194,205474,2.878293,16331,0.228766,92306,1.293028,260755,3.652672,1026707,14.382176,2022,book-of-boba-fett-107,7138746,,,False,,175179,9.990795,True,1753404,72020,9.834861,True,732293
117971,2.475174,11597,0.243319,57329,1.202832,214206,4.494300,42122,0.883770,139314,2.922976,491761,10.317739,882050,18.506474,2022,bridgerton-02,4766170,24300,9.639759,True,252081,62152,8.226594,True,755501,33240,8.405146,True,395472
1046728,3.714752,116290,0.412704,162498,0.576692,836261,2.967822,225849,0.801520,871434,3.092648,2659451,9.438173,8732331,30.990325,2022,eternals,28177604,85790,6.945434,True,1235200,458667,6.065213,True,7562257,167521,6.228241,True,2689700
541471,4.102475,59008,0.447076,76860,0.582333,205971,1.560547,102197,0.774299,339617,2.573121,986376,7.473315,3251333,24.633847,2022,everything-everywhere-all-at-once,13198641,84663,10.036810,True,843525,160876,9.127799,True,1762484,134250,9.196553,True,1459786
84037,4.182845,1838,0.091484,24713,1.230061,69314,3.450025,3969,0.197552,18908,0.941124,58050,2.889372,287315,14.300774,2022,expanse-606,2009087,,,False,,59084,11.812878,True,500166,26928,11.667194,True,230801
87449,2.227816,8458,0.215473,25910,0.660073,79087,2.014789,63265,1.611714,258250,6.579075,824255,20.998394,1033700,26.334132,2022,fistful-of-vengeance,3925324,,,False,,65480,6.370232,True,1027906,21628,5.101930,True,423918
53318,5.299384,960,0.095416,13369,1.328772,50113,4.980832,714,0.070966,6967,0.692464,23780,2.363542,169001,16.797351,2022,for-all-mankind-301,1006117,,,False,,24932,16.068471,True,155161,17427,14.775782,True,117943
260127,2.714252,64055,0.668371,41376,0.431731,143157,1.493748,72611,0.757647,363744,3.795427,957446,9.990312,1962445,20.476807,2022,glass-onion,9583745,,,False,,146974,7.791143,True,1886424,56757,5.839906,True,971882
300170,2.752353,49886,0.457420,92401,0.847254,406935,3.731315,106304,0.974735,445072,4.081005,1409631,12.925351,3295341,30.216020,2022,gray-man,10905940,42831,7.672396,True,558248,142264,6.615469,True,2150475,67660,6.290846,True,1075531
964762,5.243030,74652,0.405699,148991,0.809696,603546,3.279990,174302,0.947250,499930,2.716886,1842668,10.014039,4375027,23.776226,2022,house-of-the-dragon-101,18400847,58636,10.285899,True,570062,207533,7.111340,True,2918339,105541,7.938631,True,1329461
634791,5.034691,44719,0.354678,90184,0.715272,353605,2.804532,109528,0.868695,363386,2.882108,1257719,9.975293,2791198,22.137709,2022,house-of-the-dragon-103,12608342,45949,9.892483,True,464484,263125,6.844284,True,3844449,76613,7.353970,True,1041791
445615,3.137765,55719,0.392341,98376,0.692707,380846,2.681699,145411,1.023901,359748,2.533139,1090177,7.676399,2581540,18.177720,2022,house-of-the-dragon-110,14201671,14477,10.339902,True,140011,233197,7.141715,True,3265280,78454,8.150388,True,962580
87158,4.107896,2764,0.130272,27199,1.281932,99590,4.693836,9299,0.438277,45598,2.149106,128942,6.077242,329559,15.532641,2022,old-man-107,2121719,,,False,,47312,12.974100,True,364665,29729,11.907747,True,249661
52325,9.708315,512,0.094996,10717,1.988419,46126,8.558160,4386,0.813773,9119,1.691928,24972,4.633273,143195,26.568220,2022,pantheon-108,538971,,,False,,6564,15.410259,True,42595,7760,13.193016,True,58819
43856,4.446783,957,0.097035,19159,1.942629,78630,7.972696,773,0.078378,4781,0.484770,14083,1.427947,186676,18.928031,2022,reservation-dogs-201,986241,,,False,,19495,19.927833,True,97828,13903,14.088546,True,98683
2210940,5.492564,185443,0.460690,259000,0.643425,1128734,2.804076,264461,0.656992,1111042,2.760124,3290738,8.175070,12595764,31.291234,2022,spider-man-no-way-home,40253331,115249,7.560827,True,1524291,525990,6.936717,True,7582694,218015,7.327201,True,2975420
1026,1.684591,90,0.147771,364,0.597652,697,1.144405,74,0.121501,1265,2.077005,2165,3.554716,5750,9.440933,2022,station-eleven-110,60905,,,False,,11087,18.203760,True,60905,,,False,
217686,5.384525,7024,0.173741,63968,1.582267,176960,4.377156,15245,0.377089,57730,1.427968,244881,6.057201,759833,18.794684,2022,tokyo-vice-01,4042808,35280,14.879672,True,237102,48092,12.523730,True,384007,39778,10.615619,True,374712
473253,3.571052,62143,0.468916,68224,0.514802,228165,1.721677,142945,1.078628,770506,5.814051,1781318,13.441392,4114876,31.049852,2022,turning-red,13252482,41473,6.292779,True,659057,199609,8.539134,True,2337579,84355,5.579459,True,1511885
111091,3.671291,7484,0.247328,26417,0.873019,112874,3.730215,6401,0.211538,43721,1.444874,131425,4.343281,434635,14.363645,2022,walking-dead-1124,3025938,,,False,,78778,10.327762,True,762779,33959,10.903726,True,311444
298578,12.708340,4488,0.191022,21932,0.933489,70205,2.988127,7863,0.334672,33313,1.417897,105885,4.506771,549661,23.395156,2022,westworld-401,2349465,,,False,,66572,10.995349,True,605456,30748,12.296200,True,250061
220207,7.512561,5732,0.195552,34443,1.175054,128967,4.399826,7137,0.243485,35762,1.220053,104155,3.553342,556547,18.987106,2022,westworld-408,2931184,,,False,,74957,10.486122,True,714821,34242,10.874757,True,314876
11721,5.187569,155,0.068601,891,0.394346,1652,0.731155,413,0.182789,11362,5.028680,16419,7.266845,24227,10.722568,2022,yellowstone-505,225944,,,False,,55304,24.476862,True,225944,,,False,
794735,3.268759,49456,0.203413,232103,0.954644,1349842,5.551924,68230,0.280631,194624,0.800492,714188,2.937468,3243081,13.338850,2023,ahsoka-101,24313048,89141,8.548154,True,1042810,278656,13.203392,True,2110488,133560,12.305277,True,1085388
909793,3.497260,48317,0.185731,287498,1.105147,1790962,6.884489,33237,0.127764,102797,0.395153,428355,1.646604,3719476,14.297731,2023,ahsoka-108,26014450,67767,6.229077,True,1087914,180772,11.388274,True,1587352,86505,7.936195,True,1090006
133210,5.137297,4801,0.185152,24489,0.944428,101382,3.909837,10319,0.397956,35182,1.356808,125957,4.857582,408393,15.749839,2023,american-born-chinese-01,2592998,32358,20.482858,True,157976,50665,18.026208,True,281063,38756,18.762133,True,206565
74215,2.655558,4708,0.168461,27647,0.989264,130285,4.661852,2366,0.084660,27918,0.998961,68541,2.452531,323251,11.566552,2023,and-just-like-that-201,2794705,25748,9.652086,True,266761,30832,14.593303,True,211275,25949,15.463506,True,167808
47518,3.031420,2242,0.143029,17669,1.127197,100819,6.431768,892,0.056905,9732,0.620855,25341,1.616634,211975,13.522988,2023,and-just-like-that-211,1567516,,,False,,18598,11.491455,True,161842,16179,10.690851,True,151335
243482,3.295892,15603,0.211210,69458,0.940218,438637,5.937606,8564,0.115927,53096,0.718734,182015,2.463844,927875,12.560171,2023,beacon-23-101,7387439,40644,7.151101,True,568360,62677,11.232397,True,558002,54400,9.025480,True,602738
332150,4.024468,15945,0.193196,100625,1.219214,646202,7.829653,3894,0.047181,24867,0.301299,100670,1.219760,1267277,15.354857,2023,beacon-23-108,8253265,42629,6.549219,True,650902,32209,12.055846,True,267165,36103,6.811771,True,530009
327882,6.847084,14367,0.300023,39140,0.817352,232104,4.846974,33384,0.697150,60688,1.267333,259423,5.417471,893231,18.653137,2023,blue-eye-samurai-01,4788637,,,False,,29959,10.648795,True,281337,50683,9.095102,True,557256
177489,4.981252,9536,0.267629,25360,0.711732,117473,3.296895,45384,1.273708,170574,4.787182,511638,14.359189,716031,20.095506,2023,citadel-101,3563140,,,False,,86297,9.566765,True,902050,53148,12.125775,True,438306
118389,3.530447,8062,0.240415,26114,0.778739,119378,3.559940,24599,0.733560,104206,3.107500,315575,9.410680,559240,16.676950,2023,citadel-106,3353371,,,False,,56060,9.345701,True,599848,47964,13.915516,True,344680
400660,3.622749,24943,0.225533,102825,0.929739,635110,5.742636,16935,0.153125,51157,0.462559,207512,1.876314,1467103,13.265478,2023,fargo-501,11059556,71368,7.309636,True,976355,102378,12.185101,True,840190,65669,8.771210,True,748688
590833,3.819940,29742,0.192292,187096,1.209640,1130980,7.312177,5564,0.035973,34768,0.224787,159806,1.033201,2284147,14.767800,2023,for-all-mankind-401,15467077,49438,8.070970,True,612541,31246,13.170962,True,237234,64683,10.432792,True,619997
1254300,4.505932,70489,0.253224,295914,1.063038,1806873,6.490988,149534,0.537184,327779,1.177509,1135576,4.079429,4701971,16.891302,2023,gen-v-101,27836641,78712,7.404968,True,1062962,178953,9.941734,True,1800018,112910,7.992587,True,1412684
845058,3.723098,56760,0.250069,249318,1.098428,1508181,6.644639,93331,0.411191,175646,0.773849,706441,3.112388,3506527,15.448812,2023,gen-v-108,22697713,44452,5.796519,True,766874,84997,7.139437,True,1190528,65077,7.255543,True,896928
1450372,3.035653,182082,0.381101,311995,0.653011,1788485,3.743330,207289,0.433859,880046,1.841951,2520773,5.276021,9592653,20.077586,2023,guardians-of-the-galaxy-3,47777920,131879,8.659768,True,1522893,476558,8.501257,True,5605736,201733,7.497676,True,2690607
145018,2.537830,20805,0.364090,41619,0.728337,231942,4.059009,65276,1.142337,99996,1.749940,404292,7.075152,858941,15.031556,2023,invincible-201,5714252,,,False,,55071,9.958878,True,552984,54374,8.127629,True,669002
1064248,4.187445,66088,0.260033,270518,1.064394,1667678,6.561731,68120,0.268028,158945,0.625393,686896,2.702696,4644946,18.276242,2023,loki-201,25415214,65706,6.527415,True,1006616,159716,10.117938,True,1578543,104489,8.012757,True,1304033
1126546,4.006432,81992,0.291595,313864,1.116221,1876986,6.675285,75590,0.268827,162402,0.577564,711960,2.532004,5124386,18.224291,2023,loki-206,28118438,76519,6.639802,True,1152429,159767,8.608215,True,1855983,81971,6.887781,True,1190093
1109476,4.576969,50002,0.206275,267954,1.105402,1559602,6.433893,57170,0.235846,191638,0.790573,722735,2.981530,4273826,17.630999,2023,monarch-legacy-of-monsters-101,24240408,69416,7.735390,True,897382,161677,11.562108,True,1398335,104648,9.311828,True,1123818
217015,3.167508,17692,0.258229,65074,0.949807,403134,5.884065,14214,0.207465,56612,0.826298,205315,2.996738,909178,13.270184,2023,murder-at-the-end-of-the-world-101,6851284,34157,7.482464,True,456494,63701,12.620132,True,504757,46554,9.047974,True,514524
242395,4.003703,13214,0.218259,72345,1.194942,457701,7.559970,4153,0.068596,20957,0.346152,91831,1.516797,933780,15.423494,2023,murder-at-the-end-of-the-world-107,6054270,27982,6.555311,True,426860,23923,10.303111,True,232192,27545,7.108332,True,387503
1165998,3.763632,68483,0.221051,369810,1.193680,2126896,6.865237,120437,0.388749,404049,1.304197,1461832,4.718531,5310594,17.141641,2023,reacher-201,30980662,99503,7.021881,True,1417042,240150,10.358370,True,2318415,115607,7.344473,True,1574068
77281,3.059455,4009,0.158711,30015,1.188255,169121,6.695281,765,0.030285,7550,0.298895,26558,1.051397,338717,13.409367,2023,reservation-dogs-301,2525973,21751,7.120573,True,305467,35184,27.356701,True,128612,26175,23.797185,True,109992
99289,3.302153,4560,0.151656,35893,1.193729,228708,7.606369,1983,0.065951,5405,0.179759,26128,0.868965,429434,14.282113,2023,reservation-dogs-310,3006796,,,False,,28635,15.941456,True,179626,27691,8.219353,True,336900
1111534,2.981623,228090,0.611838,283849,0.761408,1609475,4.317320,272370,0.730616,629434,1.688419,2288213,6.137994,7581272,20.336307,2023,spider-man-across-the-spider-verse,37279493,126679,6.392280,True,1981750,299618,10.515425,True,2849319,169572,10.664698,True,1590031
246943,3.286658,15100,0.200972,71190,0.947495,377050,5.018301,26082,0.347135,120649,1.605763,373348,4.969030,1050547,13.982127,2023,twisted-metal-01,7513499,67401,8.349448,True,807251,133169,18.487760,True,720309,68638,14.712641,True,466524
69267,3.362324,4411,0.214117,19738,0.958112,106109,5.150690,14041,0.681571,43582,2.115536,175434,8.515829,285657,13.866219,2023,warrior-310,2060093,,,False,,23154,10.418795,True,222233,19316,10.101612,True,191217
907544,3.309793,66306,0.241817,251047,0.915563,1439828,5.251022,75839,0.276583,295851,1.078962,1419254,5.175989,4078957,14.875868,2023,witcher-03.1,27419959,95404,10.571748,True,902443,211482,8.685114,True,2434994,121605,10.315396,True,1178869
616833,2.732117,61491,0.272360,199066,0.881716,1178620,5.220420,58881,0.260800,197094,0.872982,925390,4.098798,3105286,13.754135,2023,witcher-03.2,22577109,88355,7.470031,True,1182793,133562,9.599557,True,1391335,80581,11.446815,True,703960
37616,2.323398,6929,0.427978,10343,0.638848,45634,2.818640,19893,1.228715,51172,3.160701,256531,15.844949,219806,13.576585,2023,you-04.2,1619008,,,False,,33940,9.827398,True,345361,18644,11.188996,True,166628
2509157,5.470529,83884,0.182886,674622,1.470828,4098658,8.935999,42081,0.091746,186939,0.407569,758193,1.653032,9313811,20.306210,2024,3-body-problem-01,45866811,137962,7.777664,True,1773823,195619,8.466226,True,2310581,152794,7.628360,True,2002973
1830865,4.343663,112776,0.267557,433595,1.028689,2920622,6.929074,38878,0.092237,126948,0.301180,825669,1.958871,6656443,15.792178,2024,arcane-02.1,42150252,112415,5.493163,True,2046453,244996,8.833819,True,2773387,103090,7.595612,True,1357231
1911733,4.325681,101795,0.230332,467464,1.057732,3259348,7.374932,28774,0.065107,96021,0.217267,674000,1.525061,6934748,15.691265,2024,arcane-02.2,44194957,117443,5.594333,True,2099321,174338,8.803553,True,1980314,102949,7.081996,True,1453672
2656985,4.494229,136226,0.230423,651995,1.102834,4555295,7.705176,41057,0.069447,138534,0.234327,892824,1.510191,9666564,16.350769,2024,arcane-02.3,59119935,142954,4.973178,True,2874500,202069,7.429488,True,2719824,166455,6.126167,True,2717115
2222604,4.576129,84806,0.174607,716081,1.474342,4353136,8.962690,83682,0.172293,226056,0.465428,1093533,2.251480,9676056,19.922072,2024,avatar-the-last-airbender-2024-01,48569526,178572,7.687569,True,2322867,156426,6.821658,True,2293079,150425,6.512291,True,2309863
466200,4.311742,21586,0.199642,135232,1.250720,860134,7.955118,21551,0.199319,60886,0.563116,285075,2.636572,1816255,16.797990,2024,brothers-sun-01,10812335,40172,5.539445,True,725199,49752,9.100421,True,546700,41968,6.214995,True,675270
279987,4.496592,11399,0.183068,75403,1.210972,481789,7.737533,8496,0.136446,22083,0.354653,91537,1.470084,1025286,16.466096,2024,fargo-510,6226649,,,False,,60144,9.815983,True,612715,44539,7.429680,True,599474
310169,4.203267,13679,0.185371,94789,1.284537,586626,7.949685,4571,0.061944,13624,0.184626,71359,0.967024,1175290,15.926988,2024,for-all-mankind-410,7379236,40347,7.375229,True,547061,42408,11.953829,True,354765,33510,7.263608,True,461341
2886896,4.533538,116930,0.183625,828603,1.301226,5265109,8.268249,140497,0.220634,559502,0.878634,1938746,3.044578,15110546,23.729376,2024,godzilla-x-kong-the-new-empire,63678648,175931,6.083118,True,2892119,333801,7.129127,True,4682214,224486,6.635339,True,3383188
233767,5.618019,5599,0.134558,64669,1.554161,441014,10.598694,5732,0.137755,12927,0.310669,66260,1.592397,884400,21.254394,2024,hit-monkey-02,4161022,21391,6.519063,True,328130,23092,11.928056,True,193594,23319,7.106700,True,328127
1549395,4.210221,83051,0.225677,458290,1.245326,2838594,7.713403,115104,0.312776,211720,0.575314,1272535,3.457900,7234218,19.657773,2024,house-of-the-dragon-201,36800801,105946,7.434165,True,1425123,274397,8.932947,True,3071741,145568,7.414402,True,1963314
2132861,3.828103,117227,0.210401,610984,1.096607,3963023,7.112915,144123,0.258675,262513,0.471164,1629808,2.925213,9761589,17.520301,2024,house-of-the-dragon-207,55715874,135084,6.885647,True,1961820,211027,7.544867,True,2796961,205038,7.346041,True,2791136
2365502,4.410431,93013,0.173421,592847,1.105351,4257081,7.937241,8355,0.015578,83917,0.156462,489666,0.912972,8402181,15.665696,2024,interior-chinatown-01,53634265,130327,5.076197,True,2567414,113989,9.839174,True,1158522,113395,7.163764,True,1582897
668644,4.084735,29525,0.180368,176456,1.077967,1285591,7.853653,2164,0.013220,28450,0.173801,158822,0.970241,2470264,15.090800,2024,laid-01,16369338,80935,6.483233,True,1248374,42065,9.527703,True,441502,63676,5.410200,True,1176962
1275209,5.628143,35802,0.158012,333295,1.471000,1870429,8.255150,17485,0.077170,94025,0.414980,366381,1.617025,4295311,18.957382,2024,masters-of-the-air-101,22657723,75065,7.336671,True,1023148,135047,11.830081,True,1141556,83526,8.472511,True,985847
1086414,5.205109,31369,0.150292,306911,1.470439,1807520,8.659994,10505,0.050330,66112,0.316749,259854,1.244984,3880045,18.589652,2024,masters-of-the-air-108,20872069,98504,7.558840,True,1303163,78608,9.993173,True,786617,83977,6.908560,True,1215550
756812,4.577763,29692,0.179599,230443,1.393891,1399987,8.468165,13150,0.079541,61198,0.370171,257243,1.555998,3038524,18.379259,2024,monarch-legacy-of-monsters-110,16532353,44079,7.141654,True,617210,87549,10.694000,True,818674,44833,6.800060,True,659303
791697,4.360524,32421,0.178569,252309,1.389672,1518226,8.362114,40982,0.225721,121985,0.671871,498280,2.744436,3225370,17.764753,2024,mr-and-mrs-smith-2024-01,18156008,96051,7.310312,True,1313911,106609,11.578747,True,920730,97067,6.963344,True,1393971
362892,4.427221,10894,0.132905,94454,1.152323,630956,7.697556,6351,0.077481,46892,0.572074,181009,2.208279,1336000,16.298974,2024,old-man-201,8196835,54651,5.694242,True,959759,88664,11.969183,True,740769,55472,8.334986,True,665532
522219,3.956204,30529,0.231280,154396,1.169666,941074,7.129347,37803,0.286386,123517,0.935735,493644,3.739727,2211170,16.751285,2024,reacher-208,13200002,69220,6.666840,True,1038273,101305,8.310834,True,1218951,49183,6.373736,True,771651
1166116,4.588887,55528,0.218513,341611,1.344304,1893015,7.449372,113122,0.445156,184749,0.727022,927279,3.649018,4709412,18.532426,2024,shogun-2024-101,25411740,137053,8.233365,True,1664605,212843,9.665421,True,2202108,142922,7.519041,True,1900801
903425,4.508569,42920,0.214194,274602,1.370409,1579411,7.882096,78995,0.394227,152569,0.761400,716646,3.576443,4092160,20.422043,2024,shogun-2024-110,20037956,112502,7.872332,True,1429081,172132,8.353396,True,2060623,137242,7.898261,True,1737623
1866938,4.036157,87094,0.188290,466654,1.008865,3253830,7.034496,41308,0.089304,169006,0.365376,956241,2.067309,6847068,14.802762,2024,silo-201,46255341,130729,5.818453,True,2246800,121490,9.348160,True,1299614,136448,8.070637,True,1690672
525954,5.404565,13052,0.134119,145912,1.499353,985856,10.130397,7395,0.075989,34029,0.349673,172640,1.774003,1999500,20.546336,2024,snowpiercer-401,9731662,48377,6.584377,True,734724,33949,8.524181,True,398267,57238,7.093621,True,806894
720273,5.097908,19577,0.138561,223756,1.583688,1423218,10.073173,6239,0.044158,43465,0.307634,184413,1.305228,2844151,20.130174,2024,sugar-107,14128795,73318,6.625065,True,1106676,39903,8.109426,True,492057,85110,7.935790,True,1072483
640009,4.834471,21987,0.166084,201444,1.521659,1178994,8.905831,8684,0.065597,32535,0.245761,177254,1.338933,2427294,18.335183,2024,tokyo-vice-201,13238450,84457,7.368268,True,1146226,34598,8.960241,True,386128,70502,6.670230,True,1056965
625584,4.814641,18652,0.143550,209208,1.610114,1211344,9.322787,7675,0.059069,30650,0.235890,151255,1.164094,2460575,18.937161,2024,tokyo-vice-209,12993368,78400,7.909094,True,991264,24648,8.228535,True,299543,76154,7.738528,True,984089
4201533,7.638656,79290,0.144154,787473,1.431676,6592266,11.985162,18639,0.033887,201943,0.367145,852679,1.550225,13220716,24.036108,2025,ballard-01,55003564,146995,5.927509,True,2479878,149040,8.466099,True,1760433,158418,6.993697,True,2265154
3077201,7.260798,65322,0.154130,576307,1.359823,4855027,11.455661,39320,0.092777,186925,0.441058,1086239,2.563031,9900119,23.359789,2025,chief-of-war-101,42381029,109573,6.003980,True,1825006,99435,11.101981,True,895651,234148,12.876729,True,1818381
2166432,7.512947,49168,0.170509,379569,1.316303,3292228,11.417084,28029,0.097201,111405,0.386340,656084,2.275227,6738890,23.369728,2025,chief-of-war-107,28835980,193943,6.335296,True,3061309,46238,11.332954,True,407996,171151,7.310462,True,2341179
4348788,7.355572,105262,0.178041,815882,1.379989,6935295,11.730408,45027,0.076159,172824,0.292316,904877,1.530516,14274492,24.143980,2025,gen-v-201,59122366,164572,6.464314,True,2545854,223064,9.498310,True,2348460,161069,6.504469,True,2476282
3833494,7.925710,82404,0.170369,700031,1.447307,6035660,12.478666,30961,0.064012,130109,0.268999,634578,1.311984,12263227,25.354098,2025,gen-v-206,48367830,144862,5.792633,True,2500797,51859,8.763563,True,591757,128282,6.728877,True,1906440
725878,4.239658,37661,0.219968,179213,1.046735,1272380,7.431629,45714,0.267003,103910,0.606910,471298,2.752725,2898683,16.930426,2025,invincible-301,17121146,75765,7.317971,True,1035328,164498,10.434201,True,1576527,114216,7.927323,True,1440789
3587182,5.496829,136279,0.208828,761058,1.166210,5708841,8.747960,117431,0.179946,571704,0.876052,1970568,3.019606,13824936,21.184684,2025,moana-2,65259110,167464,5.623815,True,2977765,224163,8.143283,True,2752735,163238,5.688082,True,2869825
2524860,5.462244,77722,0.168143,553732,1.197935,4103504,8.877458,35909,0.077685,258284,0.558768,1207865,2.613077,8504902,18.399376,2025,night-agent-02,46223862,102628,5.862956,True,1750448,194071,8.523475,True,2276900,113484,5.926293,True,1914924
2822595,6.103297,71214,0.153986,594655,1.285822,4490630,9.710088,27423,0.059297,228049,0.493110,960389,2.076649,9462529,20.460825,2025,reacher-301,46247056,3910,4.481992,True,87238,175160,8.999654,True,1946297,149621,6.054192,True,2471362
1307562,6.223075,33894,0.161312,257185,1.224020,1952160,9.290909,18356,0.087362,124837,0.594136,499101,2.375370,4358981,20.745684,2025,reacher-307,21011508,106736,6.575033,True,1623353,65217,9.723069,True,670745,114178,6.797831,True,1679624
1684971,7.489101,39285,0.174608,321238,1.427789,2686055,11.938566,3204,0.014241,50973,0.226557,239101,1.062719,5427407,24.122907,2025,summer-i-turned-pretty-311,22498976,54996,6.226606,True,883242,47412,7.597091,True,624081,56884,6.079565,True,935659
5264664,8.894077,98744,0.166817,822178,1.388980,7530639,12.722195,36854,0.062261,204382,0.345281,837974,1.415666,16014786,27.055239,2025,tron-ares,59192920,188650,6.292711,True,2997913,114662,9.101235,True,1259851,186652,6.809925,True,2740882
2517540,4.773277,101704,0.192832,581905,1.103297,4224821,8.010297,77788,0.147487,472456,0.895781,1357239,2.573337,9984315,18.930346,2025,wicked-2024,52742379,132613,6.376168,True,2079823,254319,11.054267,True,2300641,200696,7.182006,True,2794428
1709070,8.520546,31011,0.154605,280095,1.396410,2578380,12.854479,16343,0.081478,89136,0.444386,332664,1.658492,5517538,27.507613,2025,wicked-for-good-2025,20058222,106425,6.888844,True,1544889,129482,12.311171,True,1051744,123850,7.637947,True,1621509
4426466,7.831107,100849,0.178418,809949,1.432926,6917978,12.238980,30077,0.053211,179372,0.317337,890766,1.575904,14159240,25.049899,2025,witcher-04,56524140,212339,7.217397,True,2942044,207737,12.208283,True,1701607,195084,7.096813,True,2748896
2270302,10.147952,42970,0.192070,280820,1.255229,2752851,12.304883,25955,0.116015,100350,0.448551,538043,2.404982,6484083,28.983001,2026,avatar-the-last-airbender-2024-02,22372021,,,False,,237767,8.243551,True,2884279,183028,6.813320,True,2686326
2092466,8.788314,46677,0.196042,334116,1.403280,3446081,14.473468,9880,0.041496,61378,0.257786,334791,1.406115,6617704,27.794219,2026,beef-02,23809642,110614,6.252491,True,1769119,129490,9.297019,True,1392812,134949,6.575638,True,2052257
2156758,8.427457,44163,0.172565,317900,1.242183,3128610,12.224935,55851,0.218236,221410,0.865152,925508,3.616391,7444709,29.089943,2026,bluff,25592037,90570,5.451915,True,1661251,86696,4.893382,True,1771699,133893,5.885218,True,2275073
3992264,8.342650,89544,0.187120,657253,1.373464,6373253,13.318213,21897,0.045758,147359,0.307937,783716,1.637735,12552772,26.231579,2026,bridgerton-04.1,47853665,126974,6.301033,True,2015130,172259,8.060533,True,2137067,153760,6.945596,True,2213777
4750539,8.363531,110881,0.195211,799369,1.407324,7606321,13.391260,17694,0.031151,155031,0.272939,861670,1.517008,14986313,26.384058,2026,bridgerton-04.2,56800638,139646,6.130326,True,2277954,198505,7.807937,True,2542349,204971,6.974884,True,2938701
45597,9.098637,1171,0.233667,4549,0.907729,35699,7.123544,169,0.033723,2391,0.477111,11766,2.347842,100379,20.030091,2026,brothers-01,501141,,,False,,33570,9.275300,True,361929,,,False,
187657,7.716344,5172,0.212670,19048,0.783242,115028,4.729883,4030,0.165711,22296,0.916798,83342,3.426973,472103,19.412593,2026,coyote-vs-acme,2431942,,,False,,67366,13.037815,True,516697,15990,12.009644,True,133143
208288,14.922824,3274,0.234566,12279,0.879731,95189,6.819830,1035,0.074153,3807,0.272753,24387,1.747210,351638,25.193155,2026,dang-01,1395768,,,False,,36494,7.243129,True,503843,,,False,
1805198,8.976100,38089,0.189392,273007,1.357490,2730540,13.577236,2691,0.013381,38516,0.191516,239859,1.192666,5386664,26.784449,2026,for-all-mankind-501,20111162,76646,7.046761,True,1087677,75717,9.707046,True,780021,81656,7.266488,True,1123734
2619825,10.526058,47192,0.189610,314665,1.264276,3247439,13.047716,37254,0.149681,155873,0.626274,742003,2.981255,7562815,30.386241,2026,goat-2026,24888946,130330,6.247322,True,2086174,111611,7.896096,True,1413496,99518,6.279475,True,1584814
3937676,8.198844,94304,0.196355,682599,1.421276,6329768,13.179545,37862,0.078834,194110,0.404167,1008770,2.100413,12587362,26.208813,2026,his-and-hers-2026-01,48027211,112648,5.127780,True,2196818,134385,6.854975,True,1960401,165432,6.528114,True,2534147
3568811,10.020351,78224,0.219634,400765,1.125250,3692452,10.367505,103989,0.291976,215146,0.604078,1324565,3.719056,9689762,27.206490,2026,house-of-the-dragon-301,35615627,,,False,,243372,7.446700,True,3268186,311436,7.113117,True,4378334
664375,11.864837,11710,0.209125,62529,1.116683,421974,7.535884,20131,0.359512,42683,0.762261,260677,4.655338,1454927,25.983025,2026,house-of-the-dragon-308,5599529,,,False,,111948,6.928281,True,1615812,57589,8.742800,True,658702
1829949,8.514140,50130,0.233238,275741,1.282931,2646578,12.313642,58083,0.270241,116744,0.543171,621566,2.891939,5728917,26.654733,2026,invincible-401,21493057,119918,7.400742,True,1620351,239864,10.756880,True,2229866,144026,7.512090,True,1917256
3887,7.885821,112,0.227222,430,0.872370,3885,7.881763,225,0.456473,434,0.880485,2003,4.063622,11574,23.480960,2026,legend-of-aang-the-last-airbender,49291,,,False,,7591,15.400377,True,49291,,,False,
118622,9.459354,3194,0.254701,13367,1.065934,95657,7.628040,661,0.052711,5160,0.411477,28575,2.278675,265611,21.180796,2026,lego-star-wars-the-mandalorian-2026,1254018,,,False,,22754,9.955286,True,228562,4346,7.606147,True,57138
5375061,8.886760,112565,0.186107,851984,1.408612,7938081,13.124283,23571,0.038971,173100,0.286192,978958,1.618543,16331850,27.001971,2026,monarch-legacy-of-monsters-201,60483919,137163,5.906803,True,2322119,104050,10.389976,True,1001446,235668,7.211121,True,3268119
4761905,9.122860,100646,0.192818,727748,1.394220,7003596,13.417493,16236,0.031105,134194,0.257089,775971,1.486606,14243368,27.287452,2026,monarch-legacy-of-monsters-208,52197500,205339,6.371943,True,3222549,83501,8.041104,True,1038427,253690,7.037235,True,3604967
5946422,8.465925,137972,0.196431,977512,1.391684,9356540,13.320912,38075,0.054207,223301,0.317914,1384774,1.971504,18510831,26.353882,2026,night-agent-03,70239484,221799,6.565267,True,3378370,347624,9.110357,True,3815701,,,False,
6470516,9.151546,139144,0.196798,983296,1.390720,9137872,12.924109,25620,0.036236,197508,0.279345,1179381,1.668052,19493359,27.570346,2026,one-piece-2023-02,70704078,238162,6.470638,True,3680657,268332,7.715967,True,3477620,237090,6.453216,True,3673982
5572000,8.549709,119445,0.183277,910143,1.396529,8567722,13.146361,21133,0.032427,174191,0.267280,832752,1.277779,17088264,26.220330,2026,pitt-201,65171812,180580,5.977746,True,3020871,102490,9.050393,True,1132437,263579,7.640071,True,3449955
4935423,8.750419,110131,0.195260,764064,1.354672,7267506,12.885161,15359,0.027231,156206,0.276951,777535,1.378556,14699203,26.061431,2026,pitt-213,56402134,226995,7.044857,True,3222138,133654,11.055955,True,1208887,234496,7.465203,True,3141187
302348,9.522928,6067,0.191090,35929,1.131641,256684,8.084668,2673,0.084190,15087,0.475189,184129,5.799434,702124,22.114504,2026,reacher-401,3174948,,,False,,46753,10.346629,True,451867,61515,7.840571,True,784573
1273073,8.919222,28521,0.199820,154371,1.081532,1521701,10.661125,22493,0.157587,69170,0.484609,409590,2.869611,3458761,24.232278,2026,silo-301,14273363,,,False,,141653,9.217748,True,1536742,165783,7.561696,True,2192405
8252374,9.657886,187525,0.219464,1137062,1.330722,10966731,12.834541,64494,0.075478,285218,0.333795,1639373,1.918585,24078872,28.179890,2026,spider-noir-01,85447004,570135,10.333314,True,5517446,598990,8.495103,True,7051003,547947,6.868796,True,7977337
1456895,9.617310,27842,0.183792,210923,1.392353,2017847,13.320288,4075,0.026900,38398,0.253474,208280,1.374906,4135599,27.300073,2026,sugar-201,15148674,,,False,,52899,7.502425,True,705092,104125,6.432373,True,1618765
768568,15.298840,11078,0.220515,52816,1.051336,354512,7.056789,11983,0.238529,52215,1.039373,193095,3.843680,1583029,31.511211,2026,toy-story-5,5023701,,,False,,182209,10.310680,True,1767187,,,False,
